교차로코드,교차로명칭,지번,X좌표,Y좌표
1302,삼성산성지,321-12 천,193773.5897,539911.4272
1304,난향삼거리(연등),산87-11도,193419.8665,540179.9209
1327,대우당약국,1000-118도,191675.0519,539051.3258
1454,수동물병원(연등)2,442-185도,190062.5083,544145.2164
1300,삼성동자치회관,310-5도,193953.2992,540500.194
1305,인헌초교,1679-9 대,196378.739,541868.058
1309,금천경찰서(연등)1,543도,192240.1083,542444.5348
1328,은행나무사거리,1000-99도,191682.6575,539208.2022
1329,은행나무사거리(연등),1000-101도,191768.7856,539161.4689
1330,관악농협,1000-123구,192011.4302,539037.6229
1355,문성골길입구(연등),961-6대,191460.564,541731.0172
1479,다정슈퍼,833-13대,191179.9642,543367.41
1363,미성초교(연등),1642-1 도,192366.4625,542011.2665
1307,낙성현대홈타운,0-61 가,196795.2,542241.6951
1308,호림박물관입구,526도,192780.9182,542565.6446
1310,제이타워웨딩,1722 대,192059.1054,542404.4426
1403,남문시장입구,980-28대,191203.3463,541321.2208
5103,법장사,20-3도,207448.0934,557252.7784
1311,금천수요양병원,569-48대,191742.298,542332.1719
1410,금천구청역,113-77철,190685.6136,539623.0418
1417,디지털학교,147-76 대,190764.172,541469.4585
1686,상도터널,2-16대,195537.6893,544968.7088
1687,한국금융안전(연등),600-86대,192132.0303,543082.4984
1688,문창초교,산 143 공,192255.4572,543132.9741
1480,다정슈퍼(연등),854-23대,191268.8951,543467.4615
1331,범일운수(연등)1,218-9대,192167.3099,539007.6639
1695,압구정현대아파트,475 도,202668.1973,547623.1058
1699,청담초교,505 공,203870.1036,547504.9186
1702,강남을지병원(연등),279-16 도,202317.4992,546605.4668
1332,동일여고,266-2363대,192405.5338,538964.6662
1700,청담초교정문(경보),144 도,203894.4585,547582.6981
1706,학동(연등)2,668-6 도,203303.4851,547019.1938
1333,벽산6단지입구,1010-18도,192739.9017,538936.5759
1334,도성교회,1010-18도,192889.9011,538955.8565
4695,우면교(경보),624공,202651.1355,541553.9391
1431,제일제당앞,1258대,188910.639,544486.0169
1335,관악벽산타운1단지,산100-1임,192992.2673,539228.8946
1336,난곡사,산93-8 도,193118.5924,539926.4865
1337,중앙사약국,846-11대,191437.9292,539394.7248
1338,시흥초교후문(연등),1000-85도,191695.5579,539369.5311
1689,래미안영등포110동,299-1 학,191638.7577,545082.3611
1707,학동(연등)1,77-6 도,203653.897,547108.6338
1428,신도림SK뷰,646 대,189956.7259,545366.4685
1340,시흥초교후문,810-30대,191674.446,539516.4795
1341,안씨묘입구(연등)2,812-2대,191653.1046,539651.1751
1455,동구로초교(연등)2,65도,190259.5875,543841.4409
1342,안씨묘입구,1000-18도,191637.8373,539762.1672
1439,오류역입구,55-1도,186235.9862,544102.2554
1456,동구로초교,136-14도,190338.3409,543715.89
1708,경원하이츠텔,145 도,203948.3891,547154.1198
2931,강서구청사거리(연등),128-3도,187012.5746,550858.7903
1709,원앙예식장,110-3 대,204446.267,547232.0856
1343,법원단지,1000-2도,191595.5989,540014.002
1710,영동대교남단(연등)1,77 도,204666.9615,547262.6897
1345,시흥4동사거리,1081-20도,191511.3712,540373.8775
1716,강남케이블TV,104-25 대,203376.6042,546312.3107
1457,동구로초교(연등)1,93학,190431.7185,543583.2903
1430,중앙유통단지,620-8도,189145.3845,544640.9859
1711,논현역(연등),280 도,202015.1472,545787.7802
1717,삼성해청아파트,77-85 도,203868.4476,546467.0883
1348,정훈단지(연등),1021-31대,191351.4428,540673.3354
4209,북부시장,386-16도,202802.5834,559520.0108
1718,강남세무서(연등)2,15-1 대,203986.2174,546493.1515
1349,독산4동사거리,1081-16도,191306.2618,540786.7665
1350,독산4동사거리(연등)1,1081-15도,191329.5428,540931.0155
4310,도봉구청,726-45 도,204070.9347,563171.8956
1351,독산4동사거리(연등)2,1081-15도,191359.1458,541052.3127
1690,한남대교남단,414 대,201758.2851,547047.9379
1352,독산4동삼거리(연등2),991-44 대,191390.6606,541165.2082
1356,문성골길입구,995-5도,191473.4634,541870.5877
1481,대림1동새마을금고(연등)2,1120 대,191480.8161,543706.0255
1353,남서울주유소(연등),974-20대,191436.8231,541439.921
1719,강남세무서,28-20 대,204103.7259,546519.6482
3611,하계중,266도,206456.4538,560072.4831
1354,남서울주유소,961-13대,191451.41,541613.7561
1357,서원빌딩,995-2도,191487.107,542071.4259
1367,난곡119안전센터,산197-1임,192584.3525,541832.5404
1691,가로수길교차로(연등),394 도,201859.214,547107.4589
1482,대림1동새마을금고,893-58대,191541.0777,543773.2514
1301,신우초교,306-50대,193980.5729,540243.6988
1358,문성중(연등)1,898-13대,191685.1935,541902.1809
1360,문성중,47-17대,191833.1636,541926.2686
1440,오류동삼거리,6-2도,185948.0498,543943.862
1376,은천교회,395-61도,193097.1143,543181.7532
1361,난곡중(연등),906-47 도,192096.2934,541968.9962
1380,신사동주민센터앞,499-38대,192390.9889,542827.5048
1458,구로3동새마을금고(연등)2,1265대,190045.43,542986.3368
3946,목동초교,936대,188764.1114,547054.2293
1382,신림현대아파트앞,689-64도,191947.5415,542867.1748
1364,난곡우체국앞,1642-1도,192511.0957,542033.0789
1392,디지털2단지,60-35도,190097.9418,542059.7994
2287,삼익그린아파트,314도,213159.4335,550586.7349
1396,제이플라츠,616-15도,189500.9213,542414.2925
1676,신풍역출구,3405대,192106.7278,544516.0005
1406,두산로입구삼거리,237-101도,190079.7434,541233.9936
1365,난우지구대,527-15대,192478.0133,542259.4306
1366,국민은행난곡,1566-32대,192540.1382,541926.9416
1409,독산역롯데캐슬아파트,1005-1대,190401.319,540300.4347
1677,약산약국(연등),186-123 종,192281.8827,545750.1025
1459,구로3동새마을금고,1265대,190094.804,543060.8643
1368,난우초교입구,808-169천,192639.2403,541762.0544
1725,논현경복아파트(연등),279-110 도,203183.7556,545387.5893
1400,가산동주민센터,134-75대,190409.2693,542011.6414
1720,강남세무서(연등)1,31-7 대,204240.9729,546546.4448
1401,두산아파트,152-28도,190537.9753,541821.8832
1806,관세청입구,279-44 도,203117.0818,546527.9568
1678,약산약국(연등)2,215-28도,192200.3145,545723.7865
1411,금천경찰서,산221-3 임,190929.1926,539705.3646
1412,시흥동오피스빌딩,1000-68도,190935.4643,539355.3046
1679,영등포공원(연등),602-34 대,192128.4267,546013.4305
1460,구로3동한신아파트,772도,190233.0105,543209.7882
1954,금천교,1085도,189732.9449,540610.2303
1369,세이브마트,808-647 천,192709.6466,541620.0457
1413,안양천삼거리,759-6전,190383.6982,539503.1179
1370,남강중,598-139대,192858.9196,541458.6528
1371,관악우림시장,1678-14대,192923.6016,541182.2016
1692,가로수길교차로,394 도,201975.7938,547180.6433
1721,청담진흥아파트,111-44 도,204650.7764,546641.9014
1414,안천초교,1092도,190249.7645,539813.9643
1712,논현지구대,28-3 대,202225.3066,545866.2181
1463,대림역,125-84천,190777.2722,543648.7166
1415,독산한신아파트,1092도,190139.9304,539754.7798
752,서울여고,160-68도,195254.3418,549608.4797
1303,국제산장아파트,산78-8도,193573.1685,540075.9658
1432,동양미래대학교,산55-1임,188284.8905,544466.6215
1372,영광교회,639-11도,192966.5599,540844.1935
1374,봉림교(연등)2,1472-4전,193295.551,542880.9078
1726,아크로힐스논현아파트,265-25 대,203543.023,545522.2336
1416,문성중(연등)2,1730 대,191952.0163,541944.2618
1727,삼성2동주민센터앞,28 학,204077.8443,545720.5506
1419,독산현대아파트입구(연등),300-15 대,190563.419,540796.1339
1464,대림역동측,722-11대,190889.3798,543727.723
1471,IBK기업은행대림동지점,682-2대,191019.7381,544315.7906
102,양남사거리,19-1도,190277.994,546981.4282
1375,창대카센터,1448-1대,193187.6422,543007.416
1377,주생빌딩(연등),395공,192794.4888,543337.2539
226,박석고개,1-1 도,192925.1601,558588.6345
1729,삼성힐스테이트2단지앞,22-3 대,204517.1523,545881.8736
1378,주생빌딩,395공,192654.023,543298.7349
1433,한마을아파트,69-11도,187864.2,544139.588
1472,대림3동사거리(연등)2,697도,191066.6183,544175.4727
1420,빅마켓금천점(연등),151-4대,190809.9741,541168.1509
1693,광림교회,667-35 도,202122.5932,547272.0117
1421,난곡치안센터,612-41대,192906.7239,541337.8711
1379,한양빌딩앞,,192487.3304,543177.3327
1402,가산두산아파트,146-10대,190601.51,541729.5737
525,중계역,503-3도,205638.7994,560661.6937
1422,벽산5단지입구,산100-43임,193001.5901,538947.4606
1730,봉은공원,74-4 학,204982.6259,546007.9081
1701,영동호텔,544-17 대,202042.6325,546457.6151
1423,시흥사거리(연등)1,872-2 대,191286.5508,539490.6952
1694,광림교회(연등),667-35 도,202323.7419,547397.4527
1731,봉은사앞,172-3 도,205130.4021,546041.4114
6538,연세대(연등),,194517.3886,551170.6853
1404,가산디지털단지역,34-83철,189651.4126,542476.5629
1442,동부제강앞(연등),311-6 도,185471.0853,543679.8207
1443,동부제강앞,311-6 도,185339.3158,543636.5552
1714,국제빌딩앞,279-124 도,202525.8872,545982.9323
6625,오륜주유소,,212439.359,545557.5487
1703,삼화콘덴서,595-6 대,202696.1506,546772.0098
1405,삼성물산,239-17도,189927.052,541649.8474
1704,삼화콘덴서(연등),627-15 대,202807.0622,546817.3301
1444,동부제강입구,311-5도,185201.6962,543588.0549
1426,가산디지털단지역(연등),50-6도,189682.9526,542361.3301
1434,영화아파트,177-1도,187587.9126,544174.034
1450,오금교남단,285-38천,188921.0106,545314.1253
5961,칠궁,,197593.8971,553892.0493
1473,대림우성2차아파트(연등),744-3대,191105.3361,544060.8361
1474,대림1동공영주차장앞,760-19도,191262.6275,543762.7614
1427,신도림대우푸르지오,329-1 제,190141.4735,545536.2018
1722,봉은초교,111-2 도,205160.9237,546780.736
1383,조원아파트사거리,696-16대,191829.165,542698.8457
1475,대림공원,887-1대,191373.7758,543586.003
1680,신길우성2차아파트(연등)1,3573대,192037.3648,544420.735
1445,동부제강입구(연등),311-5도,185098.8917,543562.2242
6222,목화예식장(경보),,190397.8745,547264.9592
6295,시흥IC,,191061.9331,542172.9196
1681,신길우성2차아파트(연등)2,2191대,192268.1788,544400.3291
5660,장지프라자,,211296.5675,541996.2197
1446,온수역입구(연등),327도,184748.0894,543506.0286
1476,대림우체국,935-14대,191541.2014,543401.2067
1344,법원단지(연등),378-317대,191571.4512,540172.8303
1384,공단우체국,1103-11천,191031.9634,542699.7157
1385,공단우체국(연등)1,1271 대,190897.3945,542717.2449
1696,압구정파출소,394 도,203119.2559,547736.8968
1723,르메르디앙서울호텔,172-15 도,202491.5952,545123.2104
1728,삼릉초교,26-8 대,204252.2229,545783.1118
1447,온수역입구,산46-1임,184601.1548,543432.8084
1448,유한공고,110도,184479.0196,543315.9334
1429,신도림주민센터,413-2도,189707.9561,545144.7754
1697,압구정한양아파트,394 도,203264.5659,547699.9788
1715,학동치안센터,279-106 도,202918.9779,546136.0998
1449,유한공고앞,산17-4임,184401.5187,543269.0344
5403,새우개고개,,209241.4644,557761.7906
1362,미성초교,1482-8대,192285.2758,541998.3274
1386,디지털1단지,197-2도,190746.7255,542797.6593
1388,대명전자삼거리,282-37도,190578.8776,542549.69
1451,구로미성아파트,611-20도,189088.0601,545144.2889
1483,대림1동주민센터,447-10대,191748.4395,544002.7194
1381,신림현대아파트앞(연등),618-20대,192096.5402,542918.0565
1389,구로남초교,256-1 대,190307.7255,542740.7259
1407,독산1동천주교,335-19도,190288.3124,541228.274
1452,구로미성아파트(연등),604-15도,189214.1186,545011.9161
1346,시흥4동사거리(연등)1,1039-2대,191443.7519,540499.3729
1408,독산역,1081-4도,190229.8359,540794.9963
1724,삼정호텔정문,800-8 도,202775.7212,545231.3477
1477,구로1교,1064-3천,190971.2395,543141.0727
1391,영일초교(경보),31-19도,189658.5715,542789.6188
1435,한국컨벤션웨딩,98-109대,187203.2203,544211.7216
1436,한영대학교,311-11대,186947.1594,544280.4916
1441,온수삼거리,331-4철,185625.8988,543763.6175
1705,도산공원(연등),279-1 도,203178.6134,546964.8442
1347,정훈단지,1022-54대,191399.367,540583.9471
1437,오류IC,90-83 대,186466.5162,544248.9189
1683,동작상떼빌104동앞,700-2도,191899.328,543137.8842
1478,신대림한솔파크입구,1072-24대,191080.7487,543255.7561
1393,디지털3단지,371-27도,189457.026,541827.8824
1438,오류IC(연등),68-28대,186349.4341,544160.6779
1425,벽산밸리5차,60-42장,189826.5474,541962.8679
1397,독산초교,196-22대,191115.1866,540787.8426
1398,한일유엔아이아파트,524-1도,189077.8456,542915.9452
1306,서울대교수아파트,266공,196279.038,541015.361
1698,갤러리아압구정(연등),491 도,203464.1647,547634.1289
1286,국회단지길입구,982-3도,194638.284,542973.6396
1287,국회단지길입구(연등)1,산 104-9 공,194525.5079,542983.2773
1288,GS슈퍼마켓(연등),870-12대,195593.8509,542164.4501
1289,영락고교입구(연등),884-27대,195356.1643,542194.9999
1290,영락고교입구,893-27대,195213.6963,542212.0482
1291,E편한세상서울대입구,912-16대,195089.3667,542228.7048
1312,구로전화국(연등),1656대,191384.3738,542249.3816
1314,구로디지털단지역,1122도,191401.9921,542787.3155
1315,독산고개,146-12대,191030.5745,541820.421
1316,독산고개(연등),967-14대,191015.3187,541596.0817
1317,군부대앞,1056-4대,190987.0524,540168.1736
1318,문일중고,1000-92도,191315.6936,539113.9144
1319,유통상가정문,1001-9도,191484.8462,538269.7749
1321,박미삼거리(연등)1,1000-92도,191452.7647,538658.0218
1264,충무교,839-4도,194298.3569,541637.5402
1322,유통상가정문(연등),1001-11도,191470.5686,538140.4765
1323,SK주유소,1001-34도,191419.3671,537563.6148
1324,석수역,962-8대,191416.8522,537409.374
1325,백산초교,896-11대,191573.3483,538845.6693
1326,백산초교(연등),837-44대,191654.2763,538945.8258
1453,수동물병원,496-128도,189922.3684,544355.5801
1292,관악성모의원,979-7도,194902.2655,542248.4825
1293,쑥고개,1693-13도,194693.7984,542109.3542
1294,삼성동주민센터(연등)2,112-42대,194091.4544,541191.3482
1295,삼성동주민센터,808-1천,194049.8028,541095.5353
1296,삼성동주민센터(연등)1,808-418천,193979.2775,540933.9156
1297,미림여고(연등)1,산66-3도,193931.7844,540763.0106
1298,미림여고,808-505 천,193935.1794,540666.746
1299,삼성동자치회관(연등)1,305-37도,193940.2702,540584.8985
1684,한국금융안전,600-59대,192042.612,543080.485
1484,대림1동주민센터(연등),906-40대,191655.6279,543900.3883
1485,대림역북측,795-2대,190673.5932,543891.6898
1487,거리공원입구오거리,646-4제,190574.3725,544797.1454
1490,우리유앤미아파트(연등)1,573대,189608.4052,544294.7117
1491,구로초교,462-1도,189618.1499,544027.0752
1493,구로4동우체국(연등),0-32 가,189727.0957,543595.3651
1494,구로4동우체국,754-12도,189747.0152,543460.718
1495,구로시장(연등)2,80대,189773.8202,543328.3061
1496,구로시장,339-82대,189792.1208,543229.0457
1497,구로시장(연등)1,734-14대,189837.0231,543089.0916
1498,가마산지하차도(연등),394-2도,189524.4368,543465.8707
1499,가마산지하차도,414-72도,189575.6602,543625.7012
1500,구로경찰서,443학,189898.7084,543810.9118
1501,구로경찰서(연등),442-74대,190013.9036,543882.7101
1502,구로구청구의회(연등),65도,190104.3147,543941.8236
1503,영림중(연등),64 도,190321.8935,544082.7438
1504,영림중,64 도,190458.5908,544172.6076
1505,신영초교(연등),786-29대,190717.5469,544339.6364
1506,신영초교,698도,190808.7218,544399.0806
1507,SK윈윈주유소(연등),376도,191065.2901,544652.8594
1509,신도림우성아파트,328-6도,189980.92,545899.6784
1510,신도림우성아파트(연등)1,316-1 도,189864.8952,545791.9706
1511,신정교(연등),271-96천,189553.3839,546194.1181
1512,구로현대아파트,701-2도,189160.6169,543082.2221
1513,구로1동파출소앞,685-222대,188923.9933,543540.1821
7471,대일외고,1353-13 공,201157.3235,557055.3615
1395,우림라이온즈1차,371-9도,189537.0337,542299.4652
1399,광명대교남단,535-10도,188819.3667,542864.1175
1461,영서중(연등),772도,190313.5268,543276.8936
1488,거리공원입구오거리(연등)4,646-6제,190596.6687,544744.2742
1516,구일초교앞(연등),642-53구,188660.6264,543823.1246
1517,수동물병원(연등)1,546-4대,190054.0989,544453.9441
1518,구로보건소,61-2 도,190207.6718,544554.0516
1519,신구로초교,45 종,190265.0766,544477.7683
1520,거리공원,40-9대,190286.5079,544609.8581
1521,구로등기소,37-10도,190426.7207,544398.1789
1523,태진운수,646-16천,190490.9265,544402.3219
1524,한국SGI회관앞,24대,190190.7531,544761.3826
1525,태영아파트정문,3-80도,190028.3863,545045.367
1526,미래초교,460-20철,190075.2524,544993.1377
1528,구로노인종합복지관(연등),3-25 대,190172.0782,545049.6725
1529,구로노인종합복지관,3-33 공,190301.3775,545137.969
1530,신도림풍물시장,274철,190538.877,545293.716
1531,대림코오롱아파트,265-10천,190711.1102,545391.2923
1533,구로롯데아파트,570-78대,189784.6708,544812.7459
1536,고척시장(연등),50-65도,187757.921,544983.1425
1537,덕의초교(연등),1-15도,187462.9297,545187.0525
1538,덕의초교,339 대,187360.4374,545133.3205
1540,고척119안전센터(연등)2,산5-1 공,187247.7346,545077.1983
1541,고척근린공원,산22-4도,186997.6129,544958.0858
1542,세곡초교,산9-14 공,186839.996,544883.0829
1544,세곡초교(연등),산9-14 공,186738.1888,544835.4886
1545,훼미리약국,253-317대,186676.8447,544807.8484
1547,개봉1동사거리,67-1도,186431.6324,544688.343
1548,거성푸르뫼아파트(연등)2,416-270대,186347.282,544651.6634
1549,거성푸르뫼아파트,100도,186276.5823,544622.454
1550,거성푸르뫼아파트(연등)1,7-22대,186161.7583,544569.8487
1552,동부골든아파트(연등)1,27-4도,186036.0433,544505.8906
1553,동부골든아파트,50-7대,185889.4933,544377.6137
1554,아이천국어린이집(연등),산2-45임,185808.0236,544284.2735
1555,아이천국어린이집,474대,185820.3008,544187.1108
1556,오류동교회,341 대,185871.0793,544086.9224
1558,수궁동주민센터,213-16전,185108.8594,543767.4527
1559,연세중앙교회,192-1대,185344.3577,543766.5101
1560,수궁동성당(연등),182-7 임,185034.3985,543921.7671
1561,수궁동주민센터(연등),214-3전,184892.1498,543763.4401
1564,온수역8번출구(연등),산4-7임,184392.3332,543702.0726
1387,대륭포스트타워,1065-5천,190832.1478,542937.2971
1489,거리공원입구오거리(연등)2,37-4도,190511.8403,544756.3696
1557,연세중앙교회(연등),192-122 임,185476.9696,543767.6274
1565,온수역,113구,184246.5327,543622.5652
1566,성산타운,342대,185568.7425,543219.5204
1567,,산26-2임,185828.8634,542858.5513
1569,동부제강후문,255-5도,185322.8149,543370.7674
1572,너부대교,3-5천,186331.62,542176.3787
1573,천왕차량사업소,257-17구,186299.28,541858.0922
1574,개봉현대아파트,471대,187261.879,543589.7467
1575,개웅초교입구,260-13대,187290.3769,543194.2085
1576,대원주유소,403-97도,187301.3872,543003.9465
1577,강동아트센터,98-79 도,187438.1466,544570.1946
1578,광성카센타,135-2도,187543.3253,544734.8226
1579,광성카센타(연등),183-2대,187672.5961,544944.8825
1580,개봉새마을금고,산9-14 공,186817.9976,544636.9921
1581,구로변전소,산68-1도,189743.6053,544287.2149
1582,오류2치안센터,332-6구,185917.5696,543519.6811
1583,오류지하차도,332-6구,185904.8314,543692.384
1584,오류남초교정문,134-2 도,185831.9144,543357.4573
1587,개봉현대홈타운210동,180-21철,187928.9277,543556.5124
1588,군악대,129-2도,198204.9642,544710.3444
1589,명수대현대아파트,11-4 도,197048.0138,545286.4779
1590,중앙대병원입구(연등),332천,196799.4109,545459.8312
1591,한강대교남단,10-2도,196114.8326,546012.1222
1592,수산시장입구,4-1철,195289.4726,545997.11
1593,노량진대성주유소,113-6구,195072.9242,546033.0625
1594,동작경찰서앞,67-3도,194917.2384,546023.3622
1595,청탑학원,70-4도,194575.3312,545999.0203
1596,기독교TV앞,27-1도,194394.7216,545978.5729
1597,솔표빌딩,58천,193736.4524,545974.8163
1598,성애병원,4900-1도,193123.5397,545989.0976
1599,신길삼거리(연등)1,4901-1도,192724.5671,546177.3546
1600,대신시장,110-6도,192658.6936,545857.3629
1602,영등포공원,582-18도,192186.8292,546100.9516
1603,도림동자치회관,4-1대,191845.7371,545568.0619
1604,도림초교,,191645.402,545454.6611
1605,도림사거리(연등)2,,191423.7986,545334.1099
1606,신길우성1차아파트(연등),156-42대,191075.5559,545147.3506
1607,성락주유소앞(연등),355-15도,191369.352,545086.8383
1608,성락빌딩앞(연등)1,355-15도,191304.844,544908.051
1609,성락빌딩앞,387-8도,191199.089,544841.1025
1610,신길대성유니드,397-2 전,191407.0063,544617.0831
1713,논현지구대(연등),29-4 대,202380.3518,545925.4354
1535,고척시장,50-65도,187805.475,544888.972
1611,대영중고,321-22 도,191540.7983,544766.9092
1612,대영중고(연등),342-288대,191580.6296,544687.2447
1613,대영초교,399도,191667.655,544533.0693
1614,신길광장공원,417-47도,191632.8885,544469.4928
1617,대림시장,948-1 대,191845.8758,543466.318
1618,평강교회(연등),4897-1도,191940.6221,543877.0432
1619,평강교회,4666도,191904.6608,544040.9394
1620,썬프라자(연등),253-251대,191881.1929,544274.0846
1621,신풍역(연등),253-249도,192056.7347,544718.4934
1622,수녀원,253-314 도,192055.752,544933.1276
1623,사러가시장앞,209-184 도,192132.2866,545156.9674
1625,신길터널입구,208-10대,192287.0999,545094.1472
1626,한성아파트,897-2대,192784.5999,544970.4485
1627,한성아파트101동앞,1194도,192955.5686,544965.4338
1628,대방대림아파트,4876도,193296.1202,545577.236
1629,성남고교입구,1164대,193168.6408,545186.189
1630,신길우성2차아파트,3112도,192131.796,544411.5772
1631,대길초교,2516대,192369.2164,544351.6775
1632,기상청입구(연등)1,375-12도,192829.5806,544226.0822
1633,기상청입구,4884도,192710.0137,544196.0614
1634,경남교수아파트,4896도,192420.0087,544129.5753
1635,대림우성아파트,551-8도,192119.6671,543886.7737
1636,범한택시(연등)2,466-59도,193148.9033,544491.6027
1637,범한택시,466-60도,193286.501,544487.8761
1638,범한택시(연등),390-5학,193150.676,544493.208
1639,보라매삼성아파트,343-1도,193575.5133,543940.5699
1640,신대방삼거리역(연등)2,335-126대,193644.5051,544343.3296
1641,성대시장(연등),326도,193855.8166,544481.7828
1642,성대시장,345-12도,193982.7162,544559.5993
1643,동광교회,354-7도,194214.8753,544742.6466
1644,영화초교,41대,193999.4696,545482.8972
1645,국민은행상도,366-27도,194508.7684,544978.327
1646,노량진초교,56-19도,194712.4882,545627.4161
1647,동작등기소,26-20도,194827.3937,545081.8148
1648,서울도시가스,26-20도,195098.1356,545087.7725
1649,대림쇼핑센터,32-8도,195246.9989,545040.9731
1650,상도지구대,364-32도,194631.8469,544968.3933
1651,상도지구대(연등),184-2도,194690.4188,544811.5675
1653,상도아이파크아파트,201-38 도,194843.313,544581.0839
1654,신상도초교정문,165-16대,194957.816,544482.9124
1656,신상도지하차도앞,26-20도,195201.4359,544694.2898
1657,대림쇼핑센터(연등),32-7 도,195279.4792,544998.7138
1551,동부주유소,102-28제,204178.6661,550235.5306
1563,온수역8번출구,9-5 전,184503.9167,543737.0654
1658,상도건영아파트,324-2도,195411.6175,545301.7953
1659,강남초교(연등),2-1대,195647.133,545034.2063
1660,강남초교,7-10대,195754.1583,545046.283
1661,강남초교정문,500-1도,195770.3085,545167.6723
1662,궁전빌라,633-5대,195510.6846,544653.4143
1663,숭실의원,333-13대,195703.6826,544373.705
1664,상도1동주민센터입구,171-2도,195800.7748,544233.6131
1665,관악현대아파트(연등),124 도,196151.5353,543659.0099
1667,숭실대후문,산49-78임,196365.8749,543942.2161
1668,상현중,103-3도,196536.9459,543919.8979
1669,중대부속초교,182-4 대,196552.9284,545128.4088
1670,은로초교,86-191 도,196518.7351,544805.8691
1672,길성그랑프리텔,4884도,192801.3159,544501.5406
1673,영진시장,4035 도,192596.0864,544509.732
7474,마포대교북단램프3,500대,194816.9621,548602.5573
981,우신초교앞(연등)1,220-103도,192036.8485,545819.6797
982,신풍역,3609도,191942.5605,544524.3283
983,신도림역,330-7도,190307.5943,545646.8489
984,르네상스호텔,802-36 도,203780.7846,544796.6284
985,성동교,671-126도,203898.0607,550219.7796
987,당고개노인복지관,54답,207172.5265,563423.6793
988,원남동사거리(연등),,199751.6792,553050.1638
989,서래마을입구,128-12도,199821.0446,544495.1908
990,방배신동아아파트,1494-16 대,200192.9989,542539.6593
991,서울고교(연등)2,1037-5도,200447.3342,542447.3691
992,래미안아트힐(연등),1747-3도,200588.897,542086.5216
994,올바로병원,1748-65 도,200364.858,542962.1104
995,효령아파트(연등)2,912-25도,199670.6735,542399.2333
996,방배그랑자이,1018-1대,200053.9634,541951.9854
997,방배3치안센터(연등)1,982-4도,199897.8437,542255.468
998,e편한세상아파트입구,910-16도,199690.8756,542649.2865
1000,방배래미안타워,504-3도,199220.4336,541659.4169
1001,대항병원,980-53도,198890.4011,541778.755
1002,평화약국,1034-8대,198026.6085,541914.5312
1003,방배우성아파트,3235구,198444.4953,541534.2003
1004,방배래미안아파트,3274대,198507.4464,541388.4724
1006,수도방위사령부,산97-6도,198819.0749,540943.6
1007,그린자원,산84-3임,199464.0081,541588.6279
1008,KEB하나은행방배동,880-15도,199559.3279,542897.6289
1009,남성초교,323-6도,198008.4998,542713.6344
1010,반포대교남단,128-2도,199895.1656,545582.9556
1011,이수자이아파트앞,708-513천,198173.1183,542774.817
1534,고척중,79-9도,187939.0506,544584.3537
1585,소천지,86-1도,187805.6348,544208.8011
1601,약산약국,187-23 대,192445.3564,545792.2321
1012,범진여객,708-834천,197747.2891,542651.4819
1013,국민은행남성,252-5도,197560.9129,542737.3761
1014,국민은행남성(연등)2,169-8대,197514.846,542774.9332
1015,남성역,708-1048도,197240.0142,542948.8817
1016,남성역(연등)1,708-1025도,197152.4343,543043.7103
1017,이수초교,456-26대,198466.0741,542094.3409
1018,동작고,산32-83임,196987.8666,542428.7234
1019,사당5치안센터(연등),200전,197011.2439,543213.9275
1020,동양시스템,42-15도,211461.9847,545300.7776
1021,함지박사거리,12-56대,199155.9423,543709.0699
1022,방배열린문화센터,841-2대,199371.6783,543278.2391
1023,동국한방병원,836-11도,199306.7781,543406.3878
1024,동국한방병원(연등),812-26도,199254.0037,543512.1465
1025,서울성모병원정문,522도,200357.7987,544474.58
1026,서초경찰서,1748-7도,200513.6353,544012.5828
1027,서울성모병원정문(연등),513-2도,200373.7496,544393.2577
1028,서초경찰서(연등),1748-7도,200577.8434,543848.5655
1029,효령아파트(연등)1,917-8도,199434.3138,542302.7863
1030,효령아파트,924-8대,199549.7389,542349.5389
1031,서울메트로뒤,474-28도,198821.7649,541975.2326
1032,서초3동우체국,1718-4대,200749.0713,543410.6832
1034,효창운동장,132-198임,196674.924,549347.7476
1035,방배초교입구,864-41도,198761.9973,542928.2763
1036,정금마을,55-3도,198472.7794,543813.68
1037,경문고교,79-49도,198464.0794,543493.68
1038,서래초교앞,757-4 도,198930.9327,544142.9854
1039,유경약국,758-4대,198780.516,543843.3511
1040,뒷벌어린이공원,776-3대,198834.7145,543552.6
1041,서초중앙국민은행,1650학,201347.2221,543030.5745
1042,교대부속초등학교,1748-20도,201263.884,543414.7193
1043,법원후문,1748-6도,201169.4663,544011.3138
1044,사법연수원,1748-6도,201111.9329,544332.5426
1045,디에이치라클라스정문,30-26 대,201081.551,544520.944
1046,궁전가든,131-1 천,201016.0912,544793.7565
1047,뉴코아아울렛(연등),65-32대,200680.3606,545587.971
1048,뉴코아백화점,102도,200626.4343,545705.1011
1049,반포3동주민센터,102도,200536.4623,545922.6881
1050,아크로리버뷰아파트,121천,200730.5082,546171.2206
1052,이수교KCC 스위첸2차아파트,산29-2도,198522.0801,544198.552
1053,사당삼성생명,493-5천,198394.3921,542295.2014
1051,신동초교,78도,200928.0873,546401.291
1054,잠원청구빌라트앞,78도,201080.1393,546591.5646
1055,방배경찰서,495-2도,198401.5993,542441.4287
1056,방배경찰서(연등),733-1 도,198408.0061,542600.9607
1057,이수역(연등),864-41도,198599.3152,542906.9646
1058,로고스교회,822-23도,198694.6311,543118.6797
1059,사당극동아파트입구,169-28도,197706.9143,543045.4681
1060,사당5치안센터,197-4도,196969.3536,543325.8136
1062,한남대교남단(연등)2,415 대,201667.2133,546956.1556
1063,잠원동주민센터,84 도,201219.4784,546195.1977
1064,내방역(연등),851-3대,199270.142,543073.9461
1065,하이웨이빌딩,9-1 대,201434.6502,546178.2244
1067,매일상가,104도,201176.794,546032.5954
1068,경원중학교,100도,200853.5019,545836.7759
1069,기린한방병원,280 도,201751.4784,545686.0051
1070,주홍교,34-20대,201462.8828,545577.9527
1071,반포자이,128-6 도,201150.0429,545455.0614
1072,반포역,128-6 도,201024.5925,545405.4927
1073,시청역2호선(연등),5-1대,197793.6274,551546.4663
1074,시청역2호선,5-1대,197659.5111,551488.55
1076,반포르엘107동,112도,200291.6816,545433.4072
1077,전원마을입구,2724 대,198929.1251,540747.2409
7468,419민주묘지역,424-22 천,201211.4305,561091.5691
1079,계성초교입구,128-1도,199829.8123,544950.3777
1080,신반포역,3-1학,199570.0567,544862.4596
1081,반포교회,752도,199078.884,544713.6571
1082,시청뒤(연등),44-1도,198164.1218,552067.9389
1083,반포주공66동,805도,198766.369,544856.911
1084,서초소방서(연등),128-13도,199200.1678,544306.4715
1085,서초소방서,128-13도,199311.5961,544306.5859
7476,복선교(연등),543-38대,201995.3981,555748.7282
1087,북가좌초교사거리(연등),322-24대,191941.0776,553224.4319
1088,가좌전화국(연등),359-1도,192520.8002,553992.2559
1089,응암대림시장(연등)2,604-3도,192631.0282,554208.9132
1090,응암오거리(연등),,192798.8775,554400.6439
1092,충암고교(연등)1,618-19대,193109.4646,554088.3958
1093,응암푸르지오(연등)2,182-1도,193448.725,555476.5297
1094,시립은평병원,648-3도,193202.6436,554819.6849
1095,백련산힐스테이트310동(연등),244-172도,193169.908,554243.9321
7478,서울드래곤시티,67-5대,196593.2939,548098.4171
1097,프랑스학교,92-9대,199840.1621,544072.7011
1099,대법원,1748-10도,200478.7935,543518.8548
1103,남부터미널(연등)1,1748-35도,201288.4814,542804.9749
1104,서초해링턴플레이스,1748-39도,201612.9967,542888.1408
1106,디월트고객체험센터,1614-3대,201872.4469,542991.488
999,도구로입구,980-53도,199087.8525,542154.0702
1061,한신종합상가,121-8도,201239.9481,546712.2
1107,한국상담대학원대학,1334대,202086.8298,543073.6199
1108,무지개아파트(연등)2,1378도,202364.71,543177.4557
1109,무지개아파트,1378도,202496.9631,543228.5588
1110,서초문화예술정보학교,858 도,202646.0424,543286.9338
1111,중림삼성아파트,200대,196910.5978,551054.6603
1112,무지개아파트(연등)1,1380 도,202444.877,543360.8853
1113,만리시장(연등),39-4공,196674.6905,550217.9424
1114,STX빌딩,526대,197719.5195,550459.2172
1115,서이초교,1327-29 대,202350.9756,543615.9585
1116,래미안서초에스티지아파트,1320-10 대,202302.3666,543747.9524
1118,유니세프앞,1-39도,197675.9541,553506.1562
1119,진흥아파트,1377도,202142.0367,544161.3752
1120,서초초교,1379도,202077.619,544333.8564
1121,서초초교(연등),1379도,202045.9383,544412.6493
1122,서초푸르지오써밋,749-36 도,201940.6613,544691.0578
1123,서초롯데캐슬아파트,1303 주,201972.4089,544607.8522
1124,서초롯데캐슬아파트(연등),1390도,202013.4662,544497.1618
1126,서원초교,20-43 대,201363.5718,544713.1078
1127,서초아르누보호텔,1313-18대,201818.9752,544037.8553
1128,인재개발원,1436-1대,202018.4097,542613.6584
1129,서초IC,1416도,202479.8157,542691.2049
1130,한전아트센터,1340대,202594.1438,542970.3439
1131,외교센터앞,1359-47대,202640.1671,542722.3256
1132,서초구민회관,958-3 도,203211.7975,542542.5051
1133,영동1교,241-12 도,203421.8564,541587.0288
1134,영동1교(연등),238도,203416.9125,541377.8403
1135,시민의숲,243대,203459.7771,541148.5401
1136,교육연구정보원(연등)1,208 대,198308.9256,550635.7874
1137,남산도서관,30-84대,198369.6166,550302.3276
1138,청계산입구삼거리,302-6 잡,204049.4334,540417.1702
1139,염곡치안센터,183-8도,204426.7066,540216.0623
1140,탑성마을,200-4도,204954.6232,539932.9372
1141,내곡파출소,184-26도,205750.2716,539549.1926
1142,어린이병원,산12-444임,206100.6848,539673.9618
1143,샘마을,산13-300도,206356.5558,539773.1997
1144,서울연희초교,87-27도,194109.1977,552261.4548
1146,헌인릉입구(연등),산13-307임,207075.6087,540077.1467
1148,헌인릉입구,산12-450도,207230.4711,540139.2205
1149,헌릉IC교차로,산12-441임,207976.1053,540446.3657
1150,5163부대,산12-615도,207079.0774,539955.2058
1151,하나로마트양재,229-1도,204057.5525,540317.8615
1152,대일농원,260-5 도,204125.7196,540070.4767
1005,경찰특경대,산93-5임,198932.909,540366.1395
1066,신동초교정문,84 도,201058.7913,546308.5961
1105,신세계백화점,7-1도,198245.5882,551110.3788
1153,세원마을입구,501-18도,204483.4958,539460.7969
1154,본마을입구,433-3전,204548.9655,539311.3204
1155,청계산입구,192-19 도,205093.9286,538392.7248
1156,새정이마을,44-32 도,205839.8213,537272.5223
1157,양재IC,349-5도,203695.3223,540596.7763
1158,트럭터미널(연등),216-1잡,203298.9775,540236.8337
1159,트럭터미널,215 대,203188.5496,540141.3339
1161,을지로4가(연등)5,,199608.87,551886.8196
1162,어린이교통안전교육장,102 학,202825.6121,541235.4518
1163,홍익지구대(연등),474-20대,192240.0736,550372.354
1164,교육문화회관(연등),236공,202948.3547,541068.2981
1165,홍익지구대,478-8도,192267.0146,550264.2188
1166,메세나폴리스몰,484-23대,192302.3635,550107.2615
1167,교육문화회관,201-3 도,203073.6016,540906.6682
1168,애오개역,267-2학,196132.9294,550333.0326
1169,에이스빌딩,261-20 도,203670.1611,541774.3411
1170,수협은행양재(연등),3도,203635.7614,542278.871
1171,해바라기마트,487-365대,192743.6723,551009.4007
1172,일동제약앞,산 20-2 임,203256.741,541949.4134
1173,양재초교,105-1도,202866.7625,541691.2521
1174,양재초교(연등),105-1도,202785.2537,541647.8551
1175,KT연구원입구(연등),105-1도,202710.6818,541594.0135
1176,KT연구원입구,23도,202615.4353,541515.3411
1177,우면치안센터,산70-4임,202405.4744,541357.5008
1178,동대문역사문화공원(연등),18-21대,200577.5796,551857.8165
1179,우암초교,71-1도,202255.0652,541231.4775
1180,경성고(연등),573 대,192878.54,551403.8633
1181,경성고,370-13대,192740.7512,551300.8517
1182,대화프라자,산5-1임,202178.7697,541312.6136
1183,망원역(연등),249-9대,192003.0694,550804.4484
1184,대화프라자(연등),산5-2임,202125.2645,541370.0031
1185,서강쌍용예가,27-27대,193802.7466,549783.2985
1186,KT연구개발본부,23-2도,202750.9769,541327.5059
1187,홍대입구역(연등),192-5도,193114.904,550581.6432
1188,한국교총,17 대,202507.7324,540921.5371
1189,벌떼교회,8-6대,202371.4469,540736.2656
1192,선암IC,239답,201783.6964,540101.7351
1193,새순교회,830-29도,198966.5364,543226.2983
1194,효령아파트(연등)3,918-16도,199350.4024,542477.539
1195,사당극동아파트입구(연등),169-29도,197832.2503,542929.1653
1098,방배중학교앞,91-7대,199817.1695,543959.8397
1100,서초고,967대,200405.8197,543347.9865
1102,서초중입구,1536-3대,200787.9821,542682.8753
1125,서초제일약품,749-35도,201864.8512,544888.7508
1145,하림각(연등),99-7 도,196499.8639,555505.0667
1160,코스트코,217-3도,203183.3006,540368.5927
1199,까치고개(연등),1693-39도,196981.8997,541861.4483
1200,낙성대입구(연등),1693-39도,196582.097,542056.9272
1201,원당초교입구(연등),1693-38도,196269.749,542209.9124
1202,원당초교입구,1693-38도,196092.9426,542292.5185
1203,LG전자,1519-4도,195618.2198,542455.0101
1204,관악전화국,975-5도,195358.5226,542488.3456
1205,청룡길입구,975-11도,195232.3868,542503.5118
1206,봉천역,900-78대,195016.2028,542529.521
1207,홍은중학교(경보),산11-223임,194224.9882,554806.9475
1208,홍은3가압장(경보),203-1도,194292.0993,554495.9881
1209,관악청년회의소,645-111 대,194423.5273,542785.3883
1210,남산적십자(연등)2,111도,198886.1587,551041.3445
1211,관악우체국(연등),984-6도,194020.7228,542794.5198
1212,서대문문화체육회관(경보),산26-161임,194061.2448,553491.9226
1213,관악청년회의소(연등),982-3 도,194629.0103,542669.562
1214,봉림교(연등),1432-18대,193545.5011,542726.8206
1215,봉림교,1467-14도,193441.301,542701.5107
1217,내신부동산,산66-1임,196852.633,541842.9992
1218,낙성주유소,148-65대,196636.1828,541949.524
1219,내신부동산(연등),148-148대,196745.0997,541895.597
1220,낙성사거리,1693-40도,196419.9003,542051.7223
1221,믿음약국,1693-61구,196214.3496,542152.4277
1222,봉천로사거리,976-1천,195861.4665,542509.9796
1223,진광공업사,50-181대,195646.3719,542550.5212
1224,진광공업사(연등),1705-3도,195506.804,542567.7851
1225,현대시장입구(연등)2,457-338대,195385.4561,542582.8425
1226,현대시장입구,888-4대,195264.9275,542596.2502
1227,오장동사거리(연등),275-9도,200208.1693,551787.0969
1228,현대시장입구(연등)1,1708-1 대,195131.8141,542615.1732
1229,은천치안센터,1708-1 대,195027.2878,542628.116
1230,병천순대(연등)2,976-6천,194965.1891,542636.1902
1232,병천순대(연등)1,976-16천,194792.8407,542686.92
1233,대림부동산,634-53대,194671.3015,542755.3128
1234,을지로5가(연등)2,,200192.6464,552024.5334
1235,대림부동산(연등),645-88대,194474.1173,542868.0897
1236,보라매치안센터,673-196대,194004.1488,543112.302
1237,당곡초교입구,687-17대,193824.1442,543222.8667
1238,롯데백화점관악,808-147천,193399.1891,543384.0625
1240,녹두3거리(경보),85-3도,199831.368,551295.1222
1241,미도파빌딩(경보),29-2대,199665.0922,551125.3196
1242,충무초교(경보),26-8도,200096.3789,551402.0079
1243,신림119안전센터,808-152천,193160.7145,543392.2171
1244,관악현대아파트,7-17도,196147.9024,543488.4681
1245,봉천동아아파트,121-101 도,196033.3128,543454.5637
1246,관악우성아파트,7-17도,196186.0189,542999.7156
1247,봉천로사거리(연등),33-2도,195977.0528,542687.6381
1248,관악구청(연등),1693-29도,195777.0804,542085.9893
1249,청룡초교,1598-10대,195812.8545,541810.5504
1250,관악소방서,1606-5대,195846.0062,541614.656
1251,관악소방서(연등)2,1693-30도,195848.9657,541475.0594
1252,서울대정문,산9-1 임,195555.0619,540905.8048
1253,신림중(연등)1,산7-1임,195244.7353,541015.3741
1254,신림중,산6-1임,195113.6935,541146.8002
1255,삼성교,산2-29임,194821.8437,541275.6093
1256,화랑교(연등),103-41대,194665.7506,541244.0885
1257,화랑교,103-3대,194598.9371,541267.147
1258,신성교,105-81대,194487.525,541281.6758
1259,신성교(연등),105-153대,194413.3253,541274.7601
1260,미림여고입구(연등),808-134천,194264.463,541303.8034
1261,미림여고입구,406-5천,194155.5421,541338.0923
1262,신림3교,1694대,194110.1543,541433.9127
1263,양산교,409-129대,194163.8301,541589.7096
4897,아차산공원,383-16 임,208911.2034,550146.9472
4898,광장중학교,353학,209031.9229,549703.754
4899,필동사무소(경보),19-32도,199658.3068,551179.0449
4900,장충교차로(경보),62-35대,200525.3999,551109.9516
4901,두산타워(경보),18-12대,200835.6404,552186.5234
4902,남산왕돈까스,15-23도,198738.1686,550798.3875
4903,중국영사관,30-3대,198670.9485,550773.9275
4905,골드뱅크(경보),209-1도,199269.7634,551660.7823
4906,오장동수협(경보),69-3대,200037.7895,551662.8177
4907,풍전호텔(경보),101-1도,199617.546,551634.3657
4908,삼익아파트(경보),2-165도,199203.1927,551128.7344
4909,을지로5가(연등)1,,200024.0361,551916.9794
4910,리틀톰스피자(경보),140-86도,198829.12,553300.8262
4911,재동초교사거리(연등)1,11-112대,198678.9753,553395.843
4912,감사원앞,산1-1임,198699.8376,554096.2175
4913,삼청동3R(경보),31-4대,198380.1337,554157.4313
4914,삼청터널(경보),산2-1임,198420.8528,554874.2148
1196,녹천교동측,740-1대,205019.727,560653.5667
1197,남산적십자(연등)3,3-2도,198880.8587,550972.5445
1198,까치고개,1693-39도,197104.2317,541799.0711
1231,병천순대,976-6천,194886.7263,542646.77
4915,칠보사(경보),26-2대,198409.2907,554296.1677
4916,금융연수원(경보),37-2천,198411.6517,553976.7754
4917,총리공관(경보),80도,198403.8017,553846.9458
4918,경복고교(경보),104-1도,197473.2094,553947.4211
4921,사직터널전(경보),1-30도,197156.6808,552814.8769
4922,종로구청(경보),208-3도,198165.6428,552546.5913
4924,신국세청(경보),127도,198175.4543,552752.7251
4925,낙원상가(경보),103-4도,199059.5968,552557.8364
4926,세종문화회관뒤(경보),11-2대,197777.9672,552454.6318
4927,삼청동사무소(경보),37-2천,198416.4296,553926.9209
4928,매동초교(경보),1-1도,197145.6773,553058.9333
4929,덕수초교(경보),1-76학,197717.4523,552117.4943
4930,이화여고(경보),1-14도,197231.88,551680.4113
4931,예원여고(경보),15-9도,197442.1245,551893.6351
4932,교육연구정보원(연등)3,100-170대,198199.9337,550492.9032
4933,중림동삼성아파트(경보),347도,197022.5988,550999.7729
4934,남산케이블카(경보),산1-2임,198577.2265,550610.9339
4936,상사마을,409-4도,182189.5456,553741.0106
4937,개포도서관(경보),147 도,205611.4844,542664.164
4938,꿈의숲동문주차장입구,242대,204030.7766,557955.6941
7470,금호펌프장(연등),218-1도,202175.6558,549545.1151
4940,서울역광장,84-11대,197612.8597,550504.185
4942,성수공고앞,19-1학,204387.6889,548970.5096
4943,황산IC,,216127.6331,549993.8135
4944,염창역,252-3대,188983.1103,549729.8252
4945,양평성원아파트,11-1도,190638.5859,548230.4599
4946,남부고용노동지청앞(연등)2,14-1도,190232.2133,547299.4101
4947,왕십로전풍호텔(경보),275대,202948.5441,551451.3264
4968,숭신초교앞(경보),240-18도,201632.0983,552470.4305
4969,갈현우남아파트(연등),산131-1임,191709.0911,557650.1716
4970,성광한의원,632대,202262.2284,550167.1949
4971,성동교회,347대,202194.3051,550428.2137
4972,금호광장(경보),1445-1도,201468.2629,549871.2634
4973,금호초교입구(경보)1,487-1도,201813.7941,550427.6218
4974,서대문사회복지관,376-2대,192903.5707,552367.9874
4975,유승약국,190-19대,193091.599,556829.8172
4976,도봉파크빌2단지,1200-1대,204529.1971,564921.5702
1239,티마크호텔,47-10대,199388.2073,551477.1257
4904,영락교회(경보),61-10대,199013.1888,551533.0065
4977,서울강림교회(연등)3,313대,188058.0378,546399.317
4979,왕십로안전공단,130-34대,202175.7233,551728.8855
4980,할머니보쌈,114-41대,202071.45,552220.4241
4981,타이어뱅크영등포점,30-1대,191092.7617,547519.4924
4982,영등포선거관리위원회,364천,191862.3655,547689.7375
4983,등빛도서관(연등),709-23도,186016.7607,551290.6193
4984,가양하수처리(경보),52-3도,184055.6455,553643.3037
4985,목동하이페리온2(연등),925-5도,188512.2083,547485.1648
5000,중곡1동사거리(연등),193-13대,207133.4071,551483.854
5001,이촌건영아파트(연등),301-4 도,197981.6444,546602.4246
5002,중앙사약국(연등)1,1000-39도,191507.1272,539338.417
5004,강서보건소앞,267-1대,188308.3446,550004.3248
5005,신강초교(경보),861도,185918.3609,547415.6659
5006,현대프라자(연등),311-5도,187656.7271,546592.5984
5007,방화동성상가,816-1도,183430.4252,553269.4448
5008,덕남빌딩,1065도,187520.8254,547508.9155
5009,신서고,1112도,187562.856,547186.4323
5010,목동영광교회,894-35대,187650.3206,547352.4624
5011,신한은행신월동지점,630도,186016.965,546518.1268
5012,개화사거리(연등),산97임,182552.5262,552616.2416
4956,사가정배봉,94-28대,206117.7331,553241.7465
5013,경찰병원(연등),59도,210847.7381,544032.3847
5014,송파경찰서(연등)1,34학,211286.0013,544675.0706
5015,성내2교(연등),1-20도,212817.671,544409.7295
5016,녹색환경교육센터(연등),10-3도,189808.6798,549107.6591
5018,성내5교(연등),128-6도,212173.1223,544712.499
5019,명신초교,산6 임,201322.9044,553620.9787
5020,성내4교남단,11-3도,212503.8452,544436.3817
5021,서울빌라앞,89-7도,212120.8064,545123.5628
5022,한산중학교앞,161-3도,212312.555,547628.9403
5023,성일초교후문(경보),580도,211263.6654,547711.6864
5024,양지시장(경보),524도,211939.0205,550678.7758
5025,상일파출소,215공,214629.8025,550726.3911
5027,고덕중학교(연등),155-3 전,214447.7471,551204.8004
5028,한국노총회관(연등),3-5도,193508.3143,546868.4007
5029,경인고속입구(연등),10 학,190606.7122,547918.1407
5030,목동주차장(연등)1,917-3도,189081.9638,547697.4015
5031,CBS앞(연등)2,920-2도,188906.0573,547720.3022
5033,중원주유소,260-2제,206852.6816,551855.2388
5035,컨벤션센타,648-7도,182804.4117,551731.242
5036,종암초교후문,67-241 대,202776.0175,553685.4001
4919,단군성전,1-30 도,196962.6046,552913.9299
4920,인왕산길(경보),산1-11공,196876.5497,553041.8196
5037,양강초교옆(경보),880도,186476.1525,547222.0125
5038,양천신협본점,451-7대,186058.6942,547129.8838
5039,신원초교(경보),산63-6임,185073.9013,547755.343
5040,강서교육청(연등),산10-7 임,184891.7553,549195.1765
5041,동방아파트(경보),895도,186492.5509,546994.1604
5042,강월초교(연등),987-4도,185394.6291,546323.2589
5043,현대아파트109동앞(경보),130-27도,189049.094,546470.4258
5044,신정교남단(경보),129-48도,188926.0532,546507.267
5046,목동14단지(경보),1300 대,188672.0283,546260.8311
5047,정랑고개(경보),695-10도,186616.9465,545754.5879
5048,영등포여상앞길(경보),1110도,187555.6775,547234.2621
5049,신기초교앞(경보),1266-5도,187109.613,545807.6361
5050,신서고(연등),1110도,187581.3043,547051.5673
5051,목일중학교앞(연등),331-2도,188925.4002,546030.9085
5053,목동사거리(연등),868도,188164.7273,548142.7522
5054,봉영여중,326대,187763.4761,545534.9101
5055,목1파출소(경보),919-4도,188586.7416,547897.8619
5056,목동트윈빌,919-1도,189153.4022,547986.8933
5057,목2동극동아파트(경보),231-1도,188604.2849,548775.9855
5058,목2동바이더웨이(경보),835도,188390.2507,548923.1276
5059,목2동빵굽는마을(경보),508-3도,188657.5361,549690.4809
5060,목2동대림혼다(경보),587도,188515.6896,549307.731
5061,목동운동장(경보),914-3제,189872.0163,547866.5616
5062,목동롯데아파트,627-9도,188391.8867,549787.7048
5063,목4동제일약국(경보),824도,188147.3596,548879.4427
5064,목동1단지130동앞,929대,189541.9479,548930.1703
5065,월촌초등학교앞(연등)3,901-9 도,189061.4493,548860.2785
5066,영도초교후문,199-51공,188743.9952,548495.4738
5067,양평한신아파트,117-2도,190387.8623,549086.7498
5068,공영용산1주차장(경보),23-1유,196839.9594,548038.665
5069,성남어린이공원(경보),728대,199077.3466,549302.6713
5070,성북풍림아이원101동,83-130도,202132.1731,555000.8817
5073,우이초교앞(연등)2,273-36대,201427.6295,560420.6961
5074,우이초교앞(연등)1,730대,201458.7117,560302.7068
5075,우이3교서측(연등),578-97 대,203131.1826,559615.4969
5076,흥천사입구(연등),1014대,201294.8817,555336.0367
5078,종로구민생활관앞(경보),3-1도,199927.203,554476.6277
5079,범양에어콘(경보),290-113대,201413.1532,551245.0491
5080,흥인초교(경보),290-97도,201327.2933,551286.9838
5081,파라다이스A(경보),846대,201487.8948,551400.7456
5082,무악슈퍼(경보),387-28대,200974.8631,551295.6663
5003,공항아파트,238-1학,183792.0358,551762.2623
5077,내발산주공,650-6대,186029.5607,550546.684
5083,약수하이츠A(경보),842-4도,201024.1284,550509.4453
5084,광희초교(경보),161도,201389.3923,551899.0445
5086,밀알성도교회(경보),0-41 가,201412.3416,551470.8121
5087,고려페인트(경보),291-3도,201359.8674,551142.284
5088,논골사거리(연등),168-81 수,202106.0523,550675.2872
5089,옥정초교(경보),360-8도,201401.1435,549212.3109
5090,구옥수PB(경보),552도,201168.7234,549650.3496
5091,장충초교(경보),386-86학,201042.879,551106.7638
5092,한양여전입구(경보),120-22도,204521.4714,550876.9692
5093,사근하이츠(경보),200-6도,204256.5564,551290.067
5094,옥수하이츠(경보),204-4구,201462.5991,549079.9216
5095,성동보건소(연등)2,594도,202832.2435,551893.3295
5096,동대문APM(경보),193-37도,201206.7441,552053.6308
5097,성동자활센터,1450도,201368.1666,549547.4978
5098,옥수사회복지관(경보),227학,201143.9573,549049.9183
5099,묵2동현대아파트,189-12도,206440.8935,556746.7737
5101,성동문화회관(경보),142-14대,203135.2876,551029.3823
5102,석관펌프장,384-6제,205815.8331,557114.7304
5104,신안아파트,157-11대,206993.8936,557215.2096
5105,먹골파출소,81-22대,207206.1933,557208.9866
5107,면목성원아파트(연등),467-39대,208066.389,553238.5876
5108,면목7치안센터,49-32도,207785.2699,554121.885
5109,우성상가,905도,185290.0026,546989.7541
5110,양천고,733학,186222.0732,545507.5005
5111,서울여대(연등),산223-22임,208394.8541,558529.7023
5112,서진아파트,385-4도,206378.3002,558156.8183
5113,DMC첨단산업센터,508-8 철,189788.6208,553936.4532
5114,수색역서측,1147답,191122.5225,552970.393
5115,성산현대아파트,26-9대,191867.7138,552411.5755
5116,서울가좌행복주택,379 대,192175.9617,552237.2014
5117,성산2-1공영주차장,200-3도,191816.3609,551699.7062
5118,태릉가스충전소(연등),704-2도,206411.4137,557611.0622
5119,공릉배수지(연등),산34-12 도,207182.3991,559784.632
5120,기업은행공릉(연등)1,743대,207041.8154,558371.4387
5121,미성아파트,391 도,201714.6364,547341.5083
5122,서울시설공단북단,29-6대,203356.2414,552577.5558
5123,상계초교입구(연등),402-1학,205787.9128,561913.2253
5124,공릉중(경보),81-3 도,207324.3132,558084.9566
5125,옛집영양탕,산154-28임,207479.4892,563819.318
5126,공릉초교(연등),616-2구,206477.9714,557775.004
5127,호수아파트앞(경보),144-1도,194315.5415,549159.6124
5052,129번종점앞(경보),164-10도,188354.8759,545620.1565
5072,이문우체국,292-261 대,205456.4137,555510.2282
5106,동성3차아파트,667-1도,208436.2088,556583.6736
5128,롯데마트양평점(연등),66대,190475.4248,547346.8646
5129,월계현대아파트(경보),70-5 도,205645.2284,557583.0276
5130,하계2차현대(경보),361-3도,206332.4106,560667.1382
5131,방학대상타운(연등),726-73 도,204065.3923,563040.2097
5132,신도봉시장(연등),637-47 도,203746.5317,563516.3412
5133,창북중교입구,703-6도,203472.6358,560777.6089
5134,창동역서측,335-3 도,204064.547,561458.0611
5135,청풍마트,900-2 대,203898.295,558678.7084
5137,자운고,853-2제,204501.1463,562194.1466
5138,도봉유원아파트,77-14도,204477.6343,564689.2018
5139,남광약국(경보),513 도,192432.5824,542566.006
5140,사직공원(연등),108-2대,197290.2577,552933.8045
5141,환경운동연합(경보),251-3 도,197298.0234,553178.4197
5142,갤러리아펠리스입구,43도,208361.9425,545640.8539
5143,래미안아파트(경보),174-1전,197437.9344,543365.5158
5144,장지공영주차장,564도,211609.0539,541057.7008
5145,온곡중,410-29 도,205765.5844,562248.2074
5147,잠원초교,117-15도,199780.0903,544631.6979
5148,한양대후문(경보),63-9도,203903.3468,550498.6583
5149,신수동사거리(연등),288-34도,194287.2418,549484.6282
5150,노원구민체육센타(경보),378도,206270.4613,560899.5442
5151,흥국사,127-3잡,194891.6448,561931.0156
5152,삼육대(연등),26-43도,209587.7412,559912.492
5153,당산초교(경보),66-1도,190681.3434,548796.2972
5154,강서교육청,252도,184999.3443,549118.682
5155,곰달래사거리(연등),359-78대,185644.5508,547846.8158
5156,쌍문삼성래미안,343-9 대,202361.4813,560746.3763
5157,꿈의숲효성해링턴,3-544대,203003.6469,557440.9604
5158,강일중입구(경보),264-28임,211920.9957,550815.3252
5159,"강일4,5,7단지",348-29전,215689.7497,551844.6356
5160,화곡6동장궁갈비,1120도,186880.3784,550396.6817
5161,기독신학교(연등)2,51-57대,192085.3452,555968.3326
5162,상수도사업본부(연등),401도,197160.7679,551242.7521
5163,대원고,18-137도,207703.8414,551408.6925
5164,강북삼성병원(경보),29도,197216.5141,552105.9799
5165,용비교,258-1천,202939.8306,549476.1588
5167,우이2교,647-1 대,202928.8379,560217.6918
5168,미화빌딩,29-95 대,194450.7328,550396.8364
5169,성산2교(연등),666 대,192302.9016,551620.2761
5170,중암교(연등)2,390대,191316.2401,552429.3419
5100,대경정산고(경보),,201536.6751,550711.9349
5171,서광타워온누리약국(연등),45-46 대,195220.1283,550541.986
5172,서교천주교회(연등)1,350-1도,193463.5762,550419.3971
5173,마포구치매지원센터(연등),18-50대,195067.8914,550150.6415
5174,대흥치안센터(연등),27-10도,195175.2523,550311.9519
5175,강변북로(경보),352-27 도,193276.3621,549463.221
5176,밤섬현대아파트(경보),219천,194068.8182,549155.5081
5177,목동교전(경보),911-12수,189845.6909,548028.1867
5178,내곡터널앞(경보),산12-605임,206815.568,538682.1755
5180,서울시교육청(경보),1-3도,196995.6297,552269.4761
5181,감리교신학대학(경보),31-7구,196732.9622,552043.0244
5182,동명여중(경보),13-3도,196615.3657,552116.4576
5183,독바위역(연등)2,639 학,194100.7266,557577.2927
5184,북한산온천,151-32잡,194653.0083,561614.3309
5185,입곡삼거리,151-7전,194400.6092,561200.0695
5186,광화교삼거리,74-8도,186281.0095,541672.8074
5188,동아유치원,120-3대,195014.7312,545420.7779
5189,여의도주유소(연등)1,8-1도,193208.8486,548001.8165
5190,망원2주민센터입구(연등),279-9995도,191576.046,551402.2736
5191,교육연구정보원,55대,198392.9447,550587.2954
5192,신촌기차역남측,60-11도,194946.6354,550931.5609
5193,KT&G복지재단,50-13대,194858.3043,549644.308
5194,마포세무서(연등),1-1학,194585.7019,549752.7137
5196,성산초교앞(연등),442-8대,192075.9869,550480.1573
5197,구수동사거리(연등),102-9천,193920.9413,549504.2584
5199,이조빌라(연등)1,산118-1 임,192838.8381,551825.4745
5201,하나은행망원(연등)1,414-48구,191672.3163,550892.9256
5202,서울가좌행복주택(연등)2,258-70 도,192324.1494,552165.0271
5203,극동3거리(경보),427도,192967.7973,550144.471
5204,성산현대아파트(연등),35-31도,191785.6891,552470.1796
5205,월곡1동축협(연등),225 대,203248.7778,556326.4887
5206,옥인시범(경보),산3-1임,196589.3314,553664.3994
5207,인왕초등학교(경보),241-113 도,195202.9532,554437.3765
5208,창서초등학교(경보),53-47도,194220.2516,550831.4269
5209,연희맛길(경보),189-15구,193706.8776,551840.2709
5210,제일모터스(경보),541-83 답,192856.3869,551983.6898
5212,추계초교(경보),251-75도,195893.9872,551638.6478
5213,학여울R(경보),5-3도,206189.4561,544159.2521
5214,한강공예공고뒤(경보),315-3도,190961.2378,548871.5108
5216,북악산길(경보),244-11도,197046.8391,554841.7451
5217,독립문초교(경보),46-2085 도,196500.6833,552683.4891
5218,당산현대5차(경보),4-7도,191306.5119,547815.7637
5219,문래현대홈타운,30-13대,190360.7564,546690.2307
5220,이문고가(경보),209-1도,205950.3553,556107.3646
5195,하나은행망원(연등)2,416-8구,191437.8298,550832.4917
5221,도림초교(연등),,191689.0624,545373.5479
5222,흥원사(경보),466-10대,193302.1255,544955.9214
5223,홍제3교(경보),361-137도,194383.5777,554264.9909
5224,증산펌프장(경보),238도,191421.0655,553211.7685
5225,현저교회(경보),,196031.3713,553083.3661
5226,천호동공원앞,258-1도,211063.4171,549355.424
5227,제일정형외과앞,773-8대,187794.667,548085.4069
5229,금천로(경보),266-3145도,193089.5106,538885.5805
5230,허준박물관(연등)1,439천,186723.4932,552093.5215
5231,현대홈타운105동앞,377-3도,212190.8474,550851.1549
5232,청운아파트(경보),산4-35임,196921.4047,554570.8757
5233,서초중입구(연등),1529 대,200701.7826,542663.3768
5234,금호어울림아파트,868도,188295.1243,548163.4485
5235,현대블루핸즈앞,45대,190308.3024,547121.5234
5236,남태령정상,산184임,198992.5061,539850.802
5238,정릉램프,696-11도,203159.3958,552562.9386
5239,환경연구원,213-4도,203055.6313,540520.5342
5240,기아대교(광명),589-5 잡,191086.9727,537705.8805
5241,옥수빗물펌프장,168-1철,201716.7029,549105.1939
4365,상곡초교,689-1도,205439.4334,562596.1211
4367,청원고교(연등),637대,205469.061,562840.7641
4368,상계보람아파트201동,638학,205716.1866,562777.2163
4369,온곡초교입구,463대,205837.0302,562760.0452
4370,온곡초교입구(연등),463-3도,205923.7902,562730.6287
4371,상신교회,143-40대,206230.2925,562438.0702
4372,상계보람110동,456-23도,205797.147,562428.1315
4374,상계보람204동,456-23도,205860.5351,562902.3766
4376,온곡초교(연등)2,산145-10임,205878.8842,563051.6836
4377,온곡초교,산145-10임,205886.7503,563134.5017
4378,상경중학교,660도,204721.3227,563073.7054
4379,상계1214동,634도,205167.9344,563102.8558
4380,상원초교후문,산102-9임,205293.0231,563197.7706
4381,청원학당,산119임,205467.1301,563046.7719
4382,청원학당(연등)1,산120임,205625.3041,563018.8781
4383,상원초교,산102-9임,205341.3673,563246.1879
4384,상원중(연등)1,1011-20대,205085.7194,563484.4871
4386,수락터미널,1255대,204729.3433,564321.089
4387,우성아파트102동,734-5 도,202181.7192,561991.8019
4388,유화유치원,484-1도,202444.7114,562287.1709
4389,정의공주묘,산62임,202066.0003,562456.0681
4390,방학신동아아파트,432대,202432.6535,562459.5915
4391,방학한화아파트,318-2대,202776.7336,562500.2749
5198,성산주유소,109대,192008.1442,551997.0469
4392,방학성원아파트(연등)1,632-6 대,202916.2677,562522.83
4393,방학성원아파트(연등)2,695-4 대,203073.3132,562428.1063
4394,쌍문청구아파트(연등),693-46 대,203081.1629,562320.6811
4395,신한은행방학,700-51 대,203297.5134,562580.7098
4396,동부센트레빌아파트앞,726-145 도,203607.7744,562576.4552
4397,방학생명교회,634-28 대,203085.6673,562708.8243
4398,방학축협,726-83 도,203180.0223,562805.6198
4399,창4동현대아파트,167-4도,204191.7067,562403.0419
4400,월천초교(연등),36 도,204627.3946,560995.9043
4402,거성학마을(연등)1,726-59 도,203385.4419,562984.0601
4403,청원학당(연등)2,산110-1임,205353.5415,563135.394
4404,창동삼성아파트입구,370 도,204220.6244,560991.088
4405,누원초교(경보),23-18도,204369.0765,565117.135
4406,상경초교(경보),660도,204499.3483,563489.8593
4407,동묘앞역(연등)2,163도,201659.3964,552709.8627
4408,두물다리,237-36대,202941.7859,552388.8657
4410,상경초교(연등),660도,204786.1103,563451.156
4412,상계주공15단지(경보),660도,204809.508,563065.8028
4413,노원천주교(경보),699도,204671.4956,562751.6957
4414,동일초교(연등)2,651-1대,204955.6848,562744.5714
4415,상계주유소(연등)1,173-6천,206322.3881,562043.9903
4416,신상중(경보),748도,205540.4919,561351.1956
4417,창동운동장(연등)2,722-8 학,204327.3937,562322.6604
4418,녹천역(경보),42-1 도,204588.3819,560481.1289
4420,김수영문학관,산61-1임,202137.6351,562283.5982
4421,신학초교(경보),462-4도,202176.4304,562301.2096
4422,원약국,산11-4임,203025.852,562989.2863
4423,도깨비시장(경보),727-6 구,203133.9106,562859.742
4425,중의하이트빌라(경보),660-2도,203415.8741,560900.6201
4426,금호빌라,316 대,203700.4078,561099.096
4427,한영프라자,731-14대,203594.0897,561700.2162
4428,창동초교(경보),270-6도,203865.5899,561700.2942
4429,자운초교(경보),808-2 도,204276.3426,562142.3328
4431,상계두산주공1단지(경보),1110-7도,204727.9446,564289.8045
4434,상계역입구(경보),173-1대,206383.6486,562236.0138
4435,중계주유소(경보),739-4도,205197.6184,561745.2774
4437,노원구청뒤3R(경보),739-4도,205037.5213,561700.0918
4438,정의여중R(경보),662-5도,203231.0076,561276.7791
4439,창도초교3R,907-6천,204290.9132,562732.0809
4440,대상타운현대201동(경보),720-1 대,204204.5894,562935.7658
4442,창도초교(경보),726-120 도,204295.4011,562630.372
4444,대림3동현대3차아파트(경보),616-2제,190644.3225,545155.7379
4448,구로삼각공원,50-7 도,190407.9269,544686.3216
4373,홍익중고입구(연등),136-2도,200215.9955,554769.8935
4449,세곡동사거리(연등)1,136-2도,209743.9501,540610.3036
4450,구로3동새마을금고(연등)1,314-1대,190155.0105,543138.3806
4451,벚꽃로1(경보),467-62도,189387.5905,543975.5201
4452,서울전동차사무소(경보),701-156도,189198.8357,543122.0774
4453,칠성3차아파트(경보),701-1도,189087.6189,543298.0296
4454,구일우성아파트앞,685-70대,189026.8606,543382.3362
4455,구일중학교,644-15철,188819.4617,544007.0118
4456,동아3차아파트,298-48대,189630.6591,545587.771
4457,신도림초등학교,271-84천,189619.3941,545836.7478
4458,신도림빗물펌프장(경보),271-8구,189377.5612,545933.8253
4459,국민일보사(경보),371-15도,194192.0195,549611.4226
4461,오금교(경보),285-38천,188950.5679,545340.6822
4462,중앙유통단지(경보),620-40천,189099.5609,544721.6642
4463,SK텔레콤(경보),614-168도,188732.5986,544564.9116
4465,고척초교입구,100-5대,187337.1199,544370.3778
4466,고척대우아파트(경보),297대,187268.9807,544760.4797
4467,대우아파트109동(경보),307 도,187303.8972,544914.1236
4468,고척2동부동산가이드(경보),224도,187123.0163,545323.6334
4469,오류중(경보),482-1 도,186292.5082,545322.3351
4470,개봉시장(경보),253-16도,186767.4319,544765.7675
4473,개봉고가남측하단(경보),161-38대,187278.5571,543807.273
4474,개봉역앞,170-33대,187453.891,543827.2927
4476,삼호아파트앞,161-10대,187280.5489,543832.7293
4477,개봉30번종점(경보),371-10도,187351.9841,543198.3821
4478,개웅교(경보),375-26도,187079.6723,542712.6205
4479,망우3동주민센터,534-13도,208661.2317,554692.2612
4481,개봉3동사무소(경보),375-5도,187104.3923,542990.2994
4482,광덕교차로,223-10철,185497.3347,543259.5308
4484,수궁동성당,288-2 도,185004.7353,543983.7725
4485,궁동주유소,112-3 대,184895.4906,544265.3317
4486,오류고등학교,산7임,184887.5185,544389.8628
4487,원명초교앞(경보),1685 대,201415.2354,544556.6126
4488,양화교밑,153-1수,189443.4486,549731.368
4489,봉천고개(경보),504-13 대,196131.1203,543570.6756
4490,구암초교,,195247.6674,543237.4546
4491,봉천삼성아파트입구(경보),1712-6 공,195781.6973,543192.8831
4493,관악봉성교회(연등),10-20대,196297.0172,542997.9545
4494,낙성대역앞,1693-39도,196739.4241,541977.7942
4496,인헌아파트입구(경보),산4-1임,196568.6873,540968.2855
4497,낙성현대아파트,1628-5대,196382.7518,541703.487
4498,은천아파트입구(경보),180-562도,196931.8904,541100.9828
4499,문성터널(경보),433-78전,193369.0581,542172.2628
4500,승리교(경보),1642-10천,193792.2633,542344.2789
4424,금성관광(경보),660-2도,203376.3389,560981.8169
4464,일이삼전자타운(경보),74-3도,187884.7427,544257.1966
4501,서울대매점앞,803-3구,195406.9301,540859.7355
4502,쓰레기집하장(경보),23-1잡,192934.7982,543393.5784
4503,삼성산정산(경보),산97-14임,193221.8573,540179.0402
4504,연건119안전센터,,200192.054,553329.3501
4505,한강현대아파트(경보),260천,197181.4402,545228.0892
4506,중앙대병원서측,143-21대,196547.6749,545364.0154
4507,중앙대중문앞,186-135대,196204.7345,545226.9443
4508,재향군인회(연등),,199780.6317,552743.7853
4509,한국생명과학연구소,,199767.7508,554415.3508
4510,혜화역(연등)1,,200142.7894,553810.623
4511,혜화역(연등)2,,200175.4256,553590.9745
4512,서울대병원앞,1-38대,200186.46,553464.0588
4513,서울사대부속초교,169-1 학,200215.1741,553032.0579
4515,청계9가(연등)2,237-10도,202689.6249,552408.3136
4516,신동아아파트입구,105-27대,202864.5904,552715.7982
4517,동진교,236-17대,202540.2899,552708.5488
4518,신설동역(연등),92-34도,202140.9039,552840.4267
4519,청계8가(연등)2,101-6대,202062.7009,552579.1886
4520,지봉로8길입구(연등)2,56-58대,201385.8373,552748.1008
4521,창신초교,32-2구,201372.4129,552977.6068
4522,창신3동주민센터,2-1 대,201357.095,553170.9758
4523,쌍용아파트,산3-12임,201084.5901,553552.2822
4524,종로6가,,200573.0335,552396.7356
4525,동진빌딩,764-14도,202254.4541,552980.3302
4526,안암교,194-4 대,202478.4762,553059.4641
4527,용두동사거리(연등),150-32도,202676.4179,553239.8102
4528,필현빌딩,76 대,201395.1754,552403.1438
4529,신설동역앞(연등),92-34도,202263.008,552771.423
4530,서울시동부병원,237-10도,202703.8982,552885.4795
4531,성균관대입구,,199892.8368,553720.5991
4532,신서초교(연등),1094도,187984.9809,546997.3626
4533,목동힐스테이트,1093도,187471.2627,546925.3359
4534,신월보람아파트,824도,185402.3404,547827.3192
4536,신강초교,949-9구,185950.6246,547346.9471
4537,서룡빌라,849도,185858.8657,546904.8494
4538,강서초교,871도,186127.4818,546985.593
4539,양강중(연등)3,887도,186638.0399,547132.8563
4540,창천교회,30-18도,194428.9054,551051.8178
4545,다복마트,845-19 공,187275.177,547555.3812
4546,팔래스힐,851-21대,187133.7148,547580.9031
4547,마포소방서(연등),68-12천,194067.4176,549960.4967
4548,신정배수펌프장(연등),915유,189115.5432,547358.72
4549,CBS앞(연등)3,917-2도,188974.7455,547587.7756
4550,목동부영그린타운(연등)1,911-9도,189656.7663,548564.2051
4551,목동1034동앞,1130도,187099.6273,546461.9389
4552,양천구자원봉사센터,1108도,187039.9316,546633.6105
4553,양강중(연등)2,888도,186769.391,547306.1693
4554,목동4단지,903-1학,188612.3254,548143.0345
4555,목동4단지(연등),903대,188787.8167,548171.5314
4556,국민은행암사,541도,211311.9993,550219.5934
4557,월촌초등학교앞(연등)2,902-3도,188834.4949,548773.7665
4558,월촌초등학교앞(연등)1,901-3도,189035.3387,549050.9391
4560,양정중,911-10제,190089.0644,548481.4614
4561,양정고(연등),911-10제,190070.145,548217.1425
4562,갈산초교삼거리(연등),329대,188567.3762,545858.9219
4563,양천구청역(연등)2,328대,188220.7034,545955.0347
4564,궁동터널입구,1315 차,185695.1042,545301.6871
4565,목동509동,,189736.0754,548221.9528
4567,목동812동(연등),317도,188384.3299,546815.6691
4568,세신교회,327-4도,187941.1132,546231.6361
4569,신정3동우체국,1266도,187051.5817,545941.9036
4570,강서교육지원청입구(연등),258도,185196.6874,548909.4027
4571,광영여고(연등),258도,184275.0219,548869.6587
4572,목동5단지상가,913-4도,189446.5773,548207.6558
4573,양강중(연등)1,1090도,186895.6494,547207.4945
4575,해동카도크,277-72도,205216.1257,549352.8894
4576,수락현대아파트,1121-4천,205116.799,563916.1191
4578,난곡GS칼텍스,598-3대,192823.5595,541507.9812
4579,관악우림시장(연등),619-9대,192916.6841,541246.4824
4580,건영유치원,495도,192510.3267,542853.5135
4581,힐스테이트뉴포레,686-38대,191632.6659,542670.3431
4582,힐스테이트뉴포레103동,719 대,191638.7127,542780.9547
4583,구로이마트후문(경보),188-4도,191029.4011,542800.1379
4584,에이스하이엔드,843전,190486.9269,542449.6281
4585,구로한일카센터,133-72도,190386.1594,542348.7479
4586,가리봉사거리,124-40대,189978.6318,542489.7561
4587,가산동교차로(경보),390-34 대,189472.7645,542920.3239
4588,벽산디지털밸리,60-35도,189855.6997,541857.6701
4589,독산진도2차아파트,1133대,190430.6602,541222.9159
4590,빅마켓금천점,148-22대,190702.2728,541189.4491
4591,독산진도2차아파트(연등),295-22도,190607.7862,541211.7651
4592,두산초교(경보),1081-9도,190428.8176,540796.8858
4593,현대아파트입구(경보),1006-126대,190462.7463,540359.9006
4595,가산동주민센터(연등),136-71도,190457.6585,541938.9789
4596,가산초교(경보),148-34도,190822.5383,541966.7549
4597,흥일초교(경보),792-1대,191777.4525,540358.3754
4598,문교초교(경보),산202-1학,191870.6425,540797.2196
4535,곰달래사거리,662-17도,185709.1872,547852.1678
4599,금천스포츠(경보),산138-6도,191747.211,540500.2408
4600,여성발전센타(경보),산139-2임,191640.5468,540366.4652
4601,백산초교(경보),1001-2도,191539.3406,538642.0883
4602,동일여고(연등),230-104도,192569.3232,538969.1806
4603,토끼굴입구(경보),1010-16공,193013.806,539008.7184
4604,수경약국(경보),963-26 도,199223.1133,542723.108
4605,방배초교(경보),868-23도,198924.0298,543025.7522
4606,방배제일은행(경보),758-3도,199030.4999,543957.5769
4607,방배4동성당,612-33대,199421.6422,543808.3079
4608,서울카쎈타(경보),389-1천,198800.813,543309.342
4609,방일초교(경보),167-4학,199825.6967,542943.6414
4610,이수초교(경보),468-6학,198697.9989,542147.4397
4611,서문여고(경보),1514학,198669.3835,543119.5122
4612,방배경찰서(경보),493-2천,198456.9154,542339.0392
4613,세우촌공원(경보),산73-144 임,198901.158,542222.2556
4614,서래초교앞(연등),758-3도,198966.1436,544079.8994
4615,사당5동주민센터,산32-55임,197137.7621,542842.3972
4616,신남성초교(경보),708-535 도,196874.5719,543155.0701
4617,사당대림아파트후문(경보),105대,197561.636,543238.6384
4618,내외약국(경보),708-624도,197906.3656,542845.3313
4619,남사초교(경보),1011-1학,198187.4496,542484.6063
4620,연세사랑병원앞,528-58대,198759.9333,541824.8273
4621,새영교회앞(경보),419-158도,197806.8772,541890.0776
4624,대성빌라(경보),708-743도,197062.0814,542575.2618
4625,삼호그린아파트(경보),산32-8 임,196951.2079,543018.9643
4626,천동초교정문앞,55-27도,212204.6927,549080.779
4627,삼일초교(연등),105대,197788.6351,543115.7683
4628,보훈병원,88-2도,212666.2996,547750.2611
4629,달마사공원,79-306 임,196456.6772,544412.8108
4630,상도6구역(경보),산49-153임,196400.0635,544297.9064
4631,흑석동부센트레빌2차,79-256도,196485.9139,544713.9014
4632,상현중(경보),산51-10임,196487.7181,543825.9539
4633,수산시장길(경보),13-8대,194977.3138,546298.2423
4634,신동아아파트길(경보),481-1 공,195682.6079,545668.2329
4635,극락정사(경보),481-4도,195717.8203,545411.9194
4636,영본초교앞,442-6대,195502.626,545456.4495
4637,신동아리버파크후문(경보),17-1도,195357.3517,545205.5683
4639,노량진5거리(경보),223-24도,195112.1189,545681.8968
4640,한성교회입구(경보),157대,195180.3476,544945.0465
4641,상도현진빌라,210-17도,194981.2041,544228.1147
4642,국사봉중학교(경보),산65-196임,195017.5745,543765.2579
4644,대림한숲타운(경보),23-186대,193732.9823,545757.5548
4645,신길초교,511 대,193512.271,545725.861
4646,캠프그레이(경보),466-2도,193494.3803,545833.4643
4647,영화초교(경보),14-41잡,194010.4957,545444.21
4648,공군복지단(경보),68-10구,193836.8113,545380.3109
4649,제비공원(경보),350-2대,193480.5171,545212.405
4650,대방골4R(경보),466-56도,193306.1506,545123.3035
4651,성남중고교(경보),466-10대,193392.9754,545017.0457
4652,성남고후문(경보),466-10대,193505.4023,544816.7941
4653,우석학원(경보),466-10대,193406.2199,544819.5443
4654,대방교회앞(경보),466-43도,193164.8521,544959.6475
4655,서울공고뒤(경보),466-10대,193294.4916,544822.5255
4656,범한택시(경보),466-10대,193287.1598,544545.4414
4657,대림초교(경보),466-10대,193395.4887,544541.2021
4658,문창중(경보),산118-104임,193010.376,544247.5203
4660,신대방2노인정(경보),378-10도,193116.334,544259.8545
4661,덕우약국(경보),408-2천,193282.5877,544331.1966
4662,보라매자이103동앞,391-43대,193398.054,544381.6822
4663,보라매병원앞,395-61도,193359.2331,543697.3155
4664,보라매후문(경보),395-61도,193192.6556,543604.7024
4667,잠수고가(경보),113도,200095.763,545126.1985
4668,반포쇼핑4동(경보),70대,200340.1345,545307.1354
4669,반포르엘201동(연등),112도,200237.9986,545567.6532
4670,반원초교,71-23도,200409.7941,545543.7642
4671,신반포아파트(경보),64-8대,200569.8953,545851.1345
4672,하나유치원(경보),85도,200883.9832,546187.7669
4673,매일상가(연등),54-6학,201112.7456,545998.2854
4674,신반포13차아파트,83도,201272.3664,546385.2011
4675,뉴타운상가삼거리,104 도,201002.7888,545494.6088
4676,고속도로지하통로(경보),749-6 도,201506.0295,545384.7296
4677,서리풀터널앞,1730-1대,200386.7242,543482.9168
4678,청구빌라(경보),1498-6대,200389.4351,543146.2018
4679,롯데빌리지나동(경보),1494-16대,200319.4854,542830.9009
4680,서원초교(연등),20-43 대,201415.6522,544677.3183
4681,원명초교(경보),1685-1학,201481.2806,544471.3019
4682,반포센트럴푸르지오써밋(연등),28-4도,201489.8782,544634.7575
4683,반포센트럴푸르지오써밋,749-44 도,201576.0271,544589.9846
4684,서초래미안,131-3 천,201703.4244,544531.561
4685,삼성아파트입구(경보),1748-1도,201830.7637,544215.4927
4686,유원아파트입구(경보),1687대,201621.9828,544006.9662
4687,금호아파트입구(경보),1738-7도,201535.225,543974.0338
4689,서초삼성스위트아파트,1317-28대,202211.5015,543980.647
4690,서일초교(경보),1436-8학,201956.3195,542774.8484
4691,대동공업사(경보),1422-1대,201995.774,542693.8358
4692,우암초교(연등)2,산3-1 임,202324.2446,541289.8081
4693,우면치안센터(연등),산70-4임,202478.2344,541417.8317
4694,한국통신개발원(경보),23-1도,202663.4145,541449.9251
4638,신동아리버파크(경보),326대,194883.8758,545245.5769
4696,한국통신정문(경보),17대,202695.6245,541259.8074
4697,구청야적장(경보),105-17도,202867.259,541470.7531
4698,광일카센타(경보),99-5천,203522.825,541838.0365
4699,KEC앞삼거리,261-22 공,203791.9599,541960.6738
4700,언남고교(경보),309학,203846.1476,541600.9107
4701,서초우체국,310-3도,203665.4441,541134.3376
4703,양재근린공원,307-8대,203817.1721,541264.9968
4704,명성카센타(경보),310-2도,204134.9143,541439.0095
4705,원터마을입구(경보),393-2도,205173.2466,538233.0122
4706,관현사입구,산35임,205612.999,537546.9533
4707,헌인주차장(경보),산13-293임,207260.7536,540490.1282
4708,성한산장(경보),1-3079 임,207252.9553,540252.7047
4709,헌릉IC,산12-411 천,207551.3064,540273.3487
4710,세곡동진출램프(경보),1-15답,207233.2015,540086.5007
4712,제니스병원,77-61대,207684.6253,549676.4418
4713,한보미도111동(경보),513-3 천,206046.7613,543583.6586
4714,한보미도105동(경보),513-1 도,205728.6144,543563.6051
4715,도곡1동사무소(경보),876-15대,203539.6125,543315.3042
4716,역삼우성아파트(경보),902-92도,203316.0462,543234.3302
4717,언주초교,962 대,203355.9958,543004.3431
4718,영동세브란스(경보),산6-13임,204211.2098,543656.0078
4719,신사중(경보),408 대,201807.5279,547192.8802
4720,강남경찰서(경보),1012-10 도,205902.5292,545499.8987
4722,범안빌딩(경보),223-1 대,202952.0141,545441.793
4723,논현동브라운스톤,42 대,203717.7111,546189.6731
4724,대치초교,507-1 대,205439.921,543466.8204
4725,개포1차우성(경보),504-4 천,205462.7564,543416.6156
4726,우성캐릭터199(경보),467-27 대,204667.8796,542988.8169
4727,도성초교사거리(연등)1,894 대,204760.1461,544674.8006
4728,강남수도사업소,466-1 도,204210.2534,542648.5292
4729,대치중(경보),421-1 도,204168.1123,542722.1434
4730,청담공원(경보),111-4 도,205458.195,546880.513
4731,올림픽대교건영A(경보),825천,204705.3811,547557.4452
4732,청담대교서측(경보),97-1 대,205755.3188,546536.7468
4733,강남병원(경보),172-25 도,205922.8442,545901.2457
4734,한양타운(연등),668-5 도,203532.1022,547364.2102
4735,파천교주차장(경보),19-1천,192411.1729,547340.8601
4737,여의도치안센터(연등)2,7제,194081.2316,546421.7063
4738,여의도성모병원후문(경보),62 대,194458.2162,546484.9686
4739,재동초교사거리,62 도,198683.4166,553288.7855
4740,윤중초교(경보),37대,193269.0118,546674.1521
4741,전경련회관(경보),27-3대,193047.0476,546965.2881
4742,여의도HP빌딩,23-6대,193248.7419,547051.2655
4743,국회의사당(연등),1대,192756.686,547607.6303
4688,서초초교(경보),1307-6대,202226.6857,544390.2267
4721,현대테니스(경보),78-25천,205949.9532,545164.8038
4744,렉싱턴호텔(경보),1-2도,193151.1308,547891.3624
4745,국회서문갈림길(경보),8-1도,192206.8026,548211.2314
4746,국회서문(경보),1대,192182.2556,548031.7672
4747,갑을아파트삼거리,214-4도,209966.8217,548458.8866
4748,씨티극동아파트(경보),120-5도,210353.7101,548880.9313
4749,풍성초교(경보),388-16대,209927.3946,547401.0259
4750,풍납한미은행(경보),265-7대,210129.9557,547832.7246
4751,풍성중3R(경보),434도,209827.631,547261.2561
4752,잠실고앞,24도,209472.4645,547066.3719
4753,잠실나루역(연등),17-0 대,209328.3806,546461.5369
4754,,182-6대,210154.4197,544245.4433
4755,가락하모니마트,2-10도,210954.548,544620.9834
4756,가락대림아파트(경보),62도,210449.4239,544383.0825
4757,가원중(경보),100-3도,210955.9981,543493.0345
4758,동산교회앞,2-10도,210892.7175,544519.5502
4759,하이마트(경보),170-6공,211770.0805,543852.1828
4760,경남레이크파크(연등)1,65-7대,209461.419,545741.314
4761,송파2동삼성A(경보),162 대,210636.171,545061.3241
4762,한양카센타(경보),168-1도,210268.4326,544890.6524
4763,세륜중고앞,7-1도,211537.0104,545441.8855
4764,오륜주유소(경보),,212424.0654,545450.5253
4765,위례성길(경보),442-6답,212090.4703,545399.2828
4766,국제음악예술단(경보),51-3도,211865.7249,544734.5075
4767,오금목련공원(경보),156공,212232.6881,544395.5744
4768,메이필드호텔,427-1 대,183782.9783,549974.5474
4769,진양빌라(경보),115-18도,212329.248,544552.8191
4770,오금아남아파트(경보),75-4천,212103.8766,544792.0176
4771,거여초교(경보),104-2 답,212407.1446,544994.5419
4772,보람파크빌리지,220-1도,210711.6678,545681.5661
4773,교통안전공단(경보),197대,210776.8317,545822.0883
4774,방산초교앞,162-6대,210631.7168,545527.4886
4775,방이코오롱103동(경보),218-41도,210865.9969,545483.4273
4776,문정래미안아파트,138대,211404.8671,543538.8867
4777,문정제일은행,26-6도,211047.741,542986.798
4778,문정건영A(경보),72-6도,211193.9848,542498.9626
4779,장지교회,81-7대,211218.7911,542259.9344
4780,한미자동차학원(경보),102-5대,211495.0953,542545.6433
4781,아이코리아,296-1답,211779.1441,542387.5743
4782,장지동주민센터앞,114-2도,211775.9944,543045.7022
4783,문정지하차도위(경보),18-4철,211581.5933,543164.4598
4784,영풍초교(경보),1-18천,212609.8535,544134.243
4785,송파상운종점,301-4대,213484.5712,543743.7672
4736,광장아파트(경보),2-11도,192852.8157,546741.0045
4786,효동주유소,128-70도,213192.9231,543720.1137
4787,신명초교입구(연등),81도,213027.4379,549177.8468
4788,거여우체국,593 대,212632.2596,543327.2506
4789,거여미주103동(경보),292-1도,212881.1819,543545.217
4790,거원중(경보),291대,212884.1338,543195.0709
4791,571번종점(경보),330-7천,213921.3179,543518.0868
4792,송파소방서(경보),16-1도,212558.0135,544446.6915
4794,신촌기차역,60-11도,194946.8257,551011.5357
4795,금옥초교(경보),1306-1대,201574.6305,549584.5077
4796,왕북초교(연등),50 대,207731.0475,542908.9358
4797,일원대청306동(경보),14-5 대,206925.6766,543923.6399
4798,대모초교(연등),746 대,207662.3228,542481.4504
4799,강남공고(경보),738 학,207453.6584,542441.6651
4800,푸른마을110동(경보),719 대,207048.5026,542682.9466
4801,상록수A103동(경보),734 대,207089.0129,542473.5599
4803,수서프라자(경보),713-3 도,209033.3263,543231.9151
4804,세종고(경보),711 학,208965.157,543416.3135
4805,수서초교(경보),709 학,208925.8258,543537.1866
4806,수서중(경보),712-1 공,209170.9063,543494.1347
4807,수서전화국(경보),산10-1임,208700.0894,543215.1703
4808,대진전자공고(경보),733 학,208567.4681,543493.0555
4809,개포6단지앞삼거리,197-1 도,206258.2906,543086.8225
4810,구룡초교입구,659-1 도,204654.2097,542327.0944
4811,개포주공1단지57동(경보),660-11 도,205146.9194,542180.2092
4812,늘푸른공원,704-1 도,206829.6149,543461.9075
4813,일원초교후문,611-1 대,206664.7355,543355.3702
4814,개포현대1차아파트,647-1 도,204858.4917,542498.9994
4815,개포우성3차아파트(연등),647-1 도,205082.8459,542735.2233
4816,구룡터널북단(경보),산164-2도,205325.4709,541681.3332
4817,영동3교(경보),647-2 도,204599.8532,542767.0253
4818,잠실1단지136동,16제,207468.8234,546309.6134
4819,505동앞,27대,208095.1503,546124.5299
4821,국민은행개포남지점(연등),654 대,204342.0264,542171.9009
4822,포이한라아파트(경보),658-1 대,204924.4033,541960.8431
4823,강남동산교회,654 대,204484.4671,542211.2482
4824,삼전중앙교회(경보),306유,207081.5173,544895.8444
4825,삼전현대아파트앞,184-1제,207760.0103,544515.0428
4826,삼전우성4차107동(경보),316-18대,207377.7975,544686.2155
4827,석촌초교입구,319도,209287.3927,544550.219
4828,석촌동한빛은행(경보),315도,209212.3074,544518.2348
4829,남현교회,311도,208888.9864,544391.9632
4830,엄마손백화점,88-9대,209572.3661,544662.7483
4831,석촌지하차도(경보),303-1도,208734.4027,544767.7811
4793,마천교(경보),9-3천,212927.7405,544513.8332
4832,가락제3기동대(경보),491전,210082.8633,542614.7064
4833,광평교~3기동대(경보),616-1천,209699.1701,543219.1869
4834,가락쓰레기처리장(경보),624 대,210710.2278,541985.2103
4835,가락수산물시장(경보),282도,209396.7202,543697.5724
4836,탄천교(경보),479대,209265.0165,543793.4829
4837,수서진출램프(경보),1천,208448.9207,543671.9213
4838,양재6R~수서IC(경보),4-1전,208027.7744,543557.5285
4839,장지IC하향,606-2 도,211015.7999,541140.5623
4840,올림픽대로북2문(경보),3도,206183.3381,546495.2993
4841,연신초교(경보),73-8도,193643.9281,558476.8392
4842,예일초교(경보),19-37구,192489.833,556661.7798
4843,불광중(경보),177-3도,193858.4665,558184.5728
4845,불광삼익아파트,16-24대,194000.2658,557857.5945
4846,역촌동성당(연등),23-19대,192293.575,556235.8463
4848,갈현동성당입구,424-23대,192630.7901,557929.3642
4849,갈현1동주민센터앞,7-6대,192672.7792,558213.9374
4855,신화콘크리트(경보),산61-5임,194308.5934,561190.7815
4856,동화판넬(경보),285-2도,194157.0341,561178.0807
4859,교육복지통합센터,223-7제,205074.9663,551391.0237
4860,성수우방아파트앞,2-20전,204522.7969,549876.2112
4861,광남유치원(연등),453-7도,208992.7833,549183.918
4862,광장동청구A(경보),164수,208444.4177,549319.3608
4864,신안교통(경보),656-853도,204008.1503,549835.2816
4865,대왕금속(경보),72-1대,204310.0384,549175.8382
4867,현대쇼핑센터,173-2도,204178.2374,548833.2424
4868,성수대우아파트,13-14대,204500.8351,549803.4006
4869,대림창고(경보),276-5도,204970.8284,549185.619
4870,중랑하수처리장(경보),73-1113 잡,205658.1559,550370.4381
4871,뚝도시장(경보),816-4 도,204800.2695,548672.5157
4872,현대서비스앞,289-30도,205098.75,549655.4264
4873,도성개발(경보),73-1113 잡,205566.9229,550253.0476
4874,세명약국(경보),6-21도,205913.6638,548814.1857
4875,광진두산위브파크,364-31대,206246.2142,549934.4527
4876,양지슈퍼(경보),64-2도,206637.4024,550539.2229
4877,군자동사무소(경보),64-2도,206746.3934,550611.8871
4878,영신약국(경보),498도,206912.3786,550814.5581
4879,대호슈퍼(경보),489도,206770.7415,550882.1209
4880,용인상사,277-11도,206927.6875,551241.6906
4881,동인상운(경보),264-2도,206983.8872,551373.8237
4882,경원탕(연등),280-7 천,207465.3075,551292.7287
4883,현대하이츠빌라(경보),441도,208148.6699,550689.7698
4884,중곡119안전센터,288-30대,207631.7451,551939.9836
4885,청기와빌라(경보),6 공,208605.3206,550450.5571
4471,천일사(경보),132-29도,186843.0846,544564.2024
4886,동의초교(연등),3-3임,208551.2556,550557.9864
4888,동의초교,3-3임,208638.4806,550490.035
4891,명성여고(경보),238-1대,207609.6065,549262.7402
4892,운호빌딩(경보),245-24도,207889.2703,548817.9588
4893,성동초교(경보),694-1학,207858.6741,548103.1745
4894,광양중(경보),743도,207515.0294,547885.3128
4895,한양빌라,587-54대,207961.1291,548281.0619
4896,정립회관(경보),380-3수,208748.8239,549987.0634
3127,명지대앞,318-2도,193290.7174,553346.8125
3129,북가좌초교(경보),401대,191881.5026,553269.3855
3130,서부여객(경보),357-8도,191977.2053,553639.9821
3131,남가좌삼성아파트(경보),68-5도,192614.2425,553366.49
3132,은평구청재활용센터(경보),293-52도,189843.5488,554659.3386
3133,서영공인중개사(경보),197-10도,191637.7697,553475.0716
3134,신사현대아파트(경보),206-9도,191843.5717,554870.3696
3135,초원교회(경보),41-3도,192029.3854,555292.9875
3136,기독신학교(연등)1,69-11대,192074.5059,555659.0596
3137,녹번동평화교회(경보),29-77도,193929.3216,556298.0198
3138,소년의집입구(연등),93-2도,193551.2645,555676.3021
3139,충암고교(연등)2,616-27대,193184.9935,554095.1634
3140,충암고교(경보),2-3학,193198.5908,553957.1345
3142,서울중랑우체국,160-7도,207402.3783,555150.6086
3143,상봉지하차도,160-4 도,207779.8609,555282.3429
3145,국민망우삼거리,534-6도,208596.0442,555518.3075
3146,태창빌딩,226대,209370.3809,555677.2692
3147,동부제일병원,580 대,209560.9681,555660.8499
3148,망우검문소,산56임,209889.4951,555645.3986
3149,우리은행태릉역지점,678-1도,206741.742,557331.0394
3150,대아빌딩,167대,206778.5681,557184.8698
3151,묵2동(연등),173-3대,206883.0439,556677.7068
3152,묵2동,177-30 대,206906.0987,556519.7671
3153,우리은행중화(연등),189-7도,206939.0105,556307.2056
3154,우리은행중화,50-1도,206952.0204,556202.0833
3155,현대자동차면목,146-49대,207049.7102,553920.6703
3156,중화역,50-3도,207016.5992,555782.3813
3157,태릉시장,50-5도,207056.1946,555557.2534
3158,면목4치안센터,727-62전,207070.0782,552737.5886
3159,신묵초교,195-9도,206780.9933,556333.5529
3160,금보당,239-53대,206756.9456,556498.5898
3161,영진밧데리,50-3도,206865.2717,555781.0491
3162,중흥초교(연등),110-12도,207168.0282,555787.3092
3163,중흥초교,90-22도,207385.465,555814.7889
3164,봉화삼거리(연등)1,493도,207754.8214,555962.8164
3165,봉화삼거리,산25임,207691.1573,555932.0482
4889,구의수원지후문(경보),산81-16임,208667.8691,549656.1502
4890,구의수원지(경보),산81-2수,208642.774,549553.8831
3144,망우지구대,785대,208396.6172,555464.5946
3166,주택관리공단,10-6도,207505.9505,555860.0381
3167,신현중교,493도,208024.6534,556121.4239
3168,신내LG아파트,493도,207967.2111,556068.6738
3169,신현중교(연등),산 125 공,208079.341,556168.6699
3170,중랑구청,493도,208188.7647,556254.5011
3171,중랑구청입구,660대,208271.5405,556315.3583
3172,중랑구청입구(연등),660대,208338.3951,556343.373
3173,중랑구청사거리,667-1도,208411.2815,556371.3049
3174,신내동성아파트(연등)1,산67-13임,208542.4596,556444.6488
7469,공덕오거리(연등)2,370-4 대,195559.5818,549442.2665
3176,신내동성아파트(연등)2,317 대,208725.8368,556500.6173
3177,능산사거리(연등),317-5 공,208844.2939,556525.8307
3179,능산사거리,335-19전,208917.5263,556538.8063
3180,중랑초등학교,494대,206494.2621,554402.7211
3181,면목2치안센터,129-9대,206717.8361,554496.4512
3182,면목2치안센터(연등)2,129-25도,206868.6576,554557.4663
3183,대화이앤엘,114-60대,207278.4656,554698.8789
3184,상봉2치안센터,160-18도,207414.7619,554737.9194
3185,송파2치안센터,168-1도,210351.6718,544766.4106
3187,체육대,89-28도,211656.3294,546459.0015
3188,올림픽공원동2문,89-28도,211551.37,546265.1225
3189,혜원사거리,534-21도,208231.2087,554959.2516
3190,예수제자교회,534-22도,208422.4622,555010.1841
3191,북서울교회,468-44대,208603.9651,555063.2087
3192,면목한신아파트,178-49대,206758.3516,554038.4225
3193,면목한신아파트(연등)2,179-121도,206919.109,554084.5358
3194,면목2공영주차장입구,137-22대,207236.1207,554175.1427
3195,면목사거리,1506-1천,207425.235,554228.9838
3196,월드컵동문,446대,191187.6747,552217.7152
3197,한국동물메디컬센터,282-5도,207609.3652,554278.8293
3198,면목역,221 학,207736.3146,554315.9704
3199,동원시장(연등)2,1251-4대,207939.6908,554375.647
3200,동원시장,88-52대,208094.4679,554419.6607
3201,동원사거리,49-12도,208269.2029,554465.564
3202,동원사거리(연등)1,534-15도,208394.6338,554502.4895
3203,면목아이파크102동,157-66대,207184.904,553531.8319
3204,유수지주차장,1508대,207363.7224,553512.5492
7472,마포대교북단램프1,38-3 도,195018.2387,548746.645
3207,용마한신아파트,524-33도,208225.041,553457.3064
3186,혜원탕,282-3도,207977.2584,554888.8794
3205,사가정역,630 도,207813.202,553467.5198
3208,소망약국,160-22도,207594.8189,555005.7555
3209,면목초교,104-60대,207659.554,554685.9961
3210,면목역(연등),1320-4 도,207719.6449,554385.3391
3211,면동초교,1167 대,207809.8657,553901.8804
3212,면남초교,636-14 대,207583.2134,553158.972
3213,면목4동주민센터,692구,207534.1044,552830.1892
3214,50번종점,690도,207437.4273,552613.3508
3215,대승빌딩(연등),381-18대,207195.1102,552452.0199
3216,대승빌딩,693도,207367.3406,552427.7934
3217,파인힐모텔,606-1도,207610.8459,552369.12
3218,코오롱하늘채아파트,371-134대,207610.6999,552480.08
3219,용마산역,583-4대,207670.7046,552695.8535
3220,용마폭포공원,582-10대,207806.735,552885.4678
7473,마포대교북단램프2(연등),38-3 도,194967.1762,548656.188
3222,면목성원아파트,1109-9 대,207959.0525,553095.9284
3223,용마한신아파트(연등),532-61도,208162.0367,553359.9635
3224,동남빌딩,49-7도,208250.1356,553599.2601
3225,용마금호타운,67-3대,208261.6532,553718.3079
3226,중화중교,49-5도,208388.0691,554054.4501
3227,서일대학,49-4도,208482.4678,554272.9369
3228,새마을금고서일대점,49-48도,208548.0949,554430.5863
3229,주함해븐아파트,534-13도,208747.0394,554888.0994
3230,망우소방서,534-9도,208858.4802,555330.0054
3231,망우사거리(연등)1,787 대,208869.4521,555667.5753
3232,능산지하차도,376-18 임,208906.9944,556248.9737
3233,신내차량기지,342-3도,208946.5163,557046.2674
3234,신내차량기지(연등),278-49 도,208953.1602,557142.3409
3236,신내지하차도,511-2도,208574.9125,555585.9626
3237,중화초교,561도,208441.2252,556048.1065
3240,동성3차아파트(연등),667-1도,208455.3563,556637.5984
3241,동성아파트앞,316 대,208487.7715,556758.7341
3242,서울의료원정문,667-1도,208511.5687,557047.6734
3243,봉화지구대,701-3구,208479.7591,557209.6362
3244,중랑소방서,718-1 잡,208396.1373,557344.5174
3245,봉화산역,51-1잡,208002.8675,557570.8828
3246,두산대림아파트,742대,207754.2552,557707.3527
3247,원묵초교,20-3도,207684.7158,557585.156
3248,중랑구립도서관(연등)1,29 잡,207627.3096,557479.4201
3249,중랑구립도서관,8 대,207584.1508,557394.0829
3250,중랑구립도서관(연등)2,10-11 대,207531.4086,557338.6102
7475,마포대교북단램프4,36-1유,194845.8771,548559.3647
3252,원묵중학교(경보),90대,207372.106,557633.9797
3253,신내우체국,20-5도,207961.6005,557494.3631
3254,금성초교(연등),639 도,207876.9675,557345.6395
3255,금성초교,20대,207838.9644,557267.7109
3256,신내진로아파트(연등)1,647-1도,208123.2054,557406.0908
3257,신내진로아파트,654-1도,208204.0219,557356.4891
3258,봉화지구대(연등),645-1도,208386.5162,557258.0327
3259,봉화초교삼거리(연등),654-1도,208112.1382,557189.0325
3260,봉화초교삼거리,655-2공,208057.4136,557094.7011
3261,미림유치원,656-2도,207022.16,557452.4116
3262,미림유치원(연등),747대,206972.8147,557579.8934
3263,면목펌프장,1509-5천,207188.2131,553245.8153
3264,홈플러스면목,165-184대,207276.4802,553335.1071
3265,면목삼팔파출소,1508-9천,207413.4108,553720.7154
3266,남북교회,561도,207378.9898,553880.0835
3267,청호맨션,1504-10천,207531.5462,554546.1813
3269,이마트상봉점,160-27도,208204.1216,555307.9025
3270,이마트상봉점(연등)2,74대,208216.1045,555171.3932
3271,혜원여중고후문,515-44대,208250.6961,554724.7888
3272,동원사거리(연등)2,534-18도,208265.8247,554531.2733
3273,면목본동파출소,49-10도,208324.6258,554259.3626
3274,중랑으뜸새마을금고,51-2도,206370.121,555175.4676
3275,카포스칠성,51-3 도,206387.0757,555063.64
3276,가윤예식장,143-5대,211058.7154,543727.8486
3277,리더스빌딩,136-1대,206470.3674,554531.8372
3278,럭키면목쇼핑센터(연등),191-129대,206513.1251,554252.8912
3279,럭키면목쇼핑센터,191-56대,206553.8168,554161.2532
3280,동서학원(연등),263-7도,207730.7768,555650.4426
3281,동서학원,247-4도,207712.4209,555807.7872
3282,신내대성아파트,462-4대,208544.2855,555861.1985
3283,신내초교,394-3 도,208630.0745,556165.0088
3284,동원중교,241-28 도,209480.1358,556006.3136
3285,신내변전소3R(경보),656대,208357.6352,556771.8296
3286,금란교회,220학,209160.5108,555655.6851
3287,묵2동주민센터(연등)1,197-5도,206727.9556,556688.0597
3288,두리마트,197-4도,206659.3611,557129.9033
3289,묵2동주민센터(연등)2,196-3도,206692.0818,556922.9746
3290,중랑경찰서(경보),199-10구,206793.435,556244.8864
3292,태릉시장사거리,70-2구,206902.6868,555534.1114
3293,중화2동굴다리,314-13대,206687.1013,555248.8777
3294,유니온모텔(경보),189-1도,206674.1891,557431.7195
3295,한국아파트,687-4도,206472.3096,557253.7923
3296,OK기사식당,385 대,206464.8709,556454.4693
3297,제일시장입구,247-124대,206522.5097,556136.0337
7479,양화대교북단램프1,386-37대,192050.8381,549896.1747
3299,천일카센타(경보),50-17도,206454.5574,555536.023
3300,이화교밑,50-16도,206554.4,555772.5881
3301,롯데햄,382-2천,206401.3687,555459.7289
3302,원우카센타(경보),51-1도,206340.8509,555365.4852
3303,상봉지구대,214도,206451.6881,554662.4239
3304,보현정사(경보),481-1도,207942.0146,556129.9815
3305,은혜치과,1157-1대,207805.6439,553847.6685
3306,면목우체국(연등),409-44대,207827.8251,553577.5387
3307,무궁화약국,497-7대,207718.9963,553331.4723
3308,학림빌딩(경보),693도,207409.381,552552.916
7481,양화대교북단램프2,385-59대,192114.7871,549863.5403
3310,면목동신교회,568-1대,207538.4049,553494.7792
3311,수경빌딩,570공,207654.9086,553481.6583
3313,면목두산아파트601동(경보),1509-5천,207103.606,553160.9036
3315,대림혼다(경보),198-6구,206845.0302,557375.4577
7484,양화대교북단램프3(연등),393-18대,191915.2614,549684.771
3317,한마루교회,65-8도,206745.4263,555778.1366
7533,마곡센트럴타워,408-2답,184989.2676,551235.8923
3319,신내동새마을금고,788대,208671.0662,556282.2904
3321,송곡관광고,604 도,209351.7391,556309.8098
3322,모든자동차공업사(경보),388-16 임,209021.1322,556000.1206
3323,남서울정육점(경보),510-2구,208703.4431,555622.7849
3324,카포스신내,287-12 도,208870.5059,557168.3435
3325,중랑공영차고지,84전,209208.0113,557071.1913
3326,중랑구민체육센터,20대,207709.9604,557334.9509
3327,동일교회(경보),655-1도,208314.8336,556830.7485
3329,중랑구청후문(경보),662-1도,208123.2349,556335.3729
3330,동양당(경보),189-17도,206980.1838,557349.5326
3331,장안중(경보),54-4도,207196.4071,555576.5665
3332,보전당(경보),399-4천,207741.9124,554923.9626
3333,중랑초교(경보),294-10도,206764.9447,554362.7964
3334,샹제르망제과점(경보),405-31구,208931.4114,555001.2773
3335,면목골(경보),561도,207516.1765,554191.032
3336,면목청소년수련관(경보),1382-13도,207618.5838,552610.6283
3337,능산지하차도(경보),418-8 도,208902.2464,556156.6077
3339,면목한신아파트(연등)1,193-1대,206653.5909,554011.3465
3341,양원경노인정(경보),59-4구,209407.522,556634.3502
3343,용두4교(연등),47-1도,203192.145,552725.9062
3344,용두공원(연등),39-995대,203556.8356,552658.5137
3345,용답동,324-2대,204572.3934,552004.1688
3346,용답동우체국,239-2 학,205375.1471,551391.9985
3347,대우증권,448대,205896.2962,551293.263
3348,대명신협,620-95대,203563.4233,553237.9896
3349,청량리미주아파트,620-67도,204241.2485,553651.4591
3350,서울성심병원,61-359대,204406.6982,553812.0177
3312,면목두산아파트402동(경보),1500대,207345.6318,553300.1839
3351,휘경119안전센터앞,42-6도,205763.9255,554605.6406
3352,종암대교,1142-18임,203476.1607,554634.5226
3353,세종대왕기념관(연등)1,207대,203690.7776,554640.1771
3354,홍릉초교,산1-135임,204101.6075,554680.7751
3355,경희초교,60-1도,204395.1806,554659.0392
3356,회기역앞(연등),54-58대,204807.4817,554558.2256
3357,휘경시장,334-45대,205024.7306,554654.7771
3358,청량초교,346-131도,205100.1532,554797.2733
3359,경희중,270-1 학,205215.2596,555017.0191
3360,외국어대(연등),292-10대,205403.781,555166.5237
3361,이문새마을금고,257-164대,205375.0834,555326.3409
3362,이문행운모터스,428 대,205479.0617,555699.2868
3363,이문e편한세상,56-1도,205479.6848,556097.885
3364,이문초교,164-25도,205651.9276,555938.5328
3365,삼원택시,42-1철,205922.3392,556166.0192
3366,이문파출소(연등)1,189-3 철,205980.4655,555464.1456
3367,이문파출소,64대,205990.5737,555301.7414
3369,이문쌍용아파트(연등),189철,206192.2365,555624.8373
3370,이화교,53-1전,206273.3201,555747.6916
3371,이문파출소(연등)2,353-6제,206020.8685,555078.9322
3372,휘경2동주민센터,4-2답,206081.7423,554459.9842
3373,동대문차량보관소,7-36도,206054.9865,554344.4643
3374,전동중교앞,1031-450천,206359.454,553929.8506
3375,휘경공고,49-23도,206140.7358,553868.655
3376,동문장애인복지관앞(연등),1031-450천,206432.3692,553837.0842
3377,동대부고,727-24천,206756.3735,553029.4716
3378,힐스테이트아파트,473-2도,206776.8841,552836.9578
3379,성복교회(연등)1,727-24천,206791.7434,552572.5335
3381,성산대교남단,177 천,190130.5013,549777.4004
3382,현대자동차서비스센터,37-1도,193985.5034,545793.1642
3383,홍제초교,455대,195041.1039,554739.9586
3384,가리봉2동,799-23대,190019.7497,542596.6195
3385,정심초교,산89-114도,191749.4568,541227.5208
3386,선릉설렁탕,113-2 대,204028.4239,545389.124
3387,서울의료원,171 대,205805.6481,545866.4843
3388,"강일3,6단지",351-2대,215475.2679,551714.9098
3389,코카콜라,556-1도,211457.5369,549973.1243
3390,장안현대홈타운,336대,206635.8227,552085.2917
3391,안평초교,473-6도,206428.4462,551620.1616
3392,군자교밑,480-19도,206283.4805,551302.3648
3393,부품상가삼거리,482도,205185.7166,551583.5024
3394,답십리1동,532-1제,204910.1878,551838.9141
3395,답십리초교,182-1대,204741.8998,551996.8294
3368,이문쌍용아파트,59답,206112.1674,555508.4856
3396,삼희아파트,478-25대,204578.5405,552152.677
3397,답십리초교(연등),149-4종,204666.3335,552070.1968
3398,보광타워,477-1대,204498.966,552262.7356
3399,신답육교,524-1도,204401.0632,552374.3148
3400,청계한신109동,648-1대,204143.9621,552613.6339
3401,태양하나어린이집,493-2대,204046.8051,552705.645
3402,청량리교회,672천,203985.5244,552884.0753
3403,청량리굴다리,670도,204050.0881,553035.6807
3404,전농1동(연등)2,666도,204130.2601,552827.6958
3405,한남대교남단서측,386 천,201435.5594,547074.2059
3406,전농1동(연등)1,534-31도,204305.5893,553105.4724
3407,연세의원앞,127-389철,204401.4078,553248.8103
3408,소화물창고,584-21도,204539.1947,553465.3392
3409,창경궁,,199706.94,553274.289
3410,천마빌딩,,204633.566,553613.3544
3411,농협전농지점,666도,204343.6059,552843.923
3412,혜화초교,,199966.1629,554321.5007
3413,농협전농지점(연등),524-1도,204472.34,552749.1056
3414,답십리래미안위브102동앞,335-15대,204528.9121,552549.6006
3416,동명교회,295-182대,204938.0811,552594.1354
3417,답십리한양아파트,10-9도,205260.7359,552593.9329
3418,답십리한양아파트(연등)2,10대,205168.3871,552595.2396
3419,답십리한양아파트(연등)1,80-1대,205353.979,552590.951
3420,힐스포츠센터,산2-11도,205610.5044,552585.887
3421,참튼튼병원(연등),123-11 대,206053.8628,552563.042
3422,참튼튼병원,291-1대,206154.6193,552550.2848
3423,장안아파트입구,470-1도,206577.3952,552514.972
3424,장평중,471-1도,206227.3589,551714.9688
3425,우리은행장안,469-9도,205977.1042,551833.162
3426,노원롯데백화점,729도,205347.5224,561631.9701
3427,동대문소방서,377-9대,205840.607,551588.5378
3428,"상계2,6단지",747도,205414.6676,561313.877
3429,중계역(연등),747도,205569.3268,560830.8849
3430,장안현대벤처빌(연등)3,383-11대,206072.0397,552018.3339
3432,보문시장,1-1도,201803.304,553763.9864
3433,장안현대벤처빌,371-7대,206131.2008,552132.0349
3434,연가교남측,529-22대,193124.4352,552468.0825
3435,장안현대벤처빌(연등)2,470-2도,206188.8021,552242.1329
3436,장안현대벤처빌(연등)1,306-12대,206260.6023,552380.0341
3437,햇살요양병원,312-7대,206351.061,552738.1612
3438,장안지구대앞,469-4도,206359.3331,552861.751
3439,장안동근린공원,92-17대,206371.8231,553099.1641
3440,장안동근린공원(연등),469-1 도,206365.1155,552967.4755
3441,장안2동주민센터,94-23 도,206204.0807,553248.7221
3442,국립과학관,,199731.5508,553545.5698
3443,서울여대,산223-8임,208280.7553,558445.9485
3444,월계대동아파트,392-125도,205225.4859,557959.8143
3445,롯데캐슬갤럭시1차아파트,395 도,201411.0495,546809.6001
3446,전농대원빌딩,30-1도,205403.7602,553156.5896
3447,동대문구노인정보화센터,295-26 도,204887.5323,552934.9536
3448,동대문구노인정보화센터(연등),325-21도,204956.1549,552991.747
3450,청솔우성아파트(연등)2,80-7도,205176.302,552825.42
3451,청솔우성301동,991대,205434.5707,552921.8478
3452,우아세어린이집,70-8대,205060.6592,552379.8547
3453,답십리두산아파트,36-2도,205050.7324,552247.3676
3454,답십리성당,534도,205005.0746,551943.4557
3455,군자초교입구,4-118대,205400.3972,551782.2089
3456,단골슈퍼앞,165-33종,205710.4032,551944.2204
3457,장안시장입구,12-4제,205497.7191,551934.3906
3458,동작구청,50-1도,194714.1099,545854.1816
3459,재향군인회,,199786.6644,552645.0948
3461,목1119동,325-11도,187838.1245,545369.4315
3462,세양청마루아파트,204-6구,187997.7043,545469.7852
3463,한신대,453-1도,201189.6592,559356.6441
3464,서울기독대학교,34-8도,192588.0084,555694.5096
3465,한유약국,2-24학,205657.4529,552197.8286
3466,백석빌딩,2-179대,205758.7774,552371.2344
3467,촬영소사거리(연등)1,114-1도,205907.0419,552697.1133
3468,장안LPG,1-92도,205967,552936.4268
3469,배봉초교(연등),95-1대,206013.4036,553121.0079
2603,신한예식장(연등)1,76-6대,191604.8036,546948.3194
2604,영등포시장역,65-8도,191613.4458,547028.4038
2606,서영물류센터,6-1 차,191062.0226,546829.5998
2607,교보생명영등포지점,30-1도,190521.5794,546936.0508
2608,유원문래아파트,27-1도,190053.058,546884.5735
2609,문래중,45-1도,189833.1601,546790.207
2610,문래LG빌리지단지안,54 대,190978.0715,546194.1973
2611,신한성내,9-2도,211180.2914,548698.7104
2612,문래LG아파트정문,49-1도,190800.072,546410.6751
2613,문래LG아파트후문,54 대,191085.8474,546383.5575
2614,영등포리더스뷰,31-1도,191110.2837,546567.2215
2615,도림고가밑,168-14도,191037.4677,545692.201
2616,양평벽산아파트(경보),27-5도,189569.9132,547101.2261
2618,서울교가변(삭),111-1도,192108.0923,546488.1626
2619,평화유치원,79-2도,190853.6949,548093.8707
2620,벧엘교회,1-6대,190751.5498,547927.9902
2621,문래역사거리(연등),30-2대,190589.1315,546645.8421
2623,청과시장입구,8-23도,191409.2696,546184.8584
2624,당서초교후문,331-12대,191198.8609,548063.4188
3460,양천구청역,327대,188084.0938,545897.1765
2626,영등포푸르지오아파트,647-4도,191397.4359,545941.3625
2627,동자동,14-52도,197544.7508,550179.1272
2628,용산1호정문,1-8도,197692.0732,548699.4016
2629,용산소방서,296-1 도,197566.0423,548277.7554
2631,재정관리단앞,492도,198841.6883,548761.5524
2632,동빙고동,19-2대,199235.5751,547773.1492
2633,6번정문,22-34잡,199257.3642,547536.1789
2634,롯데마트서울역,122-14 철,197263.5061,550641.9176
2635,소화아동병원,122-14 철,197263.6992,550485.9257
2636,소화아동병원(연등),122-22 철,197273.5262,550350.634
2637,청파동삼거리(연등),141-9도,197344.5749,549963.9525
2638,삼일교회,43-212도,197382.9622,549638.5162
2639,숙명여대입구,1도,197402.564,549489.4986
2640,용산서,53-13도,197260.4061,548968.3185
2641,신한은행원효,36도,196700.1168,548490.3166
2642,강원전자,8-19도,196487.8372,548373.9515
2643,원효3가,41-12도,196356.0572,548301.9621
2645,한강자이에클라트,8-1대,196051.9358,548039.5916
2647,신정빌딩(연등),151-3도,195748.9148,548131.6908
2648,강변삼성아파트,83대,195487.1911,548329.6661
2649,세계일보(연등)1,64도,197125.2258,547274.5287
2650,용산공고,419 대,197166.6306,547245.38
2651,이촌역앞,19대,197465.2195,547079.095
2652,철우아파트,19-2도,197324.4515,547127.5228
2653,이촌역,17-2도,197735.664,546990.7109
2654,국립중앙박물관(연등),11-426 대,198126.6169,546834.0016
2656,서빙고동주민센터,180-7도,199469.9733,546741.1582
2662,전자랜드(연등),16-7천,196450.9882,548196.7083
2663,철도정비창(연등)1,16-21천,196354.2909,548172.5641
2664,철도정비창,16-7천,196250.2458,548138.9851
2665,용마슈퍼,5-713철,196311.9537,549013.801
2666,용산롯데캐슬,5-742대,196809.2474,548792.0065
2667,부영주유소,171-1도,195989.6409,547940.4086
2668,제일은행이촌,171-1도,196031.4461,547549.8564
2669,새남터성당,171-1도,196159.3737,547373.8424
2670,강변맨션,171-1도,196385.8611,547164.5261
2671,이촌동,301-5도,196910.3798,546923.8405
2672,의사협회,302-30도,196984.247,546773.0222
2673,이촌동삼거리,301-5도,197036.4788,546906.862
2674,신용산아파트(연등)3,24 대,197406.8364,546830.9121
2675,신용산아파트(연등)1,301-5도,197148.5313,546883.8444
2676,한강맨션,301-5도,197553.2446,546769.3466
2677,신용산초교,301-5도,197810.5405,546668.6311
2678,이촌건영아파트,11-438대,198074.0922,546563.4313
2646,원효산호아파트,6-82 도,195597.0566,548211.8389
2657,잠수장,37-2대,199706.2895,546832.1813
2659,나진전자상가(연등),48 대,196971.2964,548238.1012
2660,용산전자상가(연등),54-1학,196806.0604,548211.2334
2661,전자랜드,16-39도,196605.2922,548180.7233
2679,렉스아파트,412-6 대,198184.2108,546522.3233
2680,금강병원,301-163도,198345.3836,546487.4702
2681,신동아쇼핑,241-105대,198714.6917,546485.1793
2682,강변신동아(경보),69-7철,198724.1891,546357.7342
2683,용문시장,126-4학,196494.2603,548672.6252
2684,용문동주민센터입구,127-1도,196435.9822,548777.8565
2685,국민은행효창,5-2도,196650.0255,549097.3771
2686,효창공원,89-191대,196929.8641,549514.3554
2687,효창공원(연등),98-11대,197070.6074,549485.2716
2688,남산맨션,726-465도,200147.2099,549345.4919
2689,하얏트호텔,산1-127임,199720.6,549060.6306
2690,남산공원,산1-138임,199578.8489,549173.2016
2691,남산체육관,산1-5임,199316.4091,549237.2949
2692,하이츠빌라,262-71도,199208.229,549422.5038
2693,용산2가동주민센터,산1-1임,198694.6761,549671.2284
2696,국방민원실,8-57대,198135.6225,548358.5627
2697,"1,2번정문",6대,198299.2316,548362.0099
2698,"3,4번정문",6대,198643.4355,548380.1155
2699,이태원,154-13대,199150.7701,548308.2142
2702,제일기획앞,738-29도,199896.9413,548420.551
2703,다래원,743-28도,199759.684,548357.3701
2705,한강진교회,738-29 도,200140.0043,548754.5799
2706,한강진역,726-494도,200154.8061,548946.3825
2707,한남역,525-45천,200621.9184,547701.2898
2709,한남아이파크,63-1 도,200610.0565,548057.2436
2710,UN빌리지(연등),263-14도,200790.5294,548283.38
2711,UN빌리지,32-37도,200914.9337,548345.7996
2712,말레이지아대사관,218-14대,201099.0436,548712.4696
2714,81번종점(경보),6-2대,200084.1101,547407.6941
2715,한국폴리텍대학,732-23도,199724.3108,547865.9553
2716,청화아파트,96-93도,199556.8003,548004.8976
2717,일심외과,142-90도,197650.0402,549530.067
2718,갈월사회복지관,1-3구,197799.4267,549555.8584
2719,미주고시원,243-4도,198043.4108,549856.1162
2720,후암시장,244-146도,197997.6479,550075.358
2721,후암시장(연등),10-1도,197962.0721,550236.1112
2694,고엽제전우회,산1-2임,198614.4005,549873.0224
2695,국방부,8-4도,197869.8931,548346.3295
2700,이태원(연등),135-77대,199289.2994,548317.955
2701,이태원소방파출소,748-22대,199608.705,548344.5754
2713,보광동,87-3도,200195.4256,547277.7959
2722,영주교회(경보),339-12대,198438.477,549810.3613
2723,신성아파트(연등),79-3 학,212737.1886,547594.6286
2725,상일동대림빌라(경보),168도,214326.448,549606.2785
2726,성내중학교정문(경보),575도,211372.5921,547653.424
2727,성일초등학교정문(경보),574도,211423.3358,547794.8097
2728,둔촌동연세치과,462도,212574.7495,547963.5411
2729,둔촌주공아파트(연등),77-15답,212423.5618,547589.1037
2730,한산초교,79-4 공,212595.6659,547695.0447
2731,상일동낙타고개(경보),산60-10도,213617.701,549207.1574
2732,암사동코카콜라(경보),246-1도,211358.7446,550026.4781
2734,신명초등학교(경보),산26임,213226.3314,549009.5609
2735,중앙하이츠(경보),산 54-1 공,214078.8432,550052.5752
2736,강동고등학교(경보),163도,214279.7027,550155.6254
2737,상일동주민센터,124대,214897.8247,550117.8178
2738,강동경찰서앞(연등)1,590대,211134.0099,547677.4864
2739,강동경찰서앞,521-1 대,211177.0413,547652.6301
2740,성내초교소방파출소(경보),112-36도,210784.3826,548045.2344
2742,강동구민회관,26-15대,212509.5507,549630.366
2743,천호시장,421-18대,211307.4052,548989.1538
2745,고덕중학교(경보),224도,214203.5526,551258.8205
2746,선사주거지(경보),193전,211507.2817,550897.5647
2747,래미안솔베뉴앞(연등)1,산10-1도,212732.0507,550280.6041
2748,삼익그린2차후문(경보),15대,213087.7312,549991.1158
2749,주양쇼핑,46-7도,213504.9591,550277.8978
2750,한양대후문,102-17도,204412.7202,550689.8542
2751,둔촌역청구아파트,386-31대,211837.5688,547792.6704
2752,명원초등학교,37공,213230.0688,550248.9933
2753,고덕1동사무소(경보),603도,213146.971,551041.2651
2754,천호유치원앞,282-21대,211533.5899,549124.7576
2755,현대프라자앞,398대,211418.1998,548910.6193
2756,선린초교,30-4대,212806.5446,547715.2724
2757,삼익파크아파트(경보),53대,213065.838,549331.6126
2758,길동성당(경보),54-1도,213101.7323,549473.5129
2759,신한은행명일,332-1대,212900.4622,549676.8243
2760,고덕1PB(경보),493공,213149.7096,550895.5403
2744,양지마을,524도,212059.6446,550815.0085
2761,고덕초교사거리,산14-12 임,214666.646,551185.1655
2763,길동시장(경보),414-11도,212107.8289,548500.475
2764,묘곡초등학교(경보),307대,213612.8977,550910.1767
2765,시민공원입구(경보),659-1천,211020.7869,550799.2686
2766,고덕대우아파트(경보),산96임,212970.4777,551247.4796
2769,취수장(경보),산1-2제,212788.3163,551904.9206
2770,쓰레기압축장입구(경보),678천,214121.6646,552371.4612
2771,취수장정문(경보),396-1제,213028.2895,551875.961
2772,대명아파트,192-35대,211620.5,548777.2097
2773,천지안마(경보),546-7제,210820.7101,549773.9869
2774,"강일5,7단지",,215848.2687,551906.8937
2775,명덕초등학교(경보),469도,212891.9381,550786.8376
2776,영락보육원(경보),30-145도,198423.4571,549916.3293
2777,래미안용산,2철,197041.3118,547777.9842
2778,용사의집,40-999철,196905.8814,547614.8497
2779,용사의집(연등),422-2 도,196957.888,547683.3708
2780,한남지하차도,683-38대,200048.5381,548303.9399
2781,한남제일빌딩,629-4도,200566.6348,548192.217
2782,용문시장1문(연등),12-14도,196549.0034,548552.8131
2783,서빙고초교,4-2도,199186.8681,546970.9262
2784,효창공원앞역(연등),132-164대,196619.7137,548968.483
2785,원효로2가(연등),79-4대,196662.014,548323.819
2788,이촌119안전센터,110-1대,195866.7214,547851.0103
2789,청파초교,259-3 학,196767.5908,549777.1624
2790,일신기사식당앞(경보),136임,196759.7559,549673.4326
2791,효창공원삼거리,1-42학,196790.5006,549495.9966
2792,용산브라운스톤(연등),104대,196433.6403,548643.8172
2795,원삼탕(경보),257-1도,196148.7723,548235.4163
2796,원효2동사무소앞(경보),78-1대,195712.5818,548343.439
2797,청암삼성아파트(경보),353대,195632.9366,548296.537
2798,충남타이어(경보),92-1도,195336.0588,548319.439
2799,도원래미안삼성아파트(연등)1,272대,196304.3668,548887.9975
2800,도원교회(경보),157대,196053.0437,548867.243
2801,SK청암대(경보),64-1대,195427.6283,548434.4208
2802,남정초교(경보),56-2도,196839.0855,548466.7692
2803,관광터미널주유소(경보),23-1유,196646.793,548085.9579
2804,원효대교북단(경보),16-76도,196007.1684,547989.9371
2805,아모레퍼시픽,102-1도,197326.8889,547730.028
2806,한강초교(경보),65-8도,196898.2434,547278.2093
2807,이촌대우아파트(경보),66-2도,197452.9481,547031.8411
2808,용산고교(연등),244-79대,198085.6482,549666.8655
2809,20게이트(경보),1-1594도,198141.6971,549469.3082
2810,용산중학교,316대,198272.3356,549640.0806
2793,신창제일교회(경보),56-1도,196037.4132,548480.2459
2794,신창공영주차장(경보),31-3도,196083.4888,548389.4599
2811,45번종점(경보),418-11도,198336.9321,549691.8049
2812,용산동5가R(경보),406-97도,198626.3973,549728.5569
2813,독일문화원,산1-2임,198500.1839,550178.308
2814,남산유도관(경보),48-3도,198830.4005,549459.9809
2815,대성교회(경보),276-15도,198996.2439,548831.2517
2816,성도약국(경보),225-61대,199074.1887,548868.9896
2817,삼원휘트니스(경보),260-373 묘,199263.5132,548920.2082
2818,남산2호터널(경보),262-38대,199076.3751,549403.1272
2819,이집트대사관삼거리,5-1도,201034.4949,548545.3436
2820,우성쇼파(경보),657-34대,200137.8087,548249.8845
2821,한남우체국(경보),653-3대,200326.1732,548218.4963
2822,한남치안센터(연등),703-5대,200505.2189,548038.0525
2823,한남치안센터,76-6대,200539.7429,547946.7014
2825,보광중소기업은행앞(경보),260-9도,199928.7516,547612.1247
2826,보광제3경로당,243-25 도,199823.7368,547748.5635
2827,보광초교,738-29 도,199680.2446,548040.4934
2828,보광동사무소(경보),217-2도,199970.0033,547402.0297
2829,터키대사관(경보),1-12잡,199689.7038,547438.6699
2830,동작대교북단(경보),69-11도,198536.3576,546565.7643
2831,이촌삼성래미안(경보),300-305도,197987.4663,546352.0458
2832,한강대우아파트2(경보),66-4도,197226.9421,546996.2355
2834,도원래미안삼성아파트,139-276대,196199.9172,548930.6239
2835,신공덕삼성아파트(경보),155대,195991.8327,549377.8744
2836,서울여중앞(경보),128-89도,195335.2607,549753.2203
2838,대농빌딩(경보),33-1대,195072.567,548884.3978
2839,마포주차장정문(경보),51-4구,195038.5732,548849.1118
2840,마포대교북단램프2,50-3도,195060.7076,548725.0731
2841,신수동현대아파트(경보),445-5대,194441.6278,549351.7162
2842,한강삼성아파트(경보),10-2구,194785.0829,548986.3769
2843,서강LG아파트앞(경보),97-1전,193814.6892,549460.0929
2844,다우빌딩,197-23대,193097.0412,550824.5505
2845,서교동사거리(연등),427도,192847.1298,550280.9241
2846,홍대클럽거리(연등)1,412도,193199.4829,549960.553
2847,홍대클럽거리(연등)2,406도,193226.6995,550227.5108
2848,망원교회(연등),420-7구,191312.2626,550797.397
2849,한강공원입구,438-8대,191071.7559,550737.6761
2850,아현초교,126-16대,196146.2115,550591.5638
2851,아현스포렉스(연등),138-24대,196075.9809,550742.0977
2852,양화진공원(연등),429-31대,191968.4104,550002.1352
2853,포은길(경보),436-31도,191793.845,550181.2406
2854,망원제2빗물유수장앞(경보),450-3전,191423.9696,550189.2647
2855,성산동대한빌딩,634-6 대,192494.548,550704.0331
2856,한얼길세화회관앞(경보),479-9대,192343.2824,550614.3263
2857,중동청구아파트정문(경보),89-4천,191263.0888,552744.363
2858,도화동우성아파트(경보),81도,195351.6987,548686.8392
2859,서교가든앞(경보),478-10도,192492.1876,550592.3732
2860,성산모터스(연등)2,481-1대,192371.5764,550565.5389
2861,망원동사무소앞(경보),436-43대,191355.3896,551257.1198
2862,망원동7번버스종점(경보),468-6도,191315.8319,551324.6281
2863,공덕동효성빌딩,396-45 도,195688.2906,549537.8357
2864,수색교무연탄저장소앞(경보),529대,189515.9246,553964.5396
2865,동성교회,15-7대,183526.1625,551299.3745
2866,공항전화국,6-4도,183790.1768,551264.3496
2867,등촌동,665-15도,186268.9288,550949.381
2868,KBS스포츠월드,707-3체,186727.6681,550822.9946
2869,등촌중,636-48대,187720.9416,550372.0072
2870,양동중,264-27대,188609.2012,549789.4793
2871,양화교,286-2제,189185.672,549740.0347
2873,강서면허시험장,427-12 공,184093.1315,549913.0393
2874,공항천주교회,307-9대,183421.4058,550634.806
2875,방화중,648-48대,182881.4187,551681.445
2876,개화지하차도위,851대,182791.8298,552035.7609
2877,개화119안전센터,507-1도,182557.3751,552834.2422
2878,개화검문소,632-32도,182310.4951,553295.8932
2879,행주대교남단,437구,182198.0707,553498.6926
2880,대한항공,795답,183689.1713,550068.4256
2881,능인검문소,1370 잡,183405.9319,549586.8491
2882,동아아파트,284-62도,189085.7105,549978.1858
2883,동아아파트(연등),284-62도,188956.4102,550020.6999
2884,염창새마을금고,301 대,188781.1185,550087.8286
2885,삼성한마음아파트,270-1대,188274.8074,550525.0942
2891,공진중학교,29-2답,186646.8667,551662.7825
2892,공진중학교(연등)1,54-1도,186548.1633,551726.4404
2893,제일제당정문,1462-2 공,186210.5758,551957.5756
2894,도레이첨단소재,산3공,185660.6598,552329.8284
2895,마곡레포츠센터(보),76답,185192.8444,552575.578
2896,서남물재생센터,407-35 도,184660.9694,552613.692
2897,서남환경공원,123잡,184326.2457,552649.8602
2898,방화2단지,842-7도,184143.7306,552656.9192
2899,신방화사거리(연등)1,834-5도,183931.9583,552661.828
2900,신방화사거리,835-7도,183811.6402,552659.8785
2901,신방화사거리(연등)2,286-2도,183707.8182,552665.7438
2902,방화1치안센터,813-17도,183564.9017,552672.7519
2903,개화산역,808학,182987.3417,552597.358
2904,개화산역(연등)1,531-1도,182859.9367,552579.683
2905,개화산역(연등)2,849-2도,182989.4304,552527.6887
2906,화곡사거리(연등),941-1도,186559.1095,547801.1722
2886,강서예가아파트,300-1 도,188135.953,550627.0795
2887,증미역,1484-5도,187904.5887,550822.1791
2888,강서소방서,1484-5도,187711.9469,550953.3746
2889,강서구청별관입구,451-4도,187462.6657,551117.0894
2890,"가양3,5단지",17-10도,186891.314,551496.0156
2907,화곡터널북단,662-10도,186079.0998,548803.8668
2908,화곡SK현대주유소,1060-30 대,185992.8096,548978.2595
2909,서울큰나무병원,1089-29도,185671.5677,549430.008
2910,강서성결교회,1089-11도,185545.9419,549651.9104
2911,우장산역,1089-6도,185538.966,549839.5046
2912,우장산역(연등),724-63도,185538.0207,550008.3193
2913,내발산초교앞,677-7대,185539.6429,550155.122
2914,발산119안전센터,727-3도,185601.6534,550601.8445
2915,명덕고교입구,724-28도,185537.2091,550356.9361
2916,발산119안전센터(연등),1454-8도,185642.0972,550760.9789
2917,그랜드마트,709도,185742.4759,551138.0796
2918,팬코,709도,185771.3811,551256.2063
2919,등촌1-10단지,709도,185845.7208,551532.716
2920,대륭드림타운,151-9 도,185939.8724,551906.4325
2921,대아아파트앞,1457-6도,186027.8978,552390.3377
2922,신월초교입구,1089-50도,185526.9483,549010.9712
2923,화곡시장,95-27대,186151.5694,549362.7371
2924,한국폴리텍대학입구,95-1도,186329.089,549671.8116
2925,우장초교,995-3대,186481.2099,549929.049
2926,강서구청(연등)3,1000-2도,186577.2782,550066.676
2930,우장공원입구,1106도,186808.4439,550405.3607
2932,마포고정문,14-3대,187116.749,551096.9974
2933,등서초교후문,666-63도,187252.1616,550275.8606
2934,백연공원(연등),1120-3대,186879.8422,550033.0824
2935,람원교회앞,1113-13대,186979.5873,550240.0842
2936,화곡초교,24-69대,186396.5438,549415.1831
2937,신월초교,1089-52도,185789.1812,548827.3911
2938,월정초교,377-11대,185458.2125,548372.6262
2939,월정초교(연등),372-135대,185514.9037,548258.3327
2940,나누리병원,1082-11대,185597.9294,548640.6095
2941,한성빌딩,1089-68도,185851.1468,548686.1435
2942,가양9단지,1493-2도,188088.4963,551049.7118
2943,염강초교(연등)2,1484-5도,187960.4316,551138.6513
2945,염강초교,1484-5도,187872.7546,551197.5766
2946,가양초교,1484-4도,187642.042,551352.2358
2947,도봉검문소,637 도,204000.4924,565646.8077
2927,강서구청,1096-19대,186699.9276,550246.6943
2929,강서구청(연등)1,1096-6도,186739.1055,550310.4577
2948,도봉산역,8답,204018.9924,565484.2462
2949,도봉한신아파트,30-1 대,204057.6988,564874.2867
2950,럭키아파트,639 철,203966.6541,564204.8428
2951,도봉현대주유소,639 철,203917.8067,563852.8312
2952,방학역,621 대,203810.2902,563045.3008
2953,방학홈플러스,705-15 주,203772.0467,562773.3629
2954,방학교남측,752-6 도,203726.044,562442.1336
2955,창동변전소,717-8 도,203627.9927,562200.7615
2956,도봉구민회관,629대,203360.3113,561629.8565
2957,정의여중입구(연등),703-1도,203323.7421,561310.7336
2958,창원초교,325 도,203669.7664,561348.2217
2959,창주공1단지,823 대,203623.4429,561554.9885
2960,도봉보건소(연등),723-10도,203561.7867,561860.2994
2961,창1동주민센터,355 도,203864.7833,560941.2772
2963,삼환빌라(연등),355 도,203676.3913,560807.4777
2964,KT도봉지점,663-48도,203153.6656,560725.8083
2965,창동시장입구,703-6도,202952.6826,560765.8583
2966,우이교,83-10도,202748.1611,560394.0736
2967,수유3동우체국,550-1천,202545.4434,560152.3004
2968,강북종합시장,140도,202225.0404,560171.0903
2969,우이3교,703-16도,203234.7466,559729.6243
2970,신창초교입구,703-18도,203480.1349,560053.5694
2971,가양초교(연등)1,439-1제,187484.8316,551463.8437
2972,가양3단지(연등)3,439-1제,187228.2632,551638.8167
2974,가양3단지,439-1제,187072.2319,551742.7938
2975,가양3단지(연등)1,439-1제,186961.372,551841.1806
2976,공진중,1459-9공,186785.0839,551916.4489
2977,공진중(연등)2,산1-4 도,186699.4111,551758.7042
2978,허준박물관,1475-1도,186824.3096,551984.0948
2979,성재중(연등)2,439천,186686.9736,552136.6316
2980,성재중(연등)1,439천,186582.2335,552198.1679
2981,시영2단지,439-1제,186331.3829,552287.3669
2982,성재중,439-1제,186465.0408,552240.2244
2983,시영2단지(연등)1,439-1제,186252.5321,552315.1815
2984,시영2단지(연등)2,1459대,186129.9535,552355.7233
2985,등촌성당,709-19도,186321.778,551063.5355
2986,등현초교,709-8도,186454.2411,551308.9336
2987,대림아파트사거리,709-8도,186596.6164,551569.2545
2988,등촌8단지상가,1478대,186842.1434,551422.567
2989,등원초교,709-13도,186752.4448,551126.0537
2990,등촌주공602동,709-13도,186592.662,551235.0132
2992,등빛도서관,709-7도,186061.7008,551477.3965
2993,등양초교,92-1 장,186216.1183,551739.2694
2994,등명초교앞(경보),709-21도,186206.455,551169.0022
2995,등촌주공근린공원,683-2대,185929.5894,551512.3603
2996,삼성생명,681-4대,185859.5172,551234.685
2997,칠성아파트,811-27도,183365.9983,552868.541
2998,방화5단지,817대,183413.575,552976.4871
2999,방화503동앞,817대,183345.5429,552980.1933
3000,방원중학교,813-16도,183145.0945,552986.0275
3001,방화삼환아파트,832대,183513.5542,552973.9736
3002,방화삼환아파트(연등),813-17도,183571.9302,552973.6341
3003,강서공고앞,834-3도,183817.0449,552970.0023
3004,방화3동성당,835-7도,183937.5978,552959.0647
3005,방화3동성당(연등)1,835-7도,184026.3463,552942.8641
3006,삼정초교앞,816-1도,183277.8427,553316.8623
3007,개화아파트,819-1도,183547.5219,553398.2632
3008,방화역,816-1도,183502.4163,553246.6759
3009,방화동성아파트(경보),855공,183563.0711,553227.962
3010,공항시장,606-41대,183262.176,551580.6154
3011,국제예식장,597-30대,183376.9803,551786.3988
3012,방화2동(연등),793대,183456.8791,552030.105
3013,방신시장,563-20도,183352.1533,552505.1686
3014,방화2동,580-2도,183367.8891,552041.7861
3015,영보빌딩,858-1대,183361.6848,552206.0528
3016,서우빌딩,563-20도,183354.0114,552374.9631
3017,방화초교,874 대,182991.1633,552045.7566
3018,신정초교,454-19대,186991.3274,547960.3715
3019,경인빌딩(연등),812-28대,187547.0427,548050.3635
3020,수협직판장,301-11도,184019.5392,550559.9064
3021,화곡대림아파트,662-15도,185687.2634,548342.0033
3022,강서우체국,709도,185893.7001,551731.4745
3023,등양초교후문,92-1 장,186347.85,551724.5044
3024,김포세탁앞,1369-11도,183825.15,550620.1857
3026,가양IC,439-1제,186169.9604,552697.2811
3027,화곡2치안센터(연등),867-54 대,187171.4502,547989.2378
3028,대동전자,841대,183805.9618,552400.1738
3031,대한항공케터링센터,768-1 학,183586.4221,550169.692
3032,등서초교입구,1120도,187035.0361,550361.0405
3033,방화초교(연등),,176512.6952,566136.312
3034,백석초교후문,240-21대,187943.7714,550482.5269
3037,우장공원입구(연등)2,1106-1도,186893.9637,550587.7387
3039,삼성관음아파트,284-27도,188513.0888,550354.721
3041,신사오거리(연등)2,91-10도,192646.0852,555531.234
3042,본서부병원(연등)2,158-22도,193150.4193,555780.6218
3043,증산2교남단,359-5도,192139.5963,553836.0864
3044,홍은2동주민센터(연등),산11-76임,194258.7254,553494.8642
3045,홍은두산아파트,277-66대,193947.2636,553231.0946
3046,가좌역,155-216도,192510.9683,552178.6806
3048,태평빌딩,산7-1임,190184.188,554013.7611
3049,수색검문소,281-11도,189929.492,554288.9411
3050,은평수협앞,84-14도,193505.5348,555873.8785
3051,명지대삼거리(연등),422-3도,193651.88,553417.1745
3052,명지전문대,338-166대,193320.1226,553844.8605
3053,충암초교,761 대,193222.3727,553961.2927
3054,증산초교(연등),205-17대,191727.818,553750.2715
3055,송중초교,860-128 도,202703.7772,557429.7886
3056,도봉삼환아파트,637-53 도,204187.8154,564500.8033
3057,창동중,720-1 대,204287.7068,562523.8883
3058,동부센트레빌아파트앞(연등),726-139 도,203459.9823,562578.6748
3059,쌍문지구대,634도,203357.8244,561952.9895
3060,반석교회,75-21도,203073.7594,561292.9901
3061,쌍문역,83-4도,203053.4004,560984.3891
3062,삼미북부주유소,96-30대,202867.3274,560589.5886
3063,화계유치원(연등),1-11대,201823.5183,559432.294
3064,수송초교,471-73대,202817.0767,559672.4796
3065,새마을금고번1동,465-96도,202654.9684,559805.2826
3066,대광빌딩,140도,202087.367,560295.3797
3067,대한병원,386-16도,202090.7042,559617.5179
3068,두산약국삼거리,386-16도,202251.9242,559468.8133
3069,국민은행수유동,,202062.4901,559336.1002
3070,궁전회관,165-41대,202218.4566,558816.8103
3071,도봉세무서,228-44도,202555.8385,557759.8118
3072,방송대북부별관,231도,202473.9384,558016.168
3073,솔샘빌딩,327-3대,202419.6545,557514.2141
3074,방천시장입구,79-107 대,203101.63,556881.9486
3075,월곡뉴타운정류장,21-138 대,202435.608,556301.325
3076,동일하이빌,90-1학,202796.6821,556155.7122
3077,과기원후문,37-7도,203997.1224,556131.0079
3078,동덕여대,37-7도,203794.1163,555981.5071
3079,월곡역입구,110-18도,203584.1453,555636.3636
3080,KT월곡,70-11대,203153.585,555888.9297
3081,성북트리즘빌딩,222-1 대,203372.8304,555893.083
3082,종암2치안센터,3-70도,202976.065,555689.4268
3083,성북중앙병원,3-195도,203125.538,555229.4744
3084,숭례초교,10-76대,203169.996,555008.8211
3113,구룡사거리,,189071.4267,553417.3496
3085,사대부고앞,12-33 도,203206.0619,554834.6701
3086,제기한신아파트,122-388 천,203330.1347,554220.6187
3087,제기새마을금고,120-240대,203403.1815,553962.0369
3088,광성상가(연등)2,849 도,203393.6768,553363.6136
3089,제기사거리,856도,203412.4011,553710.0446
3090,용두교앞,65도,203086.5643,553178.6821
3091,제기동,849 도,203375.8224,552948.1945
3092,사천교서측,147-7대,192616.3739,552113.3894
3093,월드컵공원관리사무소,393-5천,191090.3595,551614.7218
3094,성사중입구,126-4천,192387.085,551909.2344
3095,모래내지하차도,119제,192572.8532,552036.5284
3096,중암중교,385-18도,191666.1318,552553.9498
3097,중동교,238도,191239.4439,552874.4203
3098,트라펠리스,406-421수,188652.9544,547290.441
3099,목동하이페리온2,406-422수,188476.1804,547322.919
3101,목동하이페리온1,916-1도,188864.504,547416.1672
3102,서부면허시험장입구,산26-1임,189732.7619,552918.2146
3103,중동청구아파트삼거리,84-9 철,191431.5361,552729.9488
3104,연희중학교,5-47대,192841.0746,553209.8488
3105,백련시장,318-6도,193209.8213,553100.2225
3106,가좌동광교회,410-27도,193389.3915,553014.4212
3107,백련시장(연등),318-6도,193297.7083,553082.8535
3108,가재울사거리,224-12대,192732.1108,552822.9735
3109,월드컵파크2단지,102-1대,190289.0585,552822.5144
3110,남가좌교회,248-21대,192380.7157,552417.4714
3111,월드컵파크4단지,87-3대,190138.2387,552942.9583
3112,북가좌삼호아파트(연등),96-6대,192262.0187,552916.8122
3114,한촌설렁탕,325-35대,192113.6079,553295.4091
3115,대림한숲아파트,415-3 도,191213.1683,554079.5575
3116,증산시장,207-8대,191567.0551,553534.6554
3117,연서중,197-2도,192077.3951,554074.1764
3118,홍제초교뒷길(경보),440-5 공,194889.3827,554709.0021
3119,홍은교,45-62천,195288.2163,554995.5459
3120,홍은후레쉬대형마트(경보),455-3대,195217.7231,554992.0353
3122,남가좌동현대아파트,222-2도,192877.9851,552709.4431
3124,성은교회,319-16도,193125.3,552751.4562
4000,목동운동장,914-3제,189774.3049,547806.0306
4001,목동아이스링크,919-1도,189277.6934,547818.5209
4003,서라벌고교,314-2도,206746.3754,560539.4939
4005,가양5단지상가,1479-14도,187007.6942,551653.6138
4008,한천교,191-1도,206029.1507,558231.6789
4009,온수골사거리,670대,205182.1472,562400.1399
4010,월계3동주민센터,660-7천,206125.3805,557967.6533
4011,월계역입구,354대,205263.4239,559441.1266
4012,녹천초교,322-8도,205677.1458,558729.2572
4013,녹천초교(연등),322-6도,205590.2709,558693.0785
4014,월계한진아파트,19도,206178.8262,557580.6937
4015,중평초교,503-1도,205700.3737,559828.6552
4016,중평초교(연등)1,503대,205659.3821,559945.3708
4017,중평초교(연등)2,507-3공,205757.5772,559673.914
4018,중계그린아파트,503-1도,205608.6142,560093.8982
4019,중계그린아파트(연등),503-1도,205572.8694,560186.9808
3125,DMC에코자이,360-10대,192945.0329,553025.6112
3126,DMC센트럴아이파크,5-305대,193152.1401,553226.6088
4020,하계2치안센터,270-2도,205954.192,559126.3123
4021,용원초교,107-2철,206044.8189,558807.6201
4022,공릉1수문,378-3도,206241.9755,558342.7878
4023,노원여성발전센터,500공,205508.1611,560368.6645
4024,하계2치안센터(연등),270-2도,205927.7141,559195.6888
4025,"하계5,6단지",270-2도,205835.5117,559451.3222
4026,상계주공4단지,262-2도,205986.6151,561473.327
4028,강북구민운동장,821 대,203667.885,559006.5727
4029,월계2치안센터,633-50대,204922.7594,558727.0601
4030,하계실버센터,271-3대,205677.1239,559322.6095
4031,서울메트로뒤(연등),980-53도,198956.7993,542066.6247
4032,을지병원,284-3도,206208.6503,559734.1422
4033,중계7단지(연등),366-2학,206978.7612,560943.0712
4034,동천학교,288-4도,206539.3961,560501.5811
4035,중계롯데아파트,378도,206356.888,560895.7851
4037,불암초교,391-1도,207156.7318,561214.6495
4038,불암초교(연등),391-1도,207144.5431,561113.2049
4039,신안동진아파트,391-1도,206884.7779,561226.8262
4040,비우당교,92-34도,202360.9321,552389.0419
4041,원광초교후문,371도,206701.5808,561665.4219
4042,중계8단지,360-2대,206553.5694,560886.2292
4043,수암초교앞,391-1도,207114.4636,560934.0311
4044,청구종합상가,359-1대,206567.7607,561234.6436
4045,청구종합상가(연등),377도,206658.1764,561230.7389
4047,"상계6,7동주민센터",389-247대,205910.705,561793.3734
4048,신계초교,782도,204771.7643,558929.511
4053,청백4단지,782도,204617.6803,559201.1394
4054,대호프라자,157-59도,206470.2526,562174.2454
4055,노원자동차검사소,산16-38임,206390.8736,559814.4189
4056,양지근린공원(연등),391도,206765.1454,561063.4583
4057,중계종합사회복지관,391도,206780.9827,561958.0197
4058,중계종합사회복지관(연등),391도,206888.1393,561878.9552
4059,"중계주공4,5단지",369대,206892.736,561660.918
4060,"중계주공4,5단지(연등)",369대,206899.8035,561756.3279
4061,불암지구대,391도,206846.5254,561401.6664
4062,불암지구대(연등),391도,206898.2004,561531.6428
4063,중계9단지,266도,206737.1686,560177.7381
4065,창동교,739도,204868.9311,561496.6958
4066,농협태릉지점,589-22대,206824.8314,557632.3909
4067,정릉경남아파트,1대,201534.8055,555939.9632
4068,삼육대,26-3도,209494.2232,559816.2895
4069,전파연구소,,209908.9945,560191.2309
4049,월계어린이집,429-10도,205549.2451,557899.7209
4051,인덕대학,620-3도,204854.07,558817.6817
4052,청백1단지,782도,204605.6564,559388.2913
4070,체육과학연구원,26-35도,209339.1327,559535.3774
4072,태릉사격장,산223-22임,208491.1409,558704.5233
4074,화랑삼거리,107-153철,208013.5877,558248.3359
4075,석계역동측,375-23도,205855.4315,557250.7294
4076,중계7단지,366대,206866.0781,560940.1196
4077,원광초교(연등),370도,206520.4398,561538.0768
4078,한진그랑빌아파트,148-232도,203253.0875,558556.1708
4079,노원경찰서(연등),288-2공,206363.8707,560326.5517
4080,월계지구대,412-1철,205448.4708,558121.8187
4081,"상계3,4동주민센터(연등)2",5-15임,207243.5631,563520
4082,"상계3,4동주민센터(연등)1",산154-24임,207373.3395,563705.8921
4084,공릉배수지,산2-4 도,207272.5454,559881.2125
4086,불암도서관,69대,207243.8631,560677.9647
4088,우암타운아파트,48-3대,207342.7978,560503.9086
4089,우암타운아파트(연등),43잡,207346.964,560447.3664
4090,선곡초교,472-4대,205062.1106,557630.7321
4091,마장하이츠아파트,804도,203537.5161,551793.4547
4092,염창하나로약국,292-1대,188677.6295,550178.4973
4093,국민은행서교동지점,192-5도,193182.8639,550508.7143
4094,상계5동주민센터,159-4도,206114.5815,562558.7192
4095,월계국민은행,85철,205314.4963,558158.8197
4096,월계변전소(경보),산108-11도,205263.0045,558718.3955
4097,월계초교,585도,204408.7491,558680.9758
4098,신창중(경보),850-1 도,204211.5761,558673.2183
4099,월계극동아파트(경보),803-2도,204097.0458,558877.3536
4104,공릉터널북측(경보),산34-8도,206926.4368,559785.2981
4105,공릉터널남측(경보),155대,207340.8701,559274.1097
4106,태릉골프장,산223-19임,208656.9767,558951.5713
4107,신성미소지움아파트,886도,186364.592,547052.3528
4108,신설동역앞,92-34도,202365.1472,552711.9149
4109,서울여대남문(경보),111-2도,207788.45,558406.782
4111,공릉119안전센터,240-2대,207128.7841,557752.031
4112,위례상고후문(경보),172-3천,206665.1314,558911.8509
4113,응암수협은행,660도,192997.9851,554193.8108
4114,공릉한보아파트(경보),421-4도,207083.2681,558650.1795
4115,준효약국,239-4도,206995.9305,558080.0343
4116,로숀편의점(경보),657-2도,206910.2784,557744.2696
4118,한솔부동산(연등),345-6대,206927.4813,557925.8932
4119,나래어린이공원(경보),318-2구,206253.2993,558623.0152
4120,연촌초교(경보),153-4도,206408.6598,559403.4533
4100,초안1단지(경보),905-3도,203895.5575,559186.5888
4101,녹천초교(경보),322-3도,205564.0752,558756.9822
4102,녹천마을(경보),772-1도,204780.0113,560334.4234
4103,성북물류창고(경보),68-31도,205671.3902,557471.1769
4121,청솔아파트705동(경보),273-5도,206189.7642,559133.1519
4122,한신코아빌라(경보),250-7도,206204.1533,560150.8947
4123,학여울청구아파트(경보),354-2도,205413.2358,559724.464
4124,청소년수련원(경보),504-2도,205352.6322,560008.8453
4125,노원문화예술회관,391-1도,207036.6433,561223.9835
4126,중계초교(경보),452도,206380.1635,561974.0918
4127,서라벌고(경보),256-28도,206622.4918,560548.3889
4129,상계3파출소(경보),172-3도,206605.0678,562706.4099
4130,상계푸르지오107동,산150-1임,206502.2301,562807.3275
4131,대동택시(경보),138-3 도,206436.5084,562867.3226
4132,방송대북부별관(연등),231도,202502.5768,557909.9364
4133,외환은행수유,159-5대,202121.5133,559125.6221
4134,상계9동주민센터,689-1도,205596.6887,562798.6566
4135,강북구청입구(경보),175-49대,202274.2788,559963.8354
4137,영도교,,201665.9535,552407.7287
4138,대한병원(연등)1,224-19대,202034.8038,559626.2828
4139,수유3동주민센터(연등)1,140도,202018.8913,559792.0171
4140,수유3동주민센터(연등)2,140도,201989.4205,560111.6405
4141,이광언내과(연등)1,,202079.3368,560562.1227
4142,이광언내과(연등)2,349-1 도,202201.0427,560747.847
4143,이광언내과,358-2 도,202159.7511,560684.1699
4144,숭미파출소,309-52대,202266.2515,560846.8787
4150,수유우체국,273-64대,201386.5497,560593.069
4151,삼익세라믹아파트(연등),263-56대,203022.7063,562053.0668
4152,한양상가(연등)2,274 대,202901.9865,562042.3202
4153,한양상가,731 대,202743.3625,562030.3832
4154,한양상가(연등)1,272 대,202619.9244,562021.62
4155,선덕고교입구,720-3 도,202453.4802,562007.2816
4156,우이그린빌라,524-101도,201659.3367,561967.0993
4158,법종사(연등)1,산78임,201476.7555,561964.2811
4159,법종사,532-26도,201351.3995,561989.7065
4160,선덕고교입구(연등),59-14 도,202458.4474,561898.7514
4161,삼양입구사거리(연등)1,228-44도,202536.3025,557510.431
4162,송천동주민센터(연등),321-2대,202233.5384,557619.3844
4163,송천동주민센터,320-1학,202101.5442,557665.4471
4164,삼양그린빌딩(연등),767-34대,201821.1468,557937.3822
4165,삼양그린빌딩,762-69 대,201750.1546,558099.6964
4145,숭미초교정문(연등),342-4도,202403.5641,561051.3048
4146,숭미초교정문,315-8도,202480.5402,561160.7508
4147,쌍문3동어린이집,152-2임,202902.4022,561278.5786
4149,쌍문청구아파트,17-1잡,203086.9146,562191.1513
4166,덕성여대,728 대,201130.2045,561305.6123
4167,삼양동주민센터,58-21 대,201600.1149,558675.2365
4168,대성약국,605-185천,201625.6126,559164.4688
4169,수유1파출소(연등)1,605-146대,201560.9026,559170.5297
4170,우이교회,394-45도,201515.8498,559741.5756
4171,목4치안센터,771-31대,188345.3985,548057.566
4172,수유시장,140도,201785.9892,560170.114
4173,포이초교(경보),1271공,204506.9315,541749.5165
4174,수유우체국(연등),419학,201326.995,560772.1532
4175,혜화여고,461-18도,201213.2209,559119.2698
4176,혜화여고(연등),461-18도,201202.4597,559197.765
4177,세윤하이츠,440-21도,201162.9917,559529.3619
4178,우성맨션(연등)1,626-27도,201141.2627,559692.7544
4179,우남주택,360-22대,201211.4136,559861.8061
4180,우성맨션,410-94도,201178.1074,559789.8358
4182,예찬교회,524-4도,200982.5029,560130.1966
4183,인수중,557-45대,200965.3453,560410.4913
4184,인수중(연등)2,544-4도,200953.1674,560538.2656
4185,동은교회,565-1도,200937.8769,560676.7602
4186,번동오현초교,616-16도,204104.757,558081.1287
4187,외환은행정릉,978도,200772.021,556855.9723
4189,번동한진아파트,256도,203960.7326,558392.302
4190,번동오현초교(연등),256도,204063.1906,558190.8029
4193,한성운수종점,398구,203140.8937,559449.043
4194,수유먹자골목,140도,202353.7482,560053.2759
4195,우이시장,254-53도,201756.8109,560589.9969
4196,동우슈퍼,418-7도,201565.184,560765.0378
4198,우이동주민센터,71-17도,201052.4072,560896.284
4199,덕성여대(연등)1,422-2 학,201170.5325,561200.5882
4200,덕성여대(연등)2,503-11대,201108.1489,561420.0304
4202,삼우약국,508-1대,201147.354,561695.1487
4203,삼우약국(연등)2,510-1대,201162.8538,561773.4699
4204,청한빌라앞(연등)2,43-2도,201216.7583,562096.6146
4205,한신대(연등),452-2도,201349.4626,559375.4778
4206,화계유치원,130-109대,201713.3529,559421.6449
4207,번동제일교회,386-16도,202501.1951,559492.289
4208,북부시장(연등),386-16도,202669.9536,559505.7304
4210,우이3교서측,445-20 도,203187.4998,559660.2529
4191,청학에너지,산37-9 임,203890.9032,558791.953
4192,번2동우체국,253도,203341.644,559156.9407
4211,우이3교(연등),445-8도,203296.0268,559805.7082
4212,신창초교입구(연등),703-18도,203390.7084,559931.9209
4213,창림초교,703-20도,203578.5722,560189.3444
4215,창림초교입구(연등)1,442-22도,203575.7324,560308.2267
4216,창림초교입구,445-4도,203563.8561,560444.3552
4217,창림초교입구(연등)2,445-2도,203558.6428,560582.5099
4218,북서울꿈의숲후문,642-4도,203326.0948,558064.6151
4219,동문아파트102동앞,148-510도,203323.0346,558232.941
4220,완성아파트,148-510도,203275.7086,558418.6015
4221,한진그랑빌아파트(연등)2,234대,203350.3731,558662.9959
4222,번동초교(연등)2,324-12도,203478.1742,558795.7192
4223,번동초교(연등)1,504-33 학,203590.5723,558917.0052
4224,번동초교,516-13 제,203534.3733,558855.0181
4225,신창교,533-22대,203488.0726,559299.9597
4227,등촌태진아파트,533-2 대,187709.4189,549986.0223
4228,신창교(연등),470-6대,203542.2338,559327.5942
4230,우이교(연등),703-12도,202820.0143,560332.5469
4231,쌍한교,388-52도,202511.719,560577.702
4233,쌍한교(연등)1,388-52도,202462.482,560631.3752
4235,쌍문초교,285-5대,202063.3833,561013.3998
4236,숭미초교(연등)3,315-351도,202622.0351,561248.9891
4237,대성약국(연등),605-185천,201690.199,559303.0997
4238,삼우약국(연등)1,507-1대,201129.104,561581.024
4239,SK씨티아파트,1349-1도,201353.9336,557838.7118
4240,라이브파크정문,1354 대,200917.2674,557761.1785
4244,미양중,791-2963 대,201143.5484,558227.8438
4245,월산식당,791-3847도,201096.3527,558389.5702
4246,여흥빌라(연등),469-213 대,201185.4512,558954.1013
4247,여흥빌라,468-92대,201158.5796,558872.1901
4248,강북경찰서(경보),386-16도,202387.3537,559714.8598
4249,한밝한의원(경보),386-16도,202490.2577,559620.3093
4250,우성가든(경보),599구,202168.9707,559551.6262
4251,강북문화예술회관,553-62대,201217.5026,560080.6287
4252,번동중학교(경보),250도,203287.363,559097.526
4253,강북유니온빌딩(경보),255도,203829.4972,558761.2625
4254,번3동노인정(경보),255도,203771.8018,558757.6278
4255,강북중앙교회(경보),250도,203660.9895,558670.9726
4256,번3동우체국,258도,204085.6919,558480.9597
4257,동화파출소(경보),195-1도,202348.1714,558623.0165
4258,똘이식당(경보),229-22도,202492.1102,558170.0109
4259,한영교회,258-289 도,202805.9828,558146.7353
4260,미아교회(연등),258-84대,202738.8933,558257.9708
4241,삼양동자치회관,1354-8 공,201064.0546,557835.9237
4242,라이브파크후문,791-3853 공,201114.4328,557994.4315
4243,라이브파크후문(연등),791-2377대,201141.0232,558060.4492
4261,강서구민회관(경보),산4-5 공,186171.7259,550519.5707
4262,대명익스프레스(경보),225-47대,201961.3052,558154.0537
4263,문무체육관(경보),233구,202020.7324,558152.0423
4264,성도탕(경보),233구,202132.6265,558187.0879
4265,가나아트홀(연등),109-4도,197960.8394,556769.8829
4266,강북전기(경보),233구,202221.7002,558216.0367
4267,태창세탁소(경보),233구,202312.973,558219.2546
4268,으뜸어린이공원,121-43대,202333.8533,558184.7393
4269,성북시장,127-7대,202393.2421,557989.3586
4270,성북시장(연등),127-17도,202426.3827,557888.4072
4271,송천빗물펌프장,132-16대,202477.7657,557725.4424
4272,동양빌딩앞,860-66천,202011.2148,557707.6336
4274,강북중학교(경보),147구,202307.9883,560524.0099
4275,서울기사식당,380-28 대,202383.4676,560575.3073
4276,한국사회봉사회,산100임,201311.6877,562468.054
4278,강북노인종합복지관,605-185천,201722.7073,559541.427
4279,강북문화예술회관(연등),310-6대,201260.5789,560092.3689
4280,우이초교(경보),394-45도,201401.7763,559840.5398
4281,국립재활원(경보),521-8천,200941.1791,559997.3388
4282,419탑,산6-2임,200826.0437,560825.6227
4283,강북청소년수련관,산9-1임,200591.4597,560671.9048
4284,인수중(연등)1,524-4도,200964.7436,560303.5082
4285,통일연구원(경보),산73-9도,200241.3605,560343.3747
4288,도봉부동산(경보),457-6도,203624.4456,559686.4136
4289,대신유리(경보),산206-6임,203770.2786,559435.3758
4290,녹십자약국(경보),501-21도,203643.8068,559375.7851
4291,번창교(경보),516-3천,203378.5189,559550.1834
4292,승리자동차병원(경보),445-14도,203364.6969,559618.4882
4293,숭미초교(연등)1,59-6 대,202486.6273,561387.0717
4294,창경초교(경보),723-3 도,203131.0833,561755.1459
4295,방학홈플러스(연등),705-4 대,203792.0252,562921.4671
4297,수락초교,산12-1임,204889.3882,564892.1856
4298,신월문화센터,838도,185494.9421,546700.8976
4299,홍파복지원,1264대,204890.7867,564559.9197
4300,노일초교,1118-9 도,204887.7275,563814.3747
4301,도봉면허시험장,694-1도,205255.669,562036.859
4303,누원초교,74-1도,204457.773,565164.2092
4304,성대야구장,637-67 도,204316.6589,564182.2848
4305,도봉성우아파트,637-71 도,204216.6268,563994.1234
4286,신화초교,487-15대,203685.2988,559106.0799
4287,신창초교(경보),457-6도,203653.0663,559616.8999
4306,도봉시장,626 대,204151.0578,563877.6683
4307,도봉중교(연등),637-82 도,204110.8334,563660.8522
4308,도봉중교입구,95-96대,204086.9663,563400.5184
4309,도봉구청(연등),637-99 도,204081.1201,563300.0208
4311,방학대상타운,726-74 도,204079.1449,562926.4901
4312,창동운동장,721 천,204416.3171,562263.7271
4314,창동열린극장,19 도,204667.5653,561827.202
4315,동아청솔아파트,808-3 도,204386.5092,561930.0255
4316,망원2주민센터입구,263-9999도,191646.6495,551300.0794
4317,환승주차장,1-12 도,204413.5927,561745.7949
4318,기업은행망원,214-21 도,191799.7906,551092.1607
4319,창4동주민센터,25 도,204511.8418,561419.8857
4320,창동동아아파트,34 도,204570.9731,561225.5416
4321,월천초교,36 도,204642.6825,560942.2323
4322,도봉문화정보도서관,산156-2임,203933.0103,560523.7284
4323,창주공4단지,45 대,204282.6639,560633.2199
4324,노원에코센터,765대,205295.9345,560608.9869
4325,신화빌라,355 도,203876.1062,560730.0876
4328,창북중,700-124대,203340.8691,561127.9144
4329,당현초교,744도,205235.2081,560969.2014
4330,성서대학,748도,205651.8045,561088.0382
4331,상계119안전센터,449-2학,206338.4389,561670.432
4332,상계119안전센터(연등),449-2학,206343.3318,561731.7077
4333,청솔연립,173-26천,206337.6667,561968.3402
4334,상계주유소,173-1대,206303.8125,562130.3687
4337,상계주공4단지(연등),719도,205953.7917,561622.136
4338,노원롯데백화점(연등),719-1도,205463.285,561665.0502
4339,상계주공6단지정문,1251대,205687.6749,561728.0503
4340,화랑예식장,359대,205458.2497,561822.265
4341,화랑예식장(연등),359대,205539.1795,561843.4619
4342,상계초교입구,372-4도,205877.212,561943.0638
4343,상계중앙시장(연등),389-301대,205994.7655,562015.9332
4344,상계중앙시장,389-776도,206125.8954,562074.7718
4345,재생약국,640-45 대,203284.042,562898.7713
4346,거성학마을,726-59 도,203475.0547,563054.6748
4347,거성학마을(연등)2,726-37 도,203607.5505,563071.6423
4348,신방학중(연등)2,산56임,202499.8175,562696.8779
4349,신방학중(연등)1,726-26 도,202695.8338,562862.755
4350,방학중학교,396-17 전,202841.17,562984.8729
4352,방학2동주민센터,산15-1임,203042.6191,563162.1072
4353,삼호골드타운,726-13 도,203251.9335,563331.3899
4354,삼원수출포장,637-49 도,203506.286,563468.921
4335,상계벽산아파트,140-71대,206555.0353,562463.2397
4336,주공326단지(연등)1,744도,205171.3172,561248.7205
4351,신풍천슈퍼,726-29 도,202945.7594,563076.848
4355,신도봉시장,637-46 도,203612.8033,563510.9305
4356,상계교(연등),699도,204754.3902,562438.0767
4357,상계주공10단지,666대,204981.6898,562421.9649
4358,상계8단지,689도,205446.3361,562360.1507
4359,7단지영업소,685대,205635.6223,562261.0205
4360,상계초교,398-3도,205727.062,562147.3138
4361,방학3동주민센터,272 대,202452.242,562142.5892
4362,동일초교,699도,204864.5354,562752.1576
4363,상계12단지,689-1도,205229.8296,562794.9615
4364,청원고교,636공,205390.9957,562823.6061
3470,장안현대아파트,57대,206038.2348,553486.9619
3471,휘경여중,1-35도,206043.6445,553710.3803
3472,휘경여중고,366 대,206017.6103,553834.2926
3474,동성연립,산6-84 임,205962.0486,554040.9271
3475,동일스위트아파트앞,43-257 임,205979.2406,554222.0427
3476,동부교육지원청(연등),295-92도,205057.2412,553205.5933
3477,동부교육지원청,184-22도,204982.0779,553340.452
3478,해성여중고,304학,204899.6427,553480.5691
3479,해성여중고(연등),304학,204866.2884,553542.9771
3480,떡전교사거리(연등)2,1-2 도,204630.3772,553946.3121
3481,체성회,34도,204432.4031,554051.8088
3482,청량리한신아파트,34도,204221.1654,554114.8777
3483,홍릉동부아파트앞,819도,204025.8289,554141.1666
3484,홍파초교후문(연등),205-818대,203674.4866,554126.5398
3485,홍파초교후문,205-78도,203540.5953,554122.0612
3487,제기시장,29-26학,203049.4073,554102.8964
3488,광성상가(연등)1,740-3대,203404.4319,553564.3728
3489,광성상가,763-1 대,203400.2157,553479.7105
3490,청량리현대코아앞,229대,203942.1162,553608.0701
3491,동대문경찰서,819도,203909.8161,553731.9792
3492,청량리전화국,199-197도,203862.7249,553918.6512
3493,용진한의원,852-2 도,203293.7553,553703.4603
3494,삼일교,1205도,203173.7562,553697.9728
3495,제기동천주교회,250-1도,202984.9158,553691.3206
3496,종암초교,104-73도,202632.9477,553523.9698
7504,성애병원(연등),4898-1도,193241.4176,545955.9327
3499,청솔우성아파트(연등)1,25-2도,205096.8487,552942.9146
3500,세종대왕기념관(연등)2,207대,203848.0893,554683.2984
3501,영화진흥공사,207대,203750.741,554509.7614
7510,파크모터스,113-39천,195976.3226,547782.4553
3486,양문교회앞,856도,203267.7019,554110.1312
3503,이문초교(연등),237-3도,205753.9026,555938.6817
3504,군자출구(경보),241-1천,206187.9525,551143.5465
3505,휘경초교앞,183-440대,205014.2024,554331.997
3506,제기1새마을금고,851도,203684.4644,553721.7024
3507,소화유치원,55-11천,203089.0184,553695.8994
3508,공성아파트정문,1205도,203136.6291,553511.6846
3509,동원교회(경보),1205도,203222.8323,553922.1151
3510,제기1교서측,135-89도,203163.6352,554109.6959
3511,은하약국(경보),819도,203904.1398,553135.0538
3512,동대문구민센터,473-6도,206535.622,551854.1656
3513,성내동삼성래미안2단지후문,271도,211222.5697,548005.0807
7514,양화대교남단램프,28천,191141.0927,548821.4652
3515,장평중(경보),477-14도,206256.7592,551783.0083
3516,나나약국(경보),477-11도,206399.8558,552030.5884
3517,장평초교(경보),476-6도,206531.0331,552593.5322
3518,SK아파트105동앞(경보),10대,205318.0539,552887.4291
3519,SK아파트201동앞(경보),10대,205570.4052,553041.6528
3520,전동초교앞(경보),45-41 학,205392.0628,553189.7535
3521,동대문육아지원센터앞,472-70대,204278.2715,552488.9023
3522,태양의집(경보),672천,204009.9347,552754.3846
3523,부품상가삼거리(연등),245-13제,205246.2921,551640.259
7517,더?포레스트201동,산10-9임,208364.0766,542560.112
3525,삼육서울병원앞(경보),168-35대,205515.4742,554543.6406
3526,휘경SK뷰,105-27대,205880.1968,554958.8841
3527,이경시장,154-28도,205704.7103,555007.0967
3528,외대전철역(경보),368-5도,205505.7502,555105.9491
3529,동답초교(경보),989-1대,205762.5324,552513.7642
3530,청솔우성아파트112동(경보),80-9도,205431.7821,552776.8083
3531,신답초교옆(경보),544-2도,203773.6783,552605.5807
3532,전농초교,362-6 대,204713.5997,552780.2046
3533,중랑지하차도(경보),119-3대,206048.949,554944.5023
3534,동부센트레빌앞,42-4 구,205987.4618,554598.3718
3535,고대정문,29-26학,203042.4054,554280.0347
3536,안암동(연등)1,126-16학,202361.5769,553467.6938
3537,안암동(연등)2,136-1대,202190.7995,553322.022
3538,동대문세무서(연등)2,104-1도,201952.2018,553417.8012
3540,보문역(연등),1-1도,201762.2767,553860.5811
3541,경동고(연등),10-1도,201607.7748,554222.9058
3543,성북경찰서(연등),4-5대,201471.6826,554379.7731
3544,용호로,10-3대,197321.4599,548376.7767
3545,한국우편사업진흥원,52-2대,191626.0343,547169.3308
3546,한성대(연등)1,27-19도,200984.1183,554576.7455
3547,한성대,279대,200850.9356,554491.099
3314,크린크리닝(경보),546도,207500.7178,552396.3285
7529,아이파크1차와이즈가든,393임,212578.6888,541774.9634
3549,나폴레옹제과점앞,50-1천,200469.2494,554404.5151
3550,성북1치안센터,75-1천,200361.1055,554541.0661
3552,홍익중고입구,133-89도,200091.8332,554859.9039
3553,선잠단지,65-3도,199947.2546,554846.9194
3554,성북2파출소,45-4대,199865.4084,554830.8018
3555,성북초교,37-5대,199803.1803,554811.9688
3556,삼선시장,112-2대,200772.7498,554270.5151
3557,블루빌하우스,300-1도,201160.5155,554409.4997
3558,돈암천주교회,5-1도,201497.0692,554543.0623
3559,성신여대,60-1도,201758.0727,554641.144
3560,동선약국,1-1도,201791.1528,555024.3963
3561,보문2교,20-1도,201673.9049,554362.7637
3562,한성대입구사거리,9-1 도,200985.4644,554065.7572
3564,동신초교,210-1도,201569.8306,553748.9407
3565,보문리슈빌204동,139대,201821.7167,554022.2609
3566,보문3교,140-1도,201866.04,554047.8713
3567,보문3교(연등),86-1도,201949.4216,554075.3536
3568,안암초교입구,160-27도,202092.1352,554104.5223
3569,고려대이공대,126-28학,202234.8506,554079.0018
3570,고대병원정문,126-14 도,202425.9677,554079.7402
3571,안암역,101-12도,202592.1357,554081.6259
3572,안암역(연등),56-3도,202722.6623,554090.6716
3573,성신여대입구역(연등)1,79대,201585.1456,554887.6401
3574,미아고개,13-151대,201920.0304,555421.9429
3575,길음삼부아파트,1087대,202102.4403,555977.7857
3576,성신초교,82-250임,202059.4052,555077.3594
3577,매봉산길입구,15-1 대,201995.8311,555287.5276
3580,돈암1동주민센터(연등)1,1070-25대,202188.4196,555851.3252
3581,정릉뉴타운9단지,966-1천,201705.4798,555870.7226
3583,서경대입구,138-1임,201304.479,555998.998
3584,국민은행정릉,404-2도,200881.8883,556537.8175
3585,정릉4동주민센터,1031-3 대,200653.5002,557027.1298
3586,정릉대우아파트,771-2도,200324.2105,557460.8349
3587,정릉3동주민센터,712-65대,200450.8007,556622.5603
3588,국민대램프앞,869-2도,199692.4497,556682.3301
3589,일영유리,산1-200임,199964.2732,556565.3611
3590,도원교통,산1-200임,200129.0101,556496.2223
3591,정릉천주교회,산87-302임,200357.0188,556470.6934
3593,정릉성원아파트입구,966-1천,200810.6641,556234.1886
3594,정릉입구(연등),966-1천,200948.2457,556153.9609
3595,아리랑고개입구(연등),966-62천,201190.4231,555900.1294
3596,아리랑고개,138-1임,201242.3008,555699.0258
3597,돈암힐스테이트아파트,413-174도,201258.9717,555477.0883
3578,고명중고앞,16-2 대,201815.5528,555430.4633
3579,돈암1동주민센터,524-62대,202283.5285,555983.2841
3598,흥천사입구,413-79대,201353.2086,555212.5245
3600,정릉풍림아파트,241-6대,200770.5793,557460.4856
3602,목동7단지,1072도,187993.5677,547587.7672
3604,용동초교,512-1도,206026.5121,560244.3088
3605,대진고교앞,266도,206655.0944,559906.2106
3606,동선약국(연등),373-1대,201783.0402,554924.9799
3607,용문교동측,262대,201831.0708,554169.0473
3608,대흥슈퍼(경보),86-1도,201978.3923,554386.2022
3609,용문중고(경보),93-1도,202028.12,554253.5352
3610,안암초교입구(연등),361 대,202073.9414,554155.6817
3612,현충로가변(삭),8-9도,196869.0386,545391.4585
3613,개운중학교,산1-86임,202226.3752,554955.1941
3614,개운산3거리(경보),산1-77임,202318.2661,555003.2694
3615,청한빌라앞,44-1도,201206.9423,562026.3268
3617,목동중교앞,405-414도,188565.2935,546839.38
3618,풍림상가(경보),74-333도,201989.353,555195.1355
3619,정릉쌍용아파트202(경보),,201634.5902,555504.0875
3620,신광운수,197-2천,206241.005,561456.0291
3621,신정5동,1074도,187540.5773,547334.695
3622,정릉쌍용아파트,16-7도,201590.2953,555523.5166
3623,정릉우성아파트101(경보),산72-445임,201443.2897,555624.2722
3624,동선모텔,1-1도,201426.5349,554968.5411
3625,신일부동산(경보),616대,201087.4469,555104.9834
3626,목원초교,산8-3도,189561.3316,549344.4001
3627,우방아파트(경보),85-1임,200710.4519,555332.4096
3631,북악골프연습장(경보),산16-1임,199772.6488,555837.478
3632,휴계실앞(경보),산6-78임,198775.4357,556453.7961
3633,부대(경보),산6-78임,198578.3352,556125.1421
3634,성북천주교(경보),63-11도,199798.0509,555082.7735
3636,성북초교(연등)1,63-11 도,199713.402,554836.1746
3637,덕수교회(경보),0-73 가,199569.2929,554988.0505
3638,성직수도회(경보),309-5대,199463.6912,555016.2524
3639,명수학교(경보),0-73 가,199228.6101,555019.0485
3640,서울아파트(경보),330-103도,199051.0803,555207.1576
3642,길상사(경보),326-1도,199323.6904,555552.9577
3643,"상계11,13단지",650도,205038.0152,563076.8152
3644,성북세무서,4-1도,200920.7332,554311.2594
3646,삼선초교정문,69-2대,201139.486,554009.6462
3647,복선교,22-1천,202072.9656,555805.2989
3648,돈암초교후문(경보),10-14대,201224.0808,554799.7327
3649,돈암초교정문,609-1 대,201051.2056,554881.9861
3650,청암고교,370도,206437.7243,561321.5004
3628,수유1파출소,472-264대,201575.056,559058.7186
3629,장원스카이아파트(경보),산84-1임,200571.4419,555519.4533
3651,정릉태영아파트(연등)1,170-29 대,201318.9695,556294.8808
3652,정릉하모니마트,1280 대,201362.1266,556512.1108
3653,정릉3파출소(경보),966-1천,199948.5132,556485.0106
3654,정릉3동주민센터(연등)2,704-18대,200405.7429,556549.7816
3655,정릉3동주민센터(연등)1,966-1천,200455.9392,556770.7123
3656,대성운수,995-1구,200481.1167,556943.7217
3657,국민대길(경보),716-96 도,200339.703,556962.0508
3658,정릉종합사회복지관,768-36대,200189.4482,556891.6984
3659,청덕초교입구,1000-1구,199997.2544,556848.6502
3660,시립도서관(경보),257-14도,200769.3555,557188.9688
3661,중계1공단,514-5도,206243.7333,560634.0129
3662,햇님유치원,산1-1임,200457.8795,557394.62
3663,대진운수(경보),966-1천,200238.5077,557495.1659
3664,정릉우체국,410-73대,200996.6468,556240.1936
3665,월곡3동삼성래미안,77-33도,203151.6053,556700.666
3666,삼선교회(경보),140-55대,200581.2483,554510.4217
3667,동구여상후문(경보),616-834대,200752.4742,554967.1897
3669,종암2치안센터(연등),53-47구,203039.9901,555497.9756
3670,방학성원아파트,726-80 도,203064.3635,562546.9553
3671,종암경찰서,90-1860대,202906.8322,555816.0909
3672,창동역,20 도,204464.9554,561589.0204
3673,동서병원,489-59대,202519.4492,556396.6135
3674,녹천역입구,35-1 도,204667.0124,560721.1085
3675,KT노원지사,1305 대,205572.5785,561698.4588
3676,장위우체국,65도,204884.2949,556987.5638
3679,우이성원아파트(연등)1,산100임,201182.7046,562397.5566
3680,혜화역,,200156.8138,553711.8949
3682,돈암1동주민센터(연등)2,938-20대,202355.4655,556081.6387
3683,길음역북측,914대,202137.8837,556233.7771
3684,이마트창동점,135-1철,204118.7365,561301.0503
3685,목1지구대,913-3도,189260.4161,548382.6557
3686,길음뉴타운604동,1278 대,202076.8223,556447.6175
3687,동부아파트입구,1278 대,202041.746,556570.35
3688,명덕유치원,1261-313대,202003.5666,556707.2983
3689,광운대(연등)2,382-26대,205115.33,557742.8019
3690,상계414동,748도,205843.554,561146.1185
3691,미아초교입구,637-76대,201961.1455,556862.1492
3692,수락산입구,1263도,204891.411,564746.515
3693,현대성우아파트,644도,201952.1479,557370.6432
3694,현대성우아파트(연등),670-29도,201910.4786,557547.9708
3695,송중동주민센터,90-2 도,202949.7851,557438.5565
3677,공수부대정문,245-15 임,184496.8929,549097.7177
3678,신월사거리(연등),263도,184750.7746,548639.9689
3697,꿈의숲롯데캐슬정문,122-55 임,203177.6446,557649.0137
3698,동성공업사(연등),13-23도,202860.6292,556728.3343
3699,동성공업사,96-8도,202956.2885,556792.3225
3700,월곡1동축협,100-56구,203262.5601,556261.5337
3701,생명의전화,96-1천,203301.8369,556027.7438
3702,숭곡초교,49-53대,202914.4606,556613.6584
3703,성산가변(삭),25학,194145.9025,551226.4795
3704,당고개역,59대,207016.4722,563427.6168
3705,KT월곡(연등)1,115-155천,203346.2119,555823.9084
3706,마들역,694-1도,205102.0862,562768.0908
3707,월곡역입구(연등)2,29-91 대,203542.5225,555581.7694
3708,일신초교,1-77도,203514.6292,555499.8545
3709,사대부중,8-258도,203388.6328,555135.1905
3710,대일고교,711-1대,187956.0458,548876.4158
3711,상월곡역,26-1도,204340.9979,556352.3452
3712,"상계14,16단지",965-2도,204962.805,563432.0123
3713,상월곡역(연등)1,26-1도,204464.6144,556436.4677
3714,석관2동삼성래미안(연등),66-280도,204645.0428,556552.5833
3715,석관2동삼성래미안,66-3대,204771.9678,556637.8446
3716,돌곶이역(연등),11-13대,205173.3925,556902.8996
3717,장위사거리(연등),168-29도,205501.1348,557135.5639
3719,석관중뒤삼거리,77-9도,205939.4898,556413.7225
3720,석관중,58-1도,205827.8355,556405.862
3721,등촌역,633-17대,188025.3676,550200.6935
3722,석관중(연등),43-1도,205882.1273,556259.2911
3723,석관고입구,131-30대,205696.105,556601.9811
3724,석관고입구(연등),130-21대,205605.8656,556723.0374
3726,장석시장,473-5도,205156.7978,557284.9335
3727,위례정보산업고,78학,206496.5529,559052.6306
3729,장곡시장(연등),181-3대,204250.7933,557548.6848
3730,장곡초교,237-226도,204360.3234,557464.9409
3731,하나은행장위,144-89대,204564.9134,557303.8687
3732,수진약국,74-141도,204712.7502,557188.3161
3733,석관초교입구,51-16대,205119.4261,556711.2335
3734,국민은행석관,268-2도,205198.1694,556609.9928
3735,국민은행석관(연등),268-2도,205270.0927,556523.4959
3736,제일은행석관,322-3도,205412.5088,556358.2516
3737,우리은행석관,285-29대,205471.9282,556227.7181
3738,석관초교,46-2대,205213.1694,556741.0812
3739,도봉중교,637-85 도,204095.7513,563510.2389
3740,국민은행장위,74-307도,204324.364,557113.4856
3741,수락초교삼거리,1205-17 주,204889.3995,565013.2115
3725,석관지구대앞,0-4 가,205528.7053,556826.1073
3742,도봉청소년도서관,726-119 도,204105.9059,562733.5983
3743,장위시장,76-3대,204448.7884,557088.2236
3744,한천초교,660-7천,206164.5438,557813.8794
3745,태릉가스충전소,704-5도,206434.9711,557461.2911
3746,우리은행장위,219-223대,203786.5136,557153.4277
3747,석계역,21-13대,205738.9826,557188.3727
3749,삼익세라믹아파트,265-1구,203096.876,562057.8154
3750,인덕대학입구,277-4대,205000.7197,558780.9645
3751,월곡초교,246-165도,204217.2066,556728.7485
3752,장곡초교(연등),188-15대,204285.2927,557381.4943
3753,사대부고정문(경보),7-129학,203261.2111,554842.1311
3754,성심사약국,3-70도,203460.5442,555303.3166
3755,KAIST후문(경보),12-21철,204016.5263,556081.5432
3756,양계농협장위(연등),317 대,204045.5378,557705.1978
3757,장곡시장,299-13대,204167.5756,557611.8239
3758,하나은행장위(연등),199-36대,204482.0015,557370.5568
3762,장위천주교회(경보),74-307도,204318.5357,557015.8387
3763,삼원빌딩(경보),272-102구,204851.072,557285.1736
3764,당고개냉면,116-1 대,206688.025,562874.8101
3765,상월곡동아아파트,246-138대,204178.5687,556465.8186
3766,장성교회(경보),246-165도,204177.0758,556539.0342
3767,서울출입국관리사무소,319-3도,188507.4763,546568.7381
3768,월광파출소(경보),96-1천,203039.6561,556356.5578
3769,성북구심리지원센터,222 대,203302.7989,556086.215
3770,래미안아트리치(연등)1,71-18도,205550.4019,556378.9781
3771,영훈초교,454-10대,202401.9162,556997.1302
3772,태릉우성아파트,95도,207630.6915,558295.1594
3773,석계두산아파트(경보),10-1도,205893.96,557155.3204
3774,"목동10,12단지",311대,187403.0619,546091.9218
3779,중앙하이츠아파트(회전교차로),10대,205928.1732,556766.2806
3780,길음동부아파트(경보),1278-6 도,202100.9185,556585.9731
3781,길음동부아파트108동,1261-180 도,202200.8963,556942.8367
3782,동부아파트107동(경보),1262-213도,202088.7571,556917.3177
3783,북한산시티149동,836-55 대,201346.4326,557761.1108
3784,충신시장,,200495.1462,552828.9125
3785,기독회관,136-3도,200180.388,552642.1357
3786,종로백화점약국,,200331.8656,552388.4271
3787,서울디자인지원센터,28-1도,200688.5492,552569.9577
3788,신트리고개,521 공,186744.8767,545807.2389
3789,신트리3단지,1266도,186886.0583,545868.9973
3792,열병합발전소앞,499천,189892.4301,548867.3292
3793,등촌아이파크아파트(연등),429-8도,187839.6723,549557.5393
3775,송중장안빌라,3-541대,202966.3141,557311.554
3776,양록농협,3-31대,203025.6739,557066.9357
3777,장위1파출소(경보),74-307도,204057.9606,557146.4968
3778,월곡3동삼성래미안(연등)1,77-33도,203133.8184,556769.2897
3794,등촌아이파크아파트,650-10도,187822.5999,549383.0665
3795,영일고교,622-23도,187908.1791,549817.9232
3796,양천소방서,919-2도,188747.3115,547826.3358
3797,금옥여고,736-5도,186192.9579,545567.9192
3798,신정3단지,695-9도,186424.8976,545670.4116
3800,신서중,310대,187180.8076,546229.8362
3801,목동10단지,1092도,187074.9785,546534.0297
3802,"목동13,14단지",328-5도,188481.9369,546070.0622
3803,양천구의회,314대,188187.1813,546529.0909
3804,목동812동,314-7도,188347.3482,546644.4436
3805,서울강림교회,322-4도,188037.2456,546462.2849
3806,서울강림교회(연등)1,313대,187882.0654,546399.8207
3807,KEB하나은행목동남지점,311대,187576.7676,546261.0964
3808,KEB하나은행목동남지점(연등),,187765.3686,546349.4593
3809,"목동12,13단지",312대,187687.3783,546122.5746
3810,세신교회(연등),327-4도,187834.3305,546185.5376
3811,양천경찰서,327-4도,188098.5933,546303.2378
3812,양천구청,320-2도,188200.0388,546347.3635
3813,서울출입국관리사무소(연등)2,320-2도,188437.7243,546472.8856
3814,목동중교앞(연등),319-3도,188545.8575,546708.4735
3815,목동쉐르빌,869-1 도,188609.4455,547076.9101
3816,동문빌딩,314-7도,188396.4657,546870.3239
3817,목동천주교,314-7도,188447.4379,547131.5785
3818,현대프라자,916-1도,187616.0275,546692.4834
3819,CBS앞,920-2도,188888.1682,547599.8654
3823,목1지구대(연등),912-2도,189368.7838,548432.8955
3824,목마공원,910-2제,189973.1368,548696.4344
3825,목마공원(연등)1,911-9도,189862.2095,548650.4752
3826,목동부영그린타운,912-2도,189565.2909,548519.662
3829,신목동역,10-8천,189668.2412,549415.8298
3830,월촌중,900대,189597.3934,548722.7128
3831,"목동1,2단지",901대,189396.5695,548636.084
3832,현대월드타워,901대,189158.5267,548524.5163
3833,현대월드타워(연등),902대,189083.5865,548457.3822
3834,양천도서관,903-6도,189009.3503,548272.0821
3836,양천사회단체봉사센터(연등),920-2도,188955.1243,547974.0774
3837,양천사회단체봉사센터,904-4도,188970.2967,548076.6406
3838,양천소방서(연등)1,919-2도,188584.5537,547833.9111
3820,목동전화국(연등),918-2도,189025.6598,547861.0258
3821,목동전화국,917-3도,189103.621,547847.1274
3822,목5동성당,907-21도,189168.8009,548169.4712
3839,비전프라자(연등),904대,188550.7694,547725.3882
3840,비전프라자,904-2 공,188540.7924,547649.7337
3841,목동천주교(연등),927-5학,188256.803,547091.4248
3842,월촌초등학교앞,901-3도,188959.5146,548933.4559
3843,"목동3,4단지",903-4도,188482.8217,548188.0606
3845,영도초교,756-7대,188506.2318,548404.4151
3846,신목중학교앞,902-3도,188640.2899,548569.7073
3847,신목중학교앞(연등)2,902-3도,188740.0769,548677.6803
3848,한신청구아파트앞,901-3도,189391.7571,549197.7612
3849,북한산우이역,산 99 임,201107.8077,562618.6364
3850,인권빌딩,728-24대,187944.7115,548315.7991
3851,강서고교(연등)1,579도,187931.7755,548466.0022
3852,강서고교,814도,187936.3176,548609.2176
3853,대일고교(연등),713-22대,187946.439,548722.7391
3854,목동월드파크빌,324-2도,187958.1811,549049.0567
3855,대림아파트,655-16대,187882.2501,549236.5882
3856,남우빌딩,1060도,187761.3502,547461.173
3857,목동영광교회(연등),896-22공,187760.4879,547368.7365
3858,신정5수협,951-2도,187637.1201,547481.9463
3859,하계3단지,715-2도,206113.402,558670.3267
3860,은정초교,168-4구,188254.1522,545669.2482
3861,월계건강관리센터,313도,205388.7866,559099.9982
3862,청기와호텔,896도,186246.5443,546741.0682
3863,노원문화원,127-6답,206207.9463,558790.7204
3864,공릉초교,687-2구,206512.8151,557636.9772
3865,대경빌딩,375-4대,206350.9294,558261.1685
3866,공릉도서관,514-2도,206412.1399,558026.7828
3867,건민약국,405-3구,206318.4886,558382.9598
3870,원광초교,370도,206550.4366,561674.7662
3871,강월초교,906도,185413.4515,546261.2594
3872,공릉지하차도위,707-2도,205966.2326,559045.9329
3873,기업은행공릉,754 대,207011.8867,558189.7766
3874,양정고,911-10제,190117.4832,548360.9807
3875,혜인약국,456-23도,205820.9941,562596.7442
3876,청구아파트,512-1도,206116.096,559976.6927
3877,상경초교,660도,204649.4671,563470.0174
3878,번3동주민센터,2-2도,204192.1289,558550.7799
3879,공연초교(연등),374-2도,206657.2557,558559.2955
3880,서울과학기술대앞,172-3천,206742.078,558944.4174
3881,원자력병원입구(연등),산212-2임,207502.9022,558712.2323
3882,공릉동부아파트,189 학,206884.195,558679.8923
3883,강월초교입구,631도,185803.2987,546409.0797
3884,공릉치안센터,189 학,206983.7291,558585.2173
3885,신월마이홈아파트,895도,186560.941,547017.3583
3886,동방사우나,478-20대,186424.3772,546928.9371
3887,연촌초교,252-6학,206345.1202,559416.947
3888,농협창동유통센터,20 도,204695.3871,561645.5706
3889,신한은행신월동지점(연등),630도,186130.2607,546620.5394
3890,공릉삼익아파트404동앞,78학,206493.3772,558854.6244
3891,신정역,1090도,187060.5014,547254.2912
3893,심미아파트,1057도,187288.7647,547293.0426
3895,용동초교(연등),512-1도,206074.7231,560108.1275
3896,청계초교,512-1도,205927.1861,560516.6983
3897,상수초교,748도,205785.8702,561419.5477
3898,청계초교(연등),512-1도,205886.6767,560637.1248
3899,청솔8단지,91-3도,207550.3183,558204.8668
3900,동북초교,53 대,202466.512,561751.6496
3901,청솔8단지(연등),81-3 도,207426.5664,558138.2809
3902,코오롱연립,274-3도,206368.5221,559649.5629
3903,상계역,156-119대,206386.5618,562264.6654
3904,태릉초교,91-3도,207580.0885,558079.2279
3905,태릉초교(연등),87-2도,207506.5061,558027.9011
3906,하계지하차도위,708-2도,206210.6483,559065.8715
3907,상계역(연등)1,155-17도,206297.2335,562366.2345
3910,삿갓봉근린공원,370도,206624.5121,562024.0635
3911,노원경찰서,288-6도,206339.7945,560389.5666
3912,삼양시장,,201628.6399,558360.9206
3913,월계어린이집(연등),72-3도,205592.3242,557781.6809
3914,하계주유소,288대,206236.6026,560329.8915
3915,공릉2치안센터,95도,207671.9414,558113.6027
3916,수락고가,1150-38천,204554.4407,564351.2377
3917,신정배수펌프장,916-1도,189204.11,547344.7817
3918,신당초교후문,314-1대,202143.3364,551566.8684
3920,선경아파트입구,266도,206813.6711,559832.3976
3921,초당초교,508-5 도,202013.8004,561980.9674
3924,신월1지구대입구,808도,185071.6072,548043.3419
3925,태릉우성아파트(연등),106대,207613.6452,558371.0769
3926,신월3치안센터,263도,184703.3335,548479.7043
3927,대한교회,1094도,187597.5191,546943.2399
3928,삼성연립,43-8학,184500.4557,548443.2809
3929,태릉솔밭주유소,산210-1임,207592.2671,558454.0123
3930,화곡로입구(연등),258도,184727.0865,548888.1711
3931,태릉우방아파트,119도,207563.6626,558578.6604
3932,신화중학교(연등),1091 대,184929.3697,548895.7756
3933,강서교육지원청입구,1089-60도,185316.8304,548944.6531
3922,노해근린공원(연등),580대,206180.5685,560902.1133
3923,서서울호수공원앞,808도,185196.2181,547807.7733
3934,신화중학교,1091 대,185046.9064,548904.0616
3935,원자력병원입구,119도,207442.4926,558855.0209
3936,월정초교앞,1070-27 대,185348.1239,548593.7482
3937,효성빌라,60-36 대,185119.687,548552.8802
3938,중계1공단(연등),514-5도,206191.9791,560777.0917
3939,화곡고가밑,1060도,186649.1538,547596.5148
3940,혜성여고,266도,206400.5617,560220.0015
3941,GS슈퍼마켓,979-4도,195476.9535,542177.7416
3942,목동중학교앞,86-8대,188726.2589,546709.8511
3943,목동시장(연등),405대,188826.4066,546873.6479
3944,목동시장,406-229대,188921.8965,547025.7117
3945,당고개주유소(연등),75-10도,207095.3529,563309.4648
3947,신정교서단,117-11대,188865.2119,546545.2657
3948,신정현대아파트,409-379천,189209.8226,546798.6283
3949,목일중학교앞,330-8제,188988.1974,545975.499
3950,창일중교,135-1철,204180.6327,561092.3021
3951,노원구청,739도,205083.0139,561559.4286
3952,양천어린이집,330-12도,188470.8251,545749.659
3953,신서초교,1094도,187872.6525,546979.0674
3955,신정네거리역(연등)1,948-13대,187128.4845,546878.1371
3956,서울신정단지우편취급국,1101도,187330.5991,546906.2029
3957,불암동아아파트,95-293도,206895.4618,562986.7808
3958,신서초교정문,313-4도,187881.2693,546853.417
3959,싱싱마트앞(연등),65-41천,206983.0542,563130.6506
3960,신서초교정문(연등)3,1094도,187954.1636,546683.8849
3961,불암동아아파트(연등)2,95-293도,206848.7448,562907.4295
3962,"상계3,4동주민센터",63-6구,207310.7741,563610.3416
3964,상계3치안센터(연등)2,109-38 도,206796.9062,562816.054
3965,상계3치안센터,95-292천,206692.5015,562701.9672
3966,당고개입구오거리,136-1도,206689.221,562570.9689
3968,중계건영아파트,91-3 도,206681.6436,562439.9243
3969,수유3동주민센터,140도,202005.3449,559936.724
3970,중계목련3단지,454-10천,205990.8587,560897.8109
3971,신상계초교,140-257천,206754.7822,563088.3605
3972,상계교,699도,204627.6759,562453.4606
3973,중계주공3단지,160 대,206599.1128,561901.3642
3974,강서초교(연등)1,446-1대,185981.2364,546941.6654
3975,을지중,588대,206283.6908,561184.6703
3976,양지근린공원,391도,206757.8529,560903.8325
3977,꿈나라유치원,142-2도,206652.6386,562243.1198
3978,꿈나라유치원(연등),136-1도,206663.7712,562333.7738
3967,염광여상,539-20도,204591.9412,558463.8658
3979,농협공릉지점,513-31대,206546.8918,558065.7985
3980,농협공릉지점(연등),374-2 도,206506.245,558213.1313
3981,노원주유소앞(연등),517-9대,206579.3012,557940.496
3982,노원주유소앞,566-19대,206610.6083,557819.9449
3983,공릉역(연등)2,429-1철,206542.1612,558500.3053
3984,중계경남아파트,503-3도,205717.2878,560442.3675
3985,중원초교,502-2도,205619.295,560407.3835
3986,서울과학기술대입구,481-6도,206297.5747,558814.2251
3987,삼성스토어공릉점,378-2도,206363.4286,558655.9063
3988,목동야구장,914체,189423.1337,547711.6093
3989,중계근린공원,503-3도,205818.8614,560169.1302
3990,수락산역남측,1268 차,204876.946,564045.7477
3991,월계사슴2단지(연등),320-10도,205253.0066,559272.3498
3992,월계사슴2단지,320-10도,205322.7329,559189.0635
3993,월계삼호30동,194도,205924.0112,558437.9757
3994,월계삼호37동,203-1도,205801.3041,558573.1468
3995,금호제일교회,633대,202405.1463,549842.8626
3997,"남부법원,검찰청(연등)",1095도,188052.4096,547210.9394
3998,목동주차장,917-3도,189054.4373,547571.8704
3999,영등포코스트코,48-1도,190504.8269,547524.7733
2257,명일삼익가든,산67-3도,213147.9998,549694.1989
2258,명일역,320-2도,212720.9505,550151.5587
2260,거여초교,133-27도,212336.0453,544836.7282
2261,유진주유소,128-6도,212275.5151,545044.1738
2262,고덕그라시움102동앞(연등),217대,214014.6355,550699.7026
2263,고덕그라시움102동앞,217대,214173.7618,550722.3019
2264,길동프라자아파트,산26임,213109.8674,548564.9662
2265,보훈병원뒷길(연등),575-6 답,213309.7418,548248.8787
2266,보훈병원뒷길,587-1 답,213237.1768,548035.023
2267,상아주유소,54-20 임,213042.07,544511.0223
2268,한림여상,112-18도,211651.5974,542916.5929
2269,성화빌딩(연등),84-3도,211395.2978,542645.1543
2270,암사아파트(토끼굴),608-21도,210956.448,550242.5344
2274,엘웨딩부페,555대,211399.5167,548615.2526
2275,강동역,167-192도,211675.1918,548507.423
2276,보훈병원입구(연등),64-1도,212605.7128,548298.9457
2277,신한국주유소,116-11 도,212867.2804,546889.2427
2278,신암초교,548도,211200.5985,549827.1303
2279,국민은행암사(연등),506-7대,211345.0986,550334.8286
2280,선사사거리(연등),528-1도,211580.8468,550590.3077
2281,신암중,252-8전,211841.5507,550590.1896
2282,우리은행암사(연등)1,530-2도,211984.6697,550589.046
2283,우리은행암사,530-2도,212060.3172,550588.933
2271,토끼굴입구,608-21도,211052.5566,550595.7935
2272,암사육관문,532-2제,211021.8978,550488.6872
2273,토끼굴입구(연등),601-10전,211164.5412,550590.5675
2284,강일중학교,402-7도,212180.7024,550589.1071
2285,암사3동주민센터,392-4도,212372.4553,550586.4307
2286,장애인종합복지관,490도,213062.2797,550587.1938
2288,삼익그린아파트(연등)2,314도,213327.5566,550585.0628
2289,삼익그린아파트(연등)1,2도,213443.6132,550593.5314
2290,대한볼링협회,450-45도,212151.1799,547951.3937
2291,길동초교(연등)2,367-7도,212401.3564,548804.7869
2292,십자성마을,42 대,212549.5488,549303.4804
2293,십자성마을(연등),31-8도,212583.3915,549411.9745
2294,러스크강동병원,324-1대,212675.944,549818.7538
2295,명일전통시장앞,309-1대,212706.1267,550038.539
2296,래미안솔베뉴앞(연등)2,317-1대,212746.2512,550433.8715
2297,명덕초교입구,469도,212784.8396,550800.9259
2298,강동구청,546-3도,210900.6448,547807.9676
2299,강동소방서,271도,211014.7879,547743.5595
2300,성내한양수자인,546도,211324.3422,547568.1159
2301,농협입구(연등),407-5대,211603.7366,547730.7104
2302,농협입구,384-24대,211649.9999,547855.3483
2303,천호삼성아파트,384-11도,211983.0865,548722.6643
2304,천동초교삼거리,76-7도,212122.1149,549057.0316
2305,천동초교,369-6도,212278.6777,549075.6689
2306,길동119안전센터(연등)2,332대,212625.7095,549050.3971
2307,길동119안전센터(연등)1,323-6도,212738.1789,549044.758
2308,문정1동주민센터,121-13도,210976.0159,543442.997
2309,신명초교,38-4도,213143.0626,549016.9212
2310,문정1동주민센터(연등)1,118공,210913.5216,543399.4951
2311,강동공안과,119-2도,210844.063,548141.1214
2312,성내초교,119-6도,210969.1732,548100.771
2313,성내삼성아파트,271도,211146.2787,548033.0413
2314,성일초교,598 대,211471.0057,547917.0046
2315,길동현대아파트,51-17도,212720.0133,548063.5481
2316,강동도서관,95-4도,212903.9379,548670.4412
2318,천일초교(연등),293-19도,211728.6951,549458.7937
2319,천호2치안센터,517 학,210925.4708,549594.2279
2320,천일중,310-25대,211376.7731,549512.9943
2321,선사현대입구,547-2도,211070.5741,550187.4465
2323,강동초교,492-4대,211630.0233,549881.4716
2324,천호초교입구,486-26대,211896.1525,549741.7444
2325,천호1치안센터,19-2대,212125.5081,549635.6882
2630,용산우체국,140-1도,197257.2649,547863.2688
2256,명일여고앞,36도,213195.3077,549972.0181
2322,암사2동주민센터,547-2도,211186.9478,550117.4585
2326,천호중,28-1대,212332.2437,549591.7889
2327,주몽학교,산 26-7 공,214500.2107,549600.4555
2328,고덕중학교,224도,214333.2117,551228.8558
2329,고덕119안전센터,495도,213470.1856,550856.4087
2330,래미안솔베뉴후문(111동),296-17 공,212897.0769,550110.5157
2331,명일한양아파트앞,48-15대,213627.6458,549974.5062
2332,천일초교,274-1도,211682.4556,549372.0383
2333,천호동공원앞(연등),332-2대,211032.065,549235.0247
2334,암사119안전센터,534도,211385.7357,550485.5685
2335,명일역(연등),306-5대,212636.1126,550139.0646
2336,워커힐아파트,337-13수,209455.8716,549836.2213
2337,워커힐아파트(연등),145-25도,209544.7254,549984.2871
2338,워커힐동문,54-2도,209644.7814,550177.2483
2339,아차산역삼거리,272-16도,207808.4565,550459.4566
2340,어린이대공원역,98학,206555.0766,549752.9831
2341,건대입구삼거리,465-2도,206741.673,549654.9654
2342,잠실대교북단사거리(연등),743-1도,207631.7739,547972.0257
2343,자양삼거리,227-9 도,206814.0525,548730.4932
2344,건대후문,227-9 도,206573.4957,548812.186
2345,신자초교입구,718 도,206691.5173,548191.8886
2346,신양초교,550-2도,206045.4926,548424.8653
2347,치과의사회관앞,269-30도,205151.9876,549916.0988
2348,뚝도아리수정수센터,656-924도,203873.3955,548958.2061
2349,서울숲입구,656-915도,203912.9569,549145.9663
2350,경일초교,22-27 학,204252.4722,549013.9177
2351,경동초교(연등),694-3도,204356.2867,549316.2355
2352,경동초교,694-3도,204379.7815,549409.8477
2353,뚝섬역앞,694-3도,204310.8181,549693.7964
2354,응봉교,685-355도,203227.691,549761.6497
2358,선사고,524도,211940.8525,550794.6688
2359,삼성아파트삼거리,236도,209040.5202,549316.3219
2360,광장현대8단지,582-3 임,208705.1741,549172.4817
2361,광장자이아파트,164수,208333.6393,549244.8424
2362,구의시장,229-23도,208010.2136,549465.3261
2363,광진소방서,18공,207318.1153,549523.4588
2364,광진그랜드파크,465-11도,207077.6215,549543.2827
2365,화양사거리(연등),280-49도,205805.4475,549854.2985
2366,다산빌딩,75-65제,204828.075,550066.7422
2367,성수역,289-36구,204790.6433,549513.1181
2368,조양시장,34-28대,206008.9868,549036.1289
2355,코오롱글로벌빌딩앞,620-1대,206805.8484,550963.3948
2357,고덕역(연등)1,307대,213547.6983,550468.5118
2369,자양초교,393-1,206978.4537,548686.7322
2370,구의역3번출구,241-12도,207725.4445,548668.593
2371,광진우체국,245-24도,207976.1123,548742.4611
2372,구의삼성쉐르빌,581 대,208312.4704,548957.5368
2373,광남중고교입구,486-1도,208693.643,548866.9103
2374,강변역하차장,546-6대,208313.4526,548451.0135
2375,터미널하차장,546-3도,208187.1592,548323.2459
2376,비바힐스강변,217-31대,208140.909,548450.0885
2377,동서울호텔,607도,208107.4384,548340.5741
2378,성자초교,731도,207293.2571,547998.7418
2379,금당약국,729도,207037.1582,548059.4598
2380,동자초교(연등)1,553-39도,206399.498,548300.3946
2381,노룬산시장,11-4대,205784.5954,548511.3373
2382,경수초교,837-0 대,205091.6584,548739.8549
2383,뚝섬쇼핑,339-142도,204850.7117,548819.6055
2384,뚝섬쇼핑(연등)2,337-3도,204751.3555,548852.236
2385,한진타운아파트,656-1277도,204044.0195,549094.5662
2386,뚝섬체육공원(연등),656-1255대,203955.2301,549625.0403
2387,장미아파트앞,656-924도,203948.5776,549327.6394
2388,성수2가,277-72도,205559.756,548975.365
2389,성수1차대우아파트,280-49도,205819.1645,549549.4849
2390,송정건영아파트,97-32대,206293.0042,550603.7585
2392,월성운수,716-3도,207027.649,552260.5066
2393,중곡1동사거리,264-3도,207046.6108,551517.0215
2394,세종초교,159도,206416.2563,550399.0675
2395,장안초교,102-16도,206264.2279,550033.5192
2396,중곡역,169-80대,207465.6599,551863.1987
2397,중곡동주민센터,277-6도,207144.089,551131.4802
2398,능동119안전센터,280-7도,206787.031,550284.0087
2399,세종대,248대,206653.509,549946.4224
2400,능동로분수광장,94-6대,206379.1081,549304.3915
2402,노유육관문,553-443대,205932.5712,548107.0838
2405,예향교회앞,62-17대,207789.8141,550756.4304
2406,영화사입구,104-20대,208331.8096,550556.0405
2407,선화예고,141구,207782.4119,549785.9313
2408,광진경찰서,18-14공,207446.0133,549238.4516
2409,광진구청,205-5구,207367.0544,548762.2935
2410,자양아파트,680-65 대,207493.0827,548221.2479
2411,광남초교,486-1도,208837.026,549021.9252
2412,현대6단지,201-13대,208297.5405,548796.2846
2413,테라팰리스건대4차,2-50도,206451.2832,549498.19
2414,능동로분수광장(연등),2-21대,206327.8919,549164.4562
2403,용마맨션,293-22도,207638.9701,551872.1653
2404,경원탕,150-196도,207565.8539,551224.4267
2415,시민교회,122-3대,207624.1039,550557.1353
2416,어린이대공원후문,96-18대,207907.8288,550315.4725
2417,아차산역,470-2도,207945.2474,550215.6103
2418,오렌지팩토리앞,33-69대,208200.4735,549954.5465
2419,센스빌오피스텔,73-416임,204957.8105,549997.3267
2420,성동세무서,73-37천,205526.338,549846.1433
2421,어린이대공원역(연등)1,98학,206413.5609,549799.2276
2422,구의수원지,203-27도,208204.931,549391.1781
2423,해성자동차공업사앞,278-34장,205339.697,549306.4724
2424,동서울케이블TV앞,279-2대,205466.9332,549259.3449
2425,조양시장(연등),36-22대,205880.6164,549091.0457
2426,구의삼성쉐르빌(연등),201-9구,208232.1967,548899.8211
2427,자양초교(연등),768-2대,207130.4038,548637.3325
2428,동부지원,245-24도,207871.3932,548712.3356
2487,뚝섬쇼핑(연등)1,331-97도,204948.3015,548787.3457
2429,삼성아파트삼거리(연등)1,236도,208950.9256,549275.9789
2430,삼성아파트삼거리(연등)2,236도,209116.8533,549378.1844
2431,성수공고앞(연등),19-1학,204456.3115,548950.7224
2432,영동대교북단(연등),231-24도,205276.0345,548684.2062
2433,신양중,43-13도,205605.1063,548572.8755
2434,신양초교후문,227-344대,206197.1236,548369.7424
2435,동자초교,553-500도,206335.4318,548321.999
2436,신자초교입구(연등),718 도,206801.8614,548149.6446
2437,신자초교후문(연등),712 도,206645.3648,548016.9343
2438,신자초교후문,718 도,206616.1611,547897.8398
2439,뚝섬역(연등),674-1천,203910.5273,550036.11
2441,송정건영아파트(연등),100-28대,206367.8376,550771.8927
2442,성수1차대우아파트(연등),280-48도,205762.2793,549421.9
2443,성수2가(연등),275-24도,205511.9123,548877.803
2444,국립정신건강센터후문,168-7대,207368.4166,551640.1964
2449,상왕십리역(연등)2,343대,202753.7482,551564.6601
2450,중곡제일시장,166-5대,207306.0469,551497.7583
2451,중곡동주민센터(연등)1,162-22대,207083.0907,550984.5486
2453,국민은행군자역지점,648-29도,206940.0041,550659.7176
2454,일마트앞,280-3도,206870.2098,550497.5493
2455,국립정신건강센터정문,296-15대,207657.3569,551739.6668
2456,중곡사거리(연등)1,150-329도,207755.3261,551016.8245
2457,중곡사거리(연등)2,59-1대,207767.8675,550915.3476
2458,우제빌딩,96도,207875.6453,549899.441
2460,수협구의지점앞,254-10대,207383.3728,549043.0765
2445,행당삼부아파트105동앞,156-5철,203424.1379,550974.8516
2446,행당삼부아파트,168-200 철,203267.2955,551090.6123
2447,외환은행성동,150대,202999.1679,551413.8179
2448,교보생명왕십리지점,265대,202872.2934,551502.0215
2461,Y타워앞,236-11도,207354.9527,548884.0626
2462,자양중입구,712도,206732.1211,548369.6374
2463,이에스에이리버하우스,210천,204445.9951,550193.746
2464,성수대교북단,685-534제,203200.3657,549387.7434
2466,예일약국,223-10도,207915.2675,548960.9487
2467,무학아파트입구,319-2대,202465.9815,551692.5281
2468,상왕십리,508대,202261.1505,551723.2409
2469,신성그랜드타워,173-21대,207138.2625,551732.1475
2470,대원고(연등)2,271-2대,207728.6546,551250.8016
2471,파인힐모텔(연등),298-1도,207609.9292,552278.0485
2472,혜원약국,694도,207313.8523,552127.0258
2473,뚝섬체육공원,656-853도,203965.1587,549521.3615
2474,동곡삼거리(연등),677도,206649.5774,551398.7788
2475,중곡동주민센터(연등)2,165-28대,207209.9164,551275.1218
2476,어린이회관앞,18공,206944.9008,549569.6265
2477,럭키부동산,191-141대,206934.6238,551566.0492
2478,광남중고교입구(연등),548-1대,208578.5187,548741.2214
2479,군자교동측,268-2도,206656.4441,551033.6802
2481,수도약국,113도,207816.5765,549494.2559
2482,성동고교(연등)1,1152대,201941.6979,551771.7819
2483,성수근린공원,289-32도,204617.495,549578.4249
2484,광진노인종합복지관,116-10도,206286.6753,550173.4057
2485,신원리브웰,164-2도,206482.4778,549576.3303
2486,신당중앙시장,1228대,201739.0153,551795.7253
2488,자양4동주민센터,65-2도,206005.7817,548295.9366
2489,광희초등학교앞,162-1도,201422.5923,551947.3136
2493,씨유청구역점,304-215도,201041.3016,551268.3654
2494,자바빌딩,225-23 도,200917.7004,551389.627
2495,성원빌딩,304-684도,201129.7639,551010.1342
2496,청구동,308-55대,201068.7375,550873.7777
2498,금호역,1331대,201397.9178,549860.8707
2499,약수역(연등),373-2도,201004.0518,550484.2797
2500,신당119안전센터,369-2도,200833.05,550399.6747
2501,서울송도병원,366-464임,200686.7083,550165.6445
2502,남산정은스카이아파트,353-14대,200662.1687,550009.9788
2503,버티고개역,산24-110도,200575.802,549804.736
2504,청구e편한세상,292-38대,201320.1955,551148.1105
2490,기동대,193-37도,201305.7227,552057.1393
2492,흥인초교,292-7도,201273.1553,551312.0609
2505,신당삼성아파트(연등)2,294-25도,201398.647,551106.3952
2506,신당삼성아파트,289-7도,201512.6824,551100.2638
2507,금호여중(연등)2,40-682임,201666.9357,551076.7485
2508,금호여중(연등)1,40-683도,201667.2859,550980.5997
2509,금호여중,40-683도,201685.4137,550944.3167
2510,대경상고,1813 수,201739.1542,550817.5399
2511,신금호역,223-1도,201768.056,550560.4741
2512,금호벽산아파트,580-1도,202230.3739,550322.3001
2513,금남시장(연등)2,1217 대,202070.2558,549849.3808
2514,금호대우아파트,800대,201644.4699,549659.3252
2515,옥수치안센터(연등),산5-147도,201364.1827,549397.9196
2516,옥수치안센터,산5-148도,201327.2876,549372.8565
2517,옥수극동아파트,276-4도,201201.9021,549321.7643
2518,옥수극동아파트(연등)1,,201090.9768,549240.4875
2519,옥정중,447-2도,200984.8187,549068.7941
2520,옥정중(연등),445-7구,200992.6494,549123.6187
2521,한남더리버,450-2도,200989.1273,549017.1887
2522,옥수삼성아파트후문,285-55도,201273.3459,549027.6461
2523,한남더리버(연등),450-2도,201019.2959,548935.1911
2524,금호펌프장,255-1도,202160.0585,549478.0466
2525,금호주유소,1194-1 대,202221.8516,549678.7027
2526,응봉마을금고,200-2도,202711.5964,550047.9956
2527,응봉사거리(연등),320-60학,202968.1026,550477.5178
2528,무학중학교,299-14대,202758.2868,550938.5815
2529,행현초교,976-12대,202654.6228,550899.8788
2530,행당한진아파트(연등),322-428도,202577.5454,550852.5338
2531,행당한진아파트,317-10수,202490.1222,550801.2793
2532,행당대림아파트,347-9도,202350.4055,550716.2824
2533,논골사거리,168-298도,202192.7914,550681.3974
2534,하왕십리풍림아파트,165도,202144.5668,550934.5194
2535,한양대병원,10도,203643.0691,551176.4134
2536,한양여고,304-1도,203671.7933,551338.9047
2538,성동노인종합복지관,804도,203685.9664,551630.5262
2539,기업은행마장,803제,203891.4224,551918.5335
2540,마장동주민센터,810천,203984.877,551861.6821
2542,한양여자대학교,120-22도,204463.7536,551079.4396
2543,사근삼거리,130제,204357.1261,551324.5345
2544,사근초교앞,127도,204261.6469,551601.7393
2545,마장2교,804도,204054.5887,552062.1544
2546,기업은행마장(연등),804도,203973.6326,551993.4809
2547,마장현대아파트,803제,203781.5277,552330.6881
2548,마장현대아파트(연등),803제,203729.6664,552367.2164
2537,마장동금호아파트,395-2도,203685.8821,551483.2281
2549,서울시설공단남단,33-1 대,203352.2296,552472.5607
2550,국민은행마장,178제,203324.0776,552285.5316
2551,성동보건소(연등)1,474-28도,203072.9196,551858.1297
2552,성동보건소,590도,202900.6098,551883.3783
2554,청계벽산아파트,282-4 도,202672.2035,552096.8978
2555,숭신초교앞,301-1천,202443.9351,551966.7034
2556,왕십리뉴타운,210-1도,202281.1064,551996.9869
2557,성동종합행정마을,518-19대,203198.821,551581.9408
2558,선사초교,521도,211446.9543,550693.8643
2559,살곶이다리,67-1도,203980.0272,550486.2356
2560,사근램프앞,127도,204179.8078,551762.0936
2561,영동초교,121-106 주,191795.6101,547320.291
2562,영등포경찰서앞,30-1대,191301.1039,547447.846
2563,목동교삼거리,409-384천,190259.8046,547889.6664
2564,당산동아아파트,84-1도,191671.72,547661.8904
2565,영일공업사,91 대,191659.1261,547520.3772
2567,당산중(연등)2,11-37도,191566.6247,548124.5489
2568,당산119안전센터,340-5도,191073.4766,548431.6481
2569,양평우체국,315-1공,190840.6907,548577.3972
2570,선유도역(연등),93-1도,190748.8456,548635.9507
2571,선유도역,123대,190627.2849,548714.2955
2572,양평교,119대,190511.7954,548782.7719
2573,박가부대당산점,276-6대,190874.4574,548355.0736
2574,웨스턴플레이스,60-1도,190481.3229,547724.2622
2575,웨스턴플레이스(연등),76-1대,190423.4475,547627.9443
2576,이엔씨벤처드림타운,63-1도,190372.2144,547455.8246
2577,남부노동청주차장,115-1도,190457.1462,547252.0311
2578,롯데마트양평점,560-1도,190489.7145,547432.2367
2579,남부고용노동지청앞,115-1도,190333.9479,547275.5333
2580,오목신동아,27-1도,190080.1476,547019.4141
2581,양평신동아아파트,20-1도,189886.4475,547057.3662
2582,GS강서타워앞,87-1도,190253.8979,546848.7272
2583,우리벤처사거리,10-1 도,190227.4119,546717.9421
2584,우리벤처사거리(연등)1,5-1 도,190203.6119,546579.8671
2586,홈플러스입구,72-1도,190684.9312,546426.218
2587,진로아파트,306-1도,190747.7554,546750.2747
2588,영등포구청역,306-1도,190829.17,547179.6537
2589,영등포구청앞,37-1도,190866.0082,547393.4841
2590,영등포구청(연등),32-214도,191001.8835,547755.1065
2591,당서초교정문,41대,191115.6815,547933.3818
2592,당산중(연등)1,1대,191669.4758,547970.3257
2593,미소로프라자,0-1 가,191518.0212,547713.8243
2594,당산한양아파트,1-2 대,191362.0253,547263.4208
2595,청과물시장,193-2철,191317.1882,547086.1779
2585,문래공원,68-1 도,190620.9916,546144.6302
2596,영남교회,315-2철,191275.0708,546549.0967
2597,구로세무서,13대,191221.1415,546101.9607
2598,도림사거리(연등)1,144-186도,191155.2667,545475.4547
2599,도림교동측,58-35대,190640.7638,545848.6411
2600,경원스파랜드,28-139대,192009.8914,546614.1563
2601,경원스파랜드(연등),427-2 도,191861.8087,546653.1908
2602,영등포시장역(연등)1,73-4대,191603.3973,546913.3708
1732,광동한방병원,172 도,205464.991,546119.3146
1733,구서울의료원(연등)1,172 도,205676.2628,546160.0425
1734,국기원입구,800-61 도,202742.6016,544394.2788
1735,국기원입구(연등),800-64 도,202920.9676,544464.0209
1736,고등교육재단,674-43 대,203534.1164,544699.104
1737,국민은행테헤란로,695-30 대,204046.2577,544897.4786
1738,삼성증권,130-2 대,204678.667,545138.5902
1739,현대백화점무역센터,159-9 대,205263.332,545368.8793
1740,강남경찰서,186-5천,205878.6105,545605.4767
1741,역삼초교(연등)1,828-8 대,202809.2237,543791.6907
1742,역삼초교,741-32 대,202954.6911,543846.0507
1743,역삼세무서(연등)1,803-12 도,203109.2039,543905.883
1744,신풍제약,738-49 대,203266.9812,543973.358
1745,강남창업센터,806 도,203474.1642,544044.9409
1746,강남창업센터(연등)1,806 도,203575.5588,544109.2976
1747,역삼119안전센터,722-2 대,203714.5204,544195.1382
1748,역삼119안전센터(연등),711-2 대,203831.9483,544265.8754
1749,개나리아파트정문,713 학,204163.8149,544430.9688
1750,도성초교,802-31 도,204333.4676,544497.5274
1751,도성초교사거리(연등)2,896-44 도,204655.7191,544629.2985
1752,대치4치안센터(연등),893 대,204892.6951,544730.158
1753,대치4치안센터,1011-8 도,205010.2243,544776.3932
1754,휘문고정문(연등),951-3 대,205408.5201,544938.5021
1755,휘문고정문,947-2 대,205502.7564,544978.1872
1756,싸리고개공원(연등)1,805 도,202933.9603,543398.9416
1757,싸리고개공원,805 도,203100.8785,543465.5737
1759,역삼카센터,776-19 대,203475.724,543606.7538
1760,도곡1동주민센타,556-22 도,203614.6943,543662.3355
1761,도곡1동주민센타(연등),556-7 도,203750.0621,543713.6938
1762,강남세브란스(연등)1,807-23 도,203975.6918,543801.5991
1763,역삼중,756-14 대,204481.5878,544011.7366
1764,역삼중(연등),556-15 도,204283.9238,543921.982
1765,롯데백화점도곡,1026-9 도,204833.3708,544156.6122
1766,롯데백화점도곡(연등),1026-6 도,204977.6778,544216.843
1767,대치삼성아파트앞,1011-8 도,205205.5413,544311.4113
1758,싸리고개공원(연등)2,556 도,203252.9842,543519.8564
1768,우성2차201동앞(연등),1012-93 도,205532.2532,544442.8425
1769,우성2차201동앞,1012-85 도,205726.2592,544517.438
1770,대치우성아파트(연등),78-30천,206067.2968,544656.7869
1771,매봉터널,74-2도,204405.6779,543212.9887
1772,도곡역(연등)1,339 도,204713.7425,543382.7404
1773,청실종합(연등)2,633 대,205161.507,543650.2557
1774,청실종합,612 대,205266.802,543709.7786
1775,청실종합(연등)1,449 공,205411.9452,543794.5927
1776,대치미도아파트,398 도,205885.8122,544005.87
1777,영동2교북단,4-19도,203797.7692,542503.8715
1778,보석빌딩,179-1도,203929.6377,542681.2837
1779,독골근린공원,421-1 도,204103.351,542820.5366
1780,전기공제회관,2-9 대,201811.121,545947.2229
1781,영동시장,140-18 대,202059.4802,545286.5341
1782,씨티극장,601-27 대,202303.5688,544653.4274
1784,국민은행역삼,824-17 대,202560.7802,543970.908
1787,툇마루집,647-9 대,202818.6064,544202.3482
1821,강남구청역(연등),279-92 도,203682.8081,546297.0815
1822,주택공사,2 대,203749.4681,546076.4576
1823,삼릉치안센터,11 대,203808.0574,545879.7383
1824,선릉역(연등),172-96 도,204276.5948,545153.8399
1825,진선여고,1011-17 도,204399.8722,544832.2788
1826,역삼영동아파트,1011-30 도,204572.1628,544370.5255
1827,역삼영동아파트(연등),805-37 도,204621.1315,544232.1392
1828,연무관앞,129대,197579.9349,553803.2812
1829,한티역(연등),531 도,204723.8259,543962.3011
1830,청담2치안센타,77-36 도,204266.8753,547002.8744
1831,청담천주교회(연등),77 도,204315.8719,546893.2883
1832,청담천주교회,60 대,204384.0689,546725.1278
1833,삼성동센트럴아이파크(연등)2,75-1 대,204531.6285,546382.7199
1834,삼성동센트럴아이파크,64-13대,204619.684,546176.6553
1835,은성빌딩,111-86 도,204831.785,545680.6476
1836,원혜빌딩,172-75 도,204931.3926,545439.4689
1837,포스코사거리(연등),158-5 대,205073.2135,545106.642
1842,드림타운북문,,195702.8746,543555.2377
1788,역삼우체국,735-15 대,202886.0442,544028.9649
1789,역삼금호어울림,750-24 대,203014.1821,543694.2844
1790,압구정현대아파트77동앞,369-1대,202448.3951,547866.1296
1791,로뎀빌딩,603-2 대,202492.2982,546907.5696
1792,국제기술학교,279-19 도,202607.5834,546363.7013
1793,힐탑호텔,213-13 대,202847.4615,545709.7763
1794,베네치아호텔,233-4 대,203048.9837,545185.3784
1795,베네치아호텔(연등),651-3 대,203103.2743,545030.3763
1838,대치사거리(연등),1012-38 도,205122.2252,544996.7301
1839,관악드림타운107동,1712-12 도,195890.3719,543381.7513
1840,대치신해청아파트,1011-56 도,205265.7102,544654.4382
1841,대치은마아파트,987-14 대,205471.8017,544178.866
1796,강남제일병원,657-21 대,203151.5004,544896.7737
1797,강남제일병원(연등),665-1 종,203209.5123,544740.5212
1798,삼성저축은행,718-12 대,203386.5906,544277.0147
1799,강남창업센터(연등)2,806-4 도,203530.8939,543886.7519
1800,우리은행역삼,770-18 대,203569.2329,543781.5431
1801,역삼삼익아파트,874-1도,203674.6203,543357.3234
1802,광성빌딩,산 29-25 임,203725.6635,542693.4128
1803,태승빌딩(연등),480 공,202967.6602,547590.8763
1804,윤당아트홀,638-13 대,202946.0676,547381.9754
1805,삼원가든,634-9 대,202937.9596,547074.3071
1807,강남프라자,279-67 도,203132.8324,545957.9798
1808,아이파크논현,250-21 대,203245.0255,545676.5476
1809,파고다호텔,277-7 대,203525.431,545309.8945
1810,영동전화국,685-30 도,203678.8828,545064.7392
1811,최규식동상,산15도,197116.0648,554743.1123
1812,신봉초교,480-86 대,195307.7901,542945.8344
1813,신봉초교(연등),495-43 대,195288.6009,542828.3465
1814,역삼2지구대,804 도,203869.9761,544553.5934
1815,우리은행도곡,805-38 도,204029.7799,544134.3933
1816,강남세브란스(연등)2,807-19 도,204075.7661,544008.5121
1817,한양타운,668-5 도,203498.7766,547240.6074
1818,영동고(연등)1,88-8 대,203502.4138,546910.151
1819,영동고,77 도,203537.6146,546796.0731
1820,영동고(연등)2,77-27 도,203581.2983,546640.8611
1843,구암중학교,,195486.9999,543649.3783
1844,관악벽산아파트501동,,195291.3291,543693.0591
1845,대치은마아파트(연등),316 대,205526.741,544054.9723
1846,대치선경아파트,510 학,205704.7885,543616.2228
1847,한국도심공항입구,159 대,205176.6851,545548.3093
1848,우리은행청담,340-2도,204887.6373,547095.8228
1849,우리은행청담(연등),139-33 도,204944.1101,546966.1701
1850,한전앞,161-2 대,205461.8472,545776.9872
1851,대치쌍용아파트,75-1유,206091.5776,544328.8195
1852,동호대교밑,374천,202177.9917,547968.367
1853,수서경찰서(연등)1,13-1 공,206843.477,543725.2147
1854,수서경찰서,700-3 도,206743.547,543681.1097
1855,대모산입구역,193 도,206431.5228,543547.7411
1856,개포2동주민센터,513-3 천,206107.5386,543345.1951
1857,영동5교,511 대,205837.5776,543293.8833
1858,수도공고,504-4 천,205468.9804,543081.1317
1859,개포고교,647 도,205130.3938,542821.7022
1860,구룡중,501 공,205030.2662,543007.5971
1861,개포우성3차아파트,174 학,205041.9701,542667.6304
1862,개포현대1차아파트(연등),647-1 도,204892.7814,542531.8119
1863,구룡초교,659 도,204753.2288,542402.9414
1864,개포경남아파트,659 도,204652.5173,542638.3601
1865,국민은행개포남지점,1266대,204199.7405,542148.1776
1867,성내4교(송파소방서),159-1도,212525.8793,544498.1293
1868,성내2교,27-3도,212771.7769,544452.8632
1869,성내5교,164-2도,212143.7823,544654.3173
1870,성내6교(연등),126-9도,212126.3109,544944.07
1871,성내7교,97-71천,212050.4394,545161.0457
1872,홍연아파트(연등)2,156-12도,194143.5198,553045.6665
1873,연희지하차도(연등),143-13도,194285.4435,552884.3641
1874,서울외국인학교,80-6도,194190.756,552389.7536
1875,국민은행신촌,50-4대,194422.7605,550722.0019
1876,에쓰오일,1000-92도,191366.0216,538941.5285
1877,중동초교사거리,94-7도,192157.2495,551822.9231
1878,성산1교(성산1교서측),589대,191442.8239,551592.499
1879,성산모터스(연등)1,427도,192658.1303,550481.6526
1880,독산현대아파트입구,291-1대,190682.6486,540795.7635
1881,독산사거리(연등),152-12도,190911.2702,541347.3295
1882,가리봉치안센터,235-3장,190589.6751,542148.3466
1883,신림1파출소(경보),1598-5대,193462.0315,542189.0028
1884,양화진공원,432-17도,191881.5059,550095.3366
1885,성서초교입구(연등)2,산16임,192215.0785,551035.0637
1886,성서초교입구(연등)1,산 11-64 공,192112.7587,551009.898
1887,신수천주교회,339-1도,194195.3425,549765.4803
1888,마포자이아파트,150학,195270.2853,549392.4863
1889,망원2빗물펌프장(경보),398-30대,191420.2434,550217.1232
1890,삼익아파트앞,5도,194192.389,546808.1691
1891,명화나이트,19천,192234.9745,546864.93
1895,당산중(경보),88-3도,191741.673,548074.327
1896,여의도치안센터(연등)1,5-2도,194158.0682,546588.0763
1897,여의도주유소(연등)3,8-2도,193560.5781,547850.0387
1898,여의도주유소,8-2도,193409.8454,547922.6642
1899,여의도수영장,83천,193411.4489,547966.3386
1900,여의도주유소(연등)2,8-1도,193330.65,547958.0665
1901,LG빌딩,2-11도,193620.0186,547594.2835
1903,여의도공원,2-11도,193088.8425,547196.3479
1904,서강대교남단(연등),83-1천,193025.391,548008.1271
1892,한강성심병원,19천,192114.5808,547087.6923
1893,서울시의사회,364천,191904.8513,547564.5221
1894,삼성래미안3차아파트(연등),121-34도,191798.439,547908.4317
1905,88골프연습장,,194456.4335,546628.3082
1906,여의도고교,85-6천,194206.3909,547207.9604
1907,여의도고교(연등),85천,194115.4597,547137.3019
1908,순복음앞고수부지,83-6천,193230.0587,548035.3354
1909,둔치주차장,81-6천,192467.2358,548267.2075
1910,국회동문,1대,192753.5117,548168.8716
1911,국회북문,8-1도,192548.5927,548217.2662
1912,국회서문-남문,1대,192263.449,547782.3784
1913,여의2교,94-411천,192131.986,547364.5195
1914,수출입은행뒤,1-2도,193239.251,547777.7181
1915,국민일보앞(연등),2-11도,193452.0365,547761.2637
1916,국민일보앞,2-11도,193318.4007,547669.2111
1917,여의도우체국,3도,193490.2895,547063.2291
1918,63빌딩(연등)2,7제,194777.1875,546697.7865
1919,여의도성모병원,50대,194582.5862,546505.7306
1920,여의도삼부아파트,30-2대,193832.3115,547327.0356
1921,여의도수정아파트(연등)1,4도,194056.137,547087.5106
1922,국회도서관,1대,192843.7215,547870.9988
1923,동산교회(연등),88-112대,193866.2475,542134.8005
1924,광장아파트,23-6대,193165.4106,546807.2199
1925,국민은행여의도(연등)1,4도,193782.9683,546878.5889
1926,여의도수정아파트(연등)3,4도,193988.8716,547040.7358
1927,국민은행여의도,4도,193691.8118,546807.619
1928,여의도자이아파트앞,4도,193372.1857,546556.7877
1929,윤중중교앞,4-9제,193307.4325,546502.575
1930,KBS별관,4-2도,193881.2093,546563.9037
1931,여의도수정아파트(연등)2,4-2도,193974.0987,546823.8926
1932,한국노총회관,3-5도,193590.7129,546932.5511
1933,국민은행여의도(연등)2,4도,193630.4276,546758.6577
1934,여의지구대앞(연등)3,2-11도,193141.3673,547519.6031
1935,여의지구대앞(연등)1,2-11도,192979.5364,547395.0532
1936,여의지구대앞,17대,192908.8254,547339.2103
1937,여의도공원삼거리,1-7도,192808.8023,547268.2408
1938,여의도공원삼거리(연등),2-11도,192755.704,547219.2276
1939,당고개주유소,109-36도,207066.9156,563263.9809
1940,난우초교,산197-5임,192716.1273,541852.2132
1943,월드메르디앙,459-9장,189320.7191,542224.2055
1944,은행나무오거리,1000-124도,191915.8286,539081.9437
1945,거여치안센터,0-1가,212873.2696,544035.9712
1947,월드컵남문,532-14잡,190742.0883,551928.5012
1941,난곡우체국앞(연등),산197-60도,192615.5566,542052.0747
1948,포이사거리,261-24 도,203941.3472,542096.6099
1949,천왕역,165-7대,185748.107,543026.753
1950,천왕역(연등),174-5도,185720.382,543066.6838
1951,종로프라자약국,571-2대,191650.165,542469.8607
1952,계남초교,325-6도,187676.0209,545724.6723
1953,고척119안전센터(연등)1,221-1대,187105.709,545007.9008
1955,천호사거리,,210906.1409,548802.23
1956,신안인스빌,50제,190042.1575,546071.7751
1957,제니코,12-1도,190080.5843,546186.7037
1958,근로자회관,87-1도,190167.1153,546421.7788
1959,경찰청아파트,76-5 대,190336.0463,546326.6989
1960,경찰청아파트(연등),76-7도,190445.1964,546257.4877
1961,문래삼환아파트,98 대,190308.6422,546053.1872
1962,신정교,31천,189594.4559,546334.4372
1963,롯데삼강,42-1도,189775.5212,546501.1605
1964,영등포고가입구,592-9도,191951.3514,545955.8251
1965,페어필드바이메리어트,222-1도,191979.0023,546431.6958
1966,신정3동현대아파트,743-15 도,185934.6508,545457.2498
1967,계남공원,325-4잡,187455.1913,545617.5812
1968,선암IC(연등)1,448-6 도,201643.673,539993.6599
1969,식유촌마을,산99-3임,201145.1269,539774.257
1970,구룡사앞,1175-10대,204526.7319,541337.5055
1971,법원정문,1737-4도,200979.5662,543717.5716
1972,뉴코아아울렛,100도,200720.1488,545488.7368
1973,쌍용남부자동차검사소,1740-6도,201126.3689,543152.0227
1974,국악고교앞,403 도,204306.8479,541587.9798
1976,영광빌딩,261-24 도,204116.2489,541823.4103
1977,개포도서관,147 도,205435.8784,542503.8945
1978,구룡마을입구,146-1 도,205731.549,542200.6541
1979,경기여고,198 도,205972.0972,542963.3538
1980,개포디에이치아너힐즈,187 대,206056.9186,542764.1875
1981,개포프레지던스자이,,206209.0452,542567.4096
1982,공무원연금매점,703-2 도,206559.1454,543258.5551
1983,일원터널,146-5 도,206679.2963,542962.2167
1984,영희초교,705-3 도,207142.2443,543512.2101
1985,대청초교정문,4-12 잡,207723.1468,543697.4113
1991,왕북초교,745-4 도,207622.176,542930.6268
1992,대왕중교,748 도,207663.4738,542693.9535
1993,대모초교,716-4 도,207575.2273,542462.7225
1994,태화복지관앞,748 도,208223.141,542781.3342
1995,궁마을삼거리,740 도,208659.2937,542922.567
1996,수서역공영주차장,708 대,208866.2909,543057.6337
1997,수서역,728 도,208998.1056,543101.9053
1998,수서역(연등)1,728 도,208853.9436,543237.4913
1999,수서역(연등)2,719 도,209077.4257,543136.1418
1986,일원1동주민센터,702 도,207810.1047,543475.0451
1987,중산고교입구(연등),702-4 도,207322.862,543042.4047
1988,중산고교입구,50 대,207368.7211,542901.0924
1989,대모산입구,733 도,207067.3261,542582.2091
1990,일원역,733 도,207413.3105,542648.3041
2000,쟁골마을,199-1잡,209270.0482,542539.155
2001,자곡사거리,334답,209401.4705,541796.7303
2002,방죽마을사거리,235-3 답,209493.7909,541351.9331
2003,은곡사거리,281-3도,208988.6066,540660.2558
2004,세곡삼거리,101-10 도,210460.3183,540795.5232
2005,성모재활원,,247186.3661,511143.9436
2006,탄천1교,580-2도,207091.224,544451.9861
2007,대청역,700-9 도,207033.7491,543800.6323
2008,영희초교(연등),706-4 도,207275.8226,543587.8908
2009,서울놀이마당앞,43도,208618.1342,545614.6805
2010,우면삼거리(연등),1748-48도,201552.7031,542617.4428
2011,남부터미널(연등)2,1748-48도,201489.7046,542745.9977
2012,잠실3삼거리,38도,208238.5594,545646.8865
2013,잠실3단지동문,32도,208159.4293,545544.8553
2014,석촌호(연등),47 공,208729.2975,545225.7965
2015,석촌호,47 공,208603.1204,545235.8635
2016,레이크팰리스상가,45-1도,208189.4278,545314.1701
2017,잠실학원사거리,292도,208022.7841,545345.4923
2018,트레지움서문,279도,207653.0518,545535.6902
2019,잠실지구대,19대,207295.3158,545809.5208
2020,권세교회,47 공,208587.7781,544996.6078
2021,배명사거리,157도,208572.7944,544782.1761
2022,삼전동우체국,126-7대,208424.6945,544790.642
2024,잠실병원,16-6대,208002.6537,544910.8956
2025,잠실학원사거리(연등),162도,207911.3153,545179.3338
2026,삼전사거리,347도,207778.4695,544989.7043
2027,잠실현대아파트(연등),347도,207643.0573,545041.8884
2028,잠실현대아파트,345도,207490.0022,545094.7034
2030,반포래미안아이파크정문,30-26 대,201058.6842,544650.7215
2031,아시아선수촌아파트,344도,207028.6107,545256.2574
2033,아시아선수촌정문,256도,206968.272,545591.7493
2034,잠실토끼굴,12도,206845.4046,546216.3758
2035,잠실토끼굴(연등),13도,206847.2661,546352.0006
2036,뚝방길삼거리,513-1 천,208746.3148,544083.4101
2037,배명중(연등)1,302도,208551.5726,544269.8087
2038,배명중(연등)2,212-7대,208548.1961,544338.028
2029,아시아선수촌아파트(연등),267도,207182.1467,545204.0438
2040,탄천2교,86대,206744.9702,544983.1982
2041,아주초교,86대,206633.2319,545118.6305
2042,정신여고,83도,206553.5802,545553.3936
2043,삼성교동측,120도,206249.4149,545682.5973
2044,인재개발원(연등)1,1436-6공,201929.0173,542601.348
2045,봉은교,4도,206174.7712,546250.1821
2046,가락시장입구,282도,209637.851,544046.8447
2047,탄천교,538천,209191.5154,543868.939
2048,GS마트입구,214-15도,210310.9887,543618.0405
2049,롯데마트송파점(경보),95-4도,210347.2003,543530.5707
2050,GS마트입구(연등),214-15도,210157.098,543554.9401
2051,가락시장남2문,214-15도,209867.8223,543446.2543
2052,광평교,600 대,209656.1867,543362.5265
2053,훼미리아파트112동,150-14도,210480.8072,543160.977
2054,훼미리아파트234동,150-14도,210048.534,542975.8433
2055,개포중,139 공,205598.7249,542331.7688
2056,반포IC,729대,201497.9318,544880.0122
2057,서초1동주민센터,1643-47대,201668.6812,543359.1876
2058,교대정문,1642-34 대,201466.3397,543282.2003
2059,사랑하는교회,1634-1대,201854.5779,543427.9696
2060,사랑하는교회(연등),1324-13대,201976.0177,543474.5853
2061,서이초교(연등)1,1326대,202201.562,543561.9603
2063,동대문주차장,204-8도,201093.7588,552040.7687
2064,구서울의료원,111-186 도,205834.9626,546198.7332
2065,서초삼성스위트아파트(연등),1320-10 대,202263.3457,543844.7328
2066,선릉공원앞,131 공,204164.5067,545288.0639
2067,코엑스서문,73 종,205060.8206,545811.8316
2068,박석고개(연등),389-2도,192946.3308,558481.9746
2070,역촌역(연등),17-55천,193162.9109,556210.561
2071,구산중(연등),25-29도,192120.0244,556446.1347
2072,갈현중앙교회(연등)1,457-3구,192378.2254,557372.1376
2073,갈현초교(연등)1,533-2도,192499.4221,557610.1835
2074,갈현초교(연등)2,389-11도,192596.073,557845.9392
2077,불광초교(연등)1,276-4천,193991.3903,556987.147
2078,불광초교,242-65구,193979.7368,556948.6174
2079,해성마트,493-12대,192405.2467,557040.8642
2081,서이지구대,858 도,202500.3134,543675.2984
2082,대도초교,1013-5 도,204799.2669,543765.7283
2083,대한도시가스,4-20천,206730.8838,544323.0268
2085,율현삼거리,118-2도,210649.5444,540923.3214
2086,청담초교(연등),147 잡,204021.152,547455.1328
2087,복정역,634-10 도,211212.8326,541265.5835
2088,탄천2교(연등),86대,206840.3613,545075.9685
2089,장지교,843-3 도,211240.1317,541830.0845
2090,구리판교밑,856 대,211560.9916,541761.9265
2092,장지역,201-11도,211131.1679,542223.5925
2093,건영아파트앞,312-2구,210987.6697,542572.9823
2094,문정역,119-4도,210826.7363,542965.2687
2095,올림픽훼밀리타운,135-2도,210704.618,543263.1514
2096,가락시장동문,172-9도,210296.7004,543955.3357
2097,가락시장동문(연등),325-2도,210365.177,543865.1019
2098,가락시장,334-11도,210081.1298,544259.294
2099,신가초교앞,95-3도,210502.5951,544545.3854
2100,경찰병원,10-15도,210904.4964,543952.8333
2101,문정동현대아파트,195-4도,211166.8325,543569.5332
2102,문정초교,3-3도,211354.8859,543402.9625
2103,문정중교,18-3도,211580.9112,543216.1206
2104,문덕초교,18-3도,211198.4583,542991.2753
2105,건영아파트,84-3도,211181.7695,542602.885
2106,개롱근린공원,3-2도,211462.4444,543766.2355
2107,문정프라자아파트,199-4도,211812.6911,543464.7368
2108,송파중교,195-1도,211581.5302,544040.9781
2109,개롱역,165-2도,211856.0618,544340.1677
2110,송파경찰서,34학,211330.4281,544733.3693
2111,성동구치소,10-15도,211154.7767,544440.2152
2112,오금현대1차아파트,2-11도,211143.3735,544885.5088
2113,미성아파트앞,220학,210700.7844,545180.0887
2114,방이역,217-2도,211140.3,545466.9296
2115,올림픽공원남4문,88-1대,210250.5757,546320.9436
2116,남2문,88-2 대,210842.2314,546070.1249
2117,거여역,20-14도,212768.209,543740.8537
2118,마천사거리,45-4도,212961.3263,544291.856
2119,성내1교,45-4도,213098.5555,544667.2387
2120,석촌호수북단,28도,209000.9792,545742.3968
2121,송파구청,12도,209433.4704,546225.3814
2122,KT앞삼거리,34도,209489.0942,546043.3706
2123,풍납사거리,472도,210531.2272,547619.6606
2124,영파여중고앞,490-16도,210729.7217,548181.7947
2125,한남광장,산9-19임,200259.517,549740.6517
2126,아시아선수촌정문(연등),255도,206988.6777,545493.3039
2127,동양종합금융증권,100-2도,210727.2454,543829.2947
2128,가락대림사거리,59도,210668.8782,544297.1506
2129,방이사거리(연등),4-3도,210084.9593,545538.3039
2130,방이2동주민센터,88-1대,210157.8541,546130.2064
2134,오금공원,6공,211647.8225,545153.6004
2135,백토공원,6-2도,211744.8928,545334.6328
2136,선수촌아파트,,211599.0461,545674.7911
2137,방이초교(연등),88-20 대,210588.0776,545918.0417
2138,방이초교,19-2도,210613.6331,545966.8726
2139,방이수협,158-1대,210441.4253,545620.5585
2140,방이시장,94-6도,210009.9531,545834.8677
2141,송파초교,65도,209841.284,545495.035
2131,진주아파트16동앞,20-4대,209641.4218,546317.2411
2132,잠실장미쇼핑,11대,209079.8134,546482.2352
2133,홈플러스잠실점,11대,209126.999,546374.3569
2142,송파여성문화회관,67도,209631.6475,545214.2259
2143,가락한양2차아파트,152-1도,210132.5713,544994.182
2144,우리은행송파,4도,209961.0594,544839.2774
2145,경찰병원후문,10-15도,211046.2098,544144.7888
2146,가동초교,161-1대,211387.2526,544223.0353
2147,가락5차51동앞,53-10대,211680.6498,544460.9393
2148,오금동근린공원,164-2도,212051.2778,544535.4448
2149,오금동근린공원(연등),61-9대,211976.9324,544457.7149
2150,오금초교,,211583.4076,545536.2074
2151,동양시스템(연등),42-15도,211302.0825,545384.2596
2152,인애가병원,72-10도,211900.4411,545041.8288
2153,성내6교,72-10도,212055.3621,544975.2488
2155,송학빌딩,159-1도,212574.1251,544626.1274
2156,명성스텐,159-1도,212422.5844,544241.5386
2157,영풍초교,136-100대,212564.2913,543871.9382
2159,거여어울림102동앞,178-117 대,212734.6649,543638.1567
2160,성덕교회,0-1가,213041.9065,543728.4273
2161,송파상운,183-4학,213378.9061,543708.8675
2163,윤호약국앞사거리,144-12도,213281.6171,544014.4914
2164,거여119안전센터,175-64도,213406.9101,543864.7544
2165,신한은행마천,45공,213063.8366,544203.0737
2166,남천초교,100-1천,213374.3039,544541.4108
2167,마천삼익아파트,68-3 공,213620.2896,544423.0465
2168,마천우방아파트,200-58천,213446.911,544483.5538
2169,마천금호어울림1차,200-53 천,213636.7268,544249.6163
2170,마천1치안센터,199-2 전,213655.826,544057.4113
2172,마천청소년센터,325-28천,213834.164,543655.1373
2173,행복한치과,211-87도,213750.8046,543885.4265
2174,송파사거리(연등),94-35대,209871.6846,544545.671
2175,선일농원,,212562.8103,545930.4483
2176,잠실파크리오201동앞,18도,209551.5297,546630.6781
2177,풍납2동주민센터,453도,210361.01,547705.4693
2178,토성초교,257-113도,210065.2272,547868.2612
2179,강동구청역,490-16 도,210662.3786,547919.7566
2180,서울공업사(연등)1,490-16 도,210765.5046,548304.5492
2181,서울공업사,490-16 도,210801.6146,548428.4354
2182,서울공업사(연등)2,455-21도,210844.5747,548579.4069
2183,풍납초교,159-7도,210376.3845,548307.1889
2184,재활용알뜰장,199-4도,212119.4127,543803.3223
2185,문정시영아파트,199-4도,211974.8663,543643.4081
2186,인애가송파병원,18-3도,211477.5333,543099.153
2187,인애가송파병원(연등),18-3도,211393.0491,543036.012
2188,건영아파트(연등),90-1도,211162.8868,542779.3675
2189,문정초교(연등)1,3대,211299.5289,543255.0831
2190,개롱근린공원(연등),3-2도,211326.1843,543676.3779
2191,송파중교(연등),195-1도,211531.5162,543930.3417
2192,래미안파크팰리스,165-3도,211722.4971,544192.5054
2193,거여동사거리(연등),156-2도,212191.9054,544118.7544
2194,개롱역(연등)1,165-2도,211990.2824,544253.9631
2195,코오롱,209-7도,210916.5816,545586.8559
2196,코오롱(연등)1,209-7도,211020.6233,545531.5523
2197,방이삼거리(연등),63도,209704.77,545765.253
2198,거여아파트단지,290-5도,212819.1478,543377.5182
2199,거여라이프아파트,289-9도,212670.6099,543425.9156
2200,남천초교(연등),52-3천,213204.4582,544654.3045
2201,동북고입구,354-8수,212279.392,546647.2756
2202,둔촌사거리,450-43도,211829.7927,546892.499
2203,올림픽공원북2문,547-1대,211313.0416,547175.6747
2204,호원아트홀,420-35대,211499.4633,547467.7494
2205,둔촌동역,450-48도,212076.3353,547710.5295
2206,둔촌아파트입구삼거리,450-41도,211905.6046,547140.5676
2207,둔촌종합상가,540-4도,211972.8731,547354.2607
2208,천동초교입구,349-8도,212475.7336,549061.2583
2209,굽은다리역,34-10도,212649.9189,549657.6119
2210,동부기술교육원,산11-2도,212762.3285,550589.196
2211,선사사거리,527도,211416.2051,550590.3696
2212,암사역,547도,211271.2756,550076.1728
2213,천호동공원,265도,211123.401,549559.2197
2214,광진교남단사거리,333-42도,210990.9908,549090.8526
2215,강동성심병원,461도,211870.6982,548429.9719
2216,길동현대병원,389-5 대,212284.9644,548413.9572
2217,강동성심병원입구,462도,211935.03,548597.1904
2218,길동시장,415-5대,212053.1343,548358.6242
2219,길동초교(연등)1,391-15도,212374.5309,548720.8107
2220,길동초교,390-29도,212345.2073,548614.3915
2221,보훈병원입구,307도,212433.5276,548257.9657
2222,둔촌고교입구,149도,212844.0595,548422.6494
2223,생태공원앞,176-11도,213462.8156,548754.8214
2225,방아삼거리,105-35 전,212952.933,547148.6532
2226,방아삼거리2,6-2대,213027.6066,547384.9768
2227,신성아파트,112-2도,212793.6042,547459.8517
2228,보훈병원(연등)1,88-2도,212634.7292,547817.0817
2229,둔촌주공아파트,87-2도,212548.9114,547548.2743
2231,신명초교입구,54-1도,212991.6965,549026.9771
2233,한영중고교앞,149대,213800.7648,549975.9516
2224,길동생태공원,12-5도,213543.1042,548982.8288
2232,대명초교입구,168도,213781.4802,549644.2504
2234,한영중고교입구,168도,213790.4915,549779.1629
2235,E-마트,302도,213834.2819,550663.1165
2236,고덕역,314도,213545.6455,550613.2863
2237,묘곡초교,669도,213390.132,551039.4239
2238,광문고교,302도,213857.4085,551237.1992
2239,공무원아파트,295학,213846.222,550905.3829
2240,상일동역,299도,214617.4788,550799.9894
2242,고덕천사거리,120도,215138.3621,550865.3941
2243,상일시장,299도,214908.3816,550849.6849
2244,상일IC,359-3도,215339.2289,549732.2604
2246,늘푸른교회,283-5대,215117.4745,549619.8491
2247,상일동아아파트,168도,214761.7482,549584.6887
2249,고덕아르테온301동앞,497전,215216.2633,550483.0555
2250,고덕자이아파트앞,75-2잡,215271.0514,550184.8915
2251,고현초등학교삼거리,121대,214597.6947,550449.1512
2252,강동고교입구,,214606.7186,550123.9236
2253,강동아트센터,147 도,213812.8106,550252.2761
2254,대명초교앞,59도,213478.4418,549686.5098
2255,고덕현대아파트,58도,213488.1858,549971.4578
599,서울교대,1748-33도,201290.9705,543214.5477
600,세곡동사거리,134-3도,209578.0573,540597.034
609,구산사거리,194-2구,192197.2585,557132.6427
610,서울혁신파크정문,산42-18천,194089.6828,556383.6036
611,시청,31 대,197961.3191,551602.8847
612,퇴계로5가,173-10도,200227.4249,551518.6011
613,숙명여대입구(연등),70-3대,197413.2884,549410.431
614,학동,77-6 도,203459.1625,547076.214
615,여의도수정아파트,4도,193878.7727,546952.8505
616,구반포삼거리,752도,198823.7597,544646.1364
617,대치우성아파트,78-24유,205963.9271,544616.9481
618,구산치안센터,195-4도,192174.3231,556954.6144
619,광산사거리,140도,201971.1839,560395.8978
620,국립재활원,410-267천,201077.622,560039.6006
621,광운대입구,466 학,204993.7271,557558.1734
622,동묘앞역,83-2도,201384.8747,552609.1784
623,광교,9도,198476.151,552168.1756
624,퇴계로4가,79-7도,199870.3469,551415.3421
625,숭례문,24도,197854.5328,551211.0811
628,도곡역,339-2 도,204896.9611,543497.5607
629,교대입구,1748-14도,200886.8369,543060.7901
630,구로전화국,1676-8도,191507.6658,542277.4855
631,금천구청입구,1000-26도,191117.4081,539758.1835
633,광운초교앞사거리,산130-1임,204718.3388,557761.8693
634,월곡역,37-4도,203677.9436,555852.1041
626,몽촌토성역,19도,209954.0839,546451.4033
627,구로구청구의회,65도,190168.4508,543983.2669
632,숭미초교,315-8도,202528.723,561226.2768
635,서울시립대앞,103-25대,204733.1976,553761.3827
636,하이웨이주유소,666-61도,187164.4134,550628.3254
637,성산초교앞,473-9대,192192.993,550527.2173
638,성수사거리,289-36구,205654.1834,549182.7071
639,구로역,603-2도,189372.3462,544845.5228
640,숭실대입구역,178-1도,195961.551,544006.7366
641,고대구로병원,산91-6도,189689.2108,543742.8527
642,남구로역,802도,189927.6165,542842.3245
643,구로디지털단지입구,1125-12 도,191262.4399,542575.9919
644,하계역,273-5도,206020.8188,559596.3999
645,청계한신휴플러스,645-8대,203902.5243,552488.3586
7480,양화대교북단램프1(연등),407도,191971.7717,549812.1891
647,광희동사거리,18-221대,200634.4029,551632.1709
648,퇴계로2가,21도,199032.6145,551295.5625
649,충무로역,1-4도,199404.5644,551283.5685
650,국립극장앞,산14-55임,200051.7524,550189.7973
651,아차산역사거리,111도,208029.6474,550066.8786
652,구의사거리,234-21도,207538.2422,549511.0293
653,성수대교남단,488 도,202985.6368,547742.791
654,한강대교북단,301-5도,196621.0891,546993.1285
655,국립현충원,326-1천,197845.9117,544935.6155
656,구로소방파출소,산89-2도,189648.3341,543872.4926
657,시립동부병원앞,112-75대,202707.5637,552709.863
658,광장사거리,550-4구,209216.7107,549512.8159
659,법원검찰청,1697-7대,201211.2093,543802.697
660,시흥사거리,1000-48도,191197.7263,539487.0514
661,구수동사거리,68-18천,193980.4025,549554.6088
662,상왕십리역,590도,202656.8218,551621.9033
663,한강중교앞,312-2도,199278.6643,547357.2147
664,디지털단지오거리,127-34도,190258.3007,542220.4108
665,금천우체국,287-8도,190976.5676,541131.4684
666,AT센터,320-1대,203524.9653,541024.7161
667,기아대교앞,1001-29도,191428.9096,537711.4708
669,시청뒤,34-4도,198161.1582,551937.905
670,국일관,18대,199093.9794,552307.4757
671,세운상가,45-4 도,199591.4786,552337.6045
673,운니동,75-4도,199172.5919,552902.2371
674,안국역,,198782.276,553034.1447
675,안국동사거리,,198497.7824,552884.4255
676,경복궁,,198179.2185,552922.5564
677,광화문,1-68도,197959.6394,552882.1009
678,정부서울청사,,197733.9583,552911.3177
672,종묘입구,164-1도,199253.5922,552557.9437
679,경복궁역,,197582.0231,552929.5077
680,효자동삼거리,1대,197675.5141,553774.5329
681,신교동,60-4천,197385.1672,553810.2814
682,조계사앞,110-2도,198500.0507,552496.6996
683,강북청년창업센터,200-3도,191792.9143,551614.8245
684,팔판동,166-1도,198254.5733,553502.0128
687,청구성심병원,484-1 도,192935.9932,557947.2946
688,청운실버센터,89-68도,197600.5543,554092.3476
691,연신종로약국(연등),392-14대,193197.8651,557800.9001
692,연신내로데오(연등),484-1 도,192952.5954,557654.1578
693,영보빌딩은평,420-9 도,192834.2395,557428.5423
694,신사오거리(연등)1,37-8도,192654.8779,555572.3711
695,은혜산부인과,38-8도,193358.2797,556478.404
696,교육개발원입구,105-4도,203416.0978,542075.0056
697,역말사거리(연등)1,223 대,192449.6542,556249.6502
698,서부새생명약국(연등)2,172-77도,192864.0188,556379.8787
699,은평노인복지회관(연등)1,206-21답,193753.0695,558915.1296
700,은평노인복지회관,212-9도,193939.0319,559167.9186
701,신도초교정문,211-2대,193791.8631,559227.8783
7482,양화대교북단램프2(연등),407도,192000.9266,549776.4353
7506,우이교회(연등),204-25대,201510.4509,559855.8558
7507,한성고등학교,118-96철,196068.941,551042.0131
7513,희성교회(연등),산11-59임,192345.0537,550941.2305
707,녹번초교,151-7대,193412.75,555997.2167
708,연남교,448-4천,192651.328,551983.305
7521,강남데시앙포레106동,747 대,207898.1555,542465.8289
710,정부서울청사별관,161-1도,197744.4321,552729.6652
711,서울경찰청(연등),,197539.2243,552741.3669
712,신사동고개,7-34대,192065.0781,555365.9303
713,응암대림시장,604-3도,192650.1052,554305.9668
714,그랜드힐튼호텔,산11-45임,194343.125,554306.121
7522,방죽1시니어센터,242 도,209390.9274,541276.3536
716,조계사,,198492.0178,552711.2915
717,낙원상가,277-1도,198907.182,552666.3567
718,탑골공원(연등),284-29도,198926.9089,552563.5502
719,교동초교,140-2대,198836.9731,552825.4605
720,팔판동(연등),1-62천,198229.2828,553382.5202
721,연풍문,1대,197907.075,553807.2687
724,청계광장,1-80 도,197969.9651,552186.948
725,와산교,352-4도,192319.5305,554352.8214
726,구기터널,120-1천,196177.9927,556543.6647
727,신진학원,104-46도,192965.0924,555351.6277
728,응암시장,117-27대,192763.163,554925.8161
7524,아이파크2차정문,491임,212772.343,542291.5214
722,신사중앙의원,41-3도,191984.8989,555199.2327
723,신성아파트101동,208-11대,191742.4049,554738.2077
730,통인교차로,113도,197469.2772,553322.9172
731,통인시장,,197426.4568,553545.6992
732,청운초등학교앞,121-1도,197367.1957,553942.3452
733,경기상고,36-8도,197231.4994,554361.3541
734,청운중,산1-1임,197556.0193,554300.3524
735,최규식동상(연등),277-7 도,196981.0648,554776.4124
736,합청,12-4도,197687.7985,553314.7192
7528,신트리119안전센터,521-29 임,186536.8138,545718.3698
738,응암대림시장(연등)1,576-28 대,192667.1589,554382.0171
739,북가좌오거리,332-7대,192228.3963,553480.8166
740,명지중고교,325-1대,193426.9817,553705.5973
741,연희우체국,88-16도,193974.1659,552175.6624
742,서대문소방서,700대,194307.8878,552614.4832
743,연희지하차도,산5-47임,194298.4871,552984.4523
744,연희성모의원(연등),414-9대,193522.6362,552846.2228
746,LG베스트샵수색점,355-10대,190611.9763,553738.8566
747,두빌빌딩,산39-2임,191243.9544,553270.9221
748,마포구청,450대,191296.5669,551768.2951
750,북가좌요진아파트,431대,191911.3658,552542.1956
751,서울창업허브,128-82대,195481.7004,549482.5798
753,서대문우체국(연등),295-3대,193876.6708,551519.1954
754,한겨레신문사,115-32도,196310.9174,549780.4411
755,서울역서부,16-4공,197242.4628,550836.9796
756,굴다리입구,89-4도,194735.5824,551207.7624
757,명물거리,5 학,194731.8798,551066.8995
758,하나은행연희,90-15대,193896.3267,551925.539
759,연남동,,193585.1307,551402.7248
760,성산119안전센터,397 대,191442.7096,552308.3746
761,성산2동주민센터입구,27-54 철,191866.2873,552071.4678
762,봉원사입구,산3-18임,195298.4505,551897.0104
763,광흥창역,243-3도,193932.8851,549778.6387
764,세검정,211-1임,196286.3168,555601.7654
765,명성학원,산27 임,193976.5104,555738.9124
766,은평터널,182-8 도,191627.3379,554588.1395
767,방배3치안센터,1033-1도,200001.3769,542050.0721
769,일영송추사거리,,193055.2324,560611.1345
771,연신초교삼거리(연등)1,70-1도,193733.562,558497.3218
772,갈현교회,419-30대,192655.7196,558059.3525
774,갈현중앙교회,533-3도,192432.0093,557430.8302
775,갈현중앙교회(연등)2,515-32대,192302.9166,557274.9424
778,806전투경찰대,산130-9도,191670.6793,557726.1347
779,은평중,200-7대,192156.9167,556771.1201
768,영천시장,,196716.7733,552248.1206
776,선정중고입구(연등),324도,191854.5132,557402.0051
780,구산중,16-63대,192138.3191,556619.6619
781,대호아파트,641 대,194079.1434,557366.737
782,한전성서지점,5-29대,194180.7322,556247.6717
783,대성주유소,4-374대,194250.7625,556042.8687
784,정원여중입구,265-17도,194246.68,554107.1592
786,은평구의회,86-16대,193763.7983,555763.84
787,응암1동경향렉스빌,81-21대,193388.1217,555723.697
788,본서부병원(연등)1,162-21대,193029.5146,555629.9245
789,신사1동주민센터,4-12도,192225.558,555418.1898
790,명남아파트(연등),4-12도,192104.6282,555089.5241
791,새절역(연등),25-38대,192321.684,554872.2003
792,청운아파트,22-15도,192480.8928,555136.0855
793,풍천장어,585-18대,192573.0502,554623.4589
794,응암3동주민센터입구,427-1도,192724.4903,554704.8178
795,밝은문아파트,114-12 대,192784.1556,555033.8106
796,백련산SK뷰아이파크(연등),115-27대,192856.5482,555156.0486
797,신진학원(연등),88-24대,193015.5563,555438.1032
798,산울림소극장,502-10대,193829.7457,550578.4935
799,신촌현대백화점,52-39대,194204.5668,550721.1208
800,르메이에르5차(연등),31-64도,194742.3837,550755.6111
801,아현동고개,144 대,195447.2324,550824.02
802,서강치안센터,53-47도,194261.8176,550495.7452
803,창전삼거리,437-5도,194063.4586,550243.1418
804,공덕초교,237-9도,195854.8177,549695.5334
805,마포경찰서,447-9도,196041.3407,550112.4886
806,서부지청,237-9도,195978.5188,549945.476
807,독막길입구,385-242대,195482.0976,549259.2399
808,사랑의전화,14-4도,196001.3036,549450.9446
809,공덕동주민센터,386-1학,196500.2031,550026.0298
810,용산청소년쉼터,6-1공,196835.7197,550385.8573
811,만리시장,37-9대,196726.3979,550269.7904
812,상공회의소,72-4도,197695.338,551142.4846
813,자하문터널북단,,196792.4071,555071.5591
814,하림각,190-1구,196698.3361,555361.5532
816,유원하나아파트,454대,195726.8643,555106.1147
817,홍은대교,9-685천,195272.0997,555330.7736
821,백련교,170-198천,194473.9983,553693.0439
822,신연중,312-139대,194811.1972,553822.8018
823,라이온스톤오피스텔,산66-15임,193737.7314,552520.4392
824,연남동하모니마트,413-21 도,193432.5128,551556.8164
825,동교로사거리,445-7도,192979.3958,550724.5148
826,청기와예식장,445-7도,192822.2794,550893.7082
818,홍제교,266-55도,195113.927,554695.236
819,문화촌성결교회,278-39대,195350.3212,554812.9169
820,홍은2동주민센터,산11-96임,194152.7612,553398.0756
827,을지로3가역,,199093.6918,551854.562
828,증산3교남단,352-10천,191750.2922,553378.0112
829,백련산힐스테이트310동,648도,193174.5347,554380.358
830,백련산힐스테이트204동,232-3 대,193185.2143,554569.6224
831,응암2동주민센터,197-78대,193201.1018,554969.4274
832,응암푸르지오(연등)1,194-17도,193309.3821,555286.5227
833,소년의집입구,83-42대,193522.4336,555568.7179
834,가좌전화국,359-2도,192423.0333,553809.274
835,북가좌삼호아파트,80-180대,192166.2301,553006.1126
836,DMC아이파크(연등),75-25대,192453.933,552856.1571
838,인우아파트,167-1 대,191870.1641,553647.7022
839,신사미성아파트,98-49 공,192006.0576,554525.4824
840,증산초교,203-2대,191643.9862,553645.8838
841,안디옥교회,35-23도,192353.1148,554537.9322
842,디지털미디어시티역,238도,191317.1456,553184.6213
843,수색디지털프라자,164-7대,190972.6867,553468.6593
844,수색서광빌딩,,190431.861,553835.4174
845,수색초교입구,산 21-1 임,190954.0448,553831.1962
846,상신중,356대,191731.2974,554559.7028
847,그랜드힐튼호텔(연등),202-6천,194410.1907,554378.8903
848,송림기사식당,84-2도,193185.2743,552640.3618
849,은평문화예술회관,104-29대,193570.011,555983.2119
850,정우베스트빌,351-10대,192433.4683,553564.5716
851,DMC두산위브아파트,3-86대,192599.6144,553386.7116
852,연가초교(연등),2-27 대,192686.0299,553308.6223
853,중심교회,126-4 도,193704.1236,556182.1555
854,승암교,4-4 임,196158.8894,555246.9584
855,응암초교,347-1도,192929.3794,554266.5258
856,교육연구정보원(연등)2,산1-2임,198298.7386,550584.9124
857,단암빌딩,17-23대,197880.3949,550997.9807
858,세브란스빌딩,520도,197729.2968,550791.5533
860,불천어린이공원,9-329대,195373.9512,555268.9186
861,홍은IC진입로,279-96 도,195430.2483,554984.7465
862,국민연금북부,183대,196773.9078,551289.7105
864,고은초교,173-16 대,195078.8721,553934.6605
865,평창힐스,85-2도,197529.3529,556429.3204
866,귀빈빌딩,,197703.5922,556630.7714
867,가나아트홀,66-19도,197865.3871,556719.1538
868,신영소방서,,196522.5473,556250.8746
863,평창치안센터,235-1천,197089.8546,556235.5075
869,독립문삼호아파트,101-3도,196377.5391,552426.8698
870,독립공원,,196081.1208,553008.7313
871,부암동주민센터(연등),,196862.7432,554808.4313
872,현대유플렉스,89-4도,194426.2099,550860.4075
873,경찰청정문,173-1도,197202.7984,551581.414
874,대흥주유소,337-2전,194669.3997,549539.3435
875,덕은교,,189630.2555,554609.0706
876,월드컵파크1단지,37-2도,190701.9184,552918.0418
878,난지천공원입구,478-13 잡,189481.5919,553103.5552
879,향동리입구,414-1 차,189802.2947,554419.0158
880,염리초교입구,150학,195385.2208,549318.4476
881,태성빌딩,365-1도,193039.6612,550142.5036
882,대흥동우편취급국,34-25대,195047.5211,549722.9582
883,홍대클럽거리,486 대,193198.8924,550136.4596
884,서강초교,72-1 학,193380.5355,549800.5061
885,연남코오롱아파트,369-21도,193032.2816,551522.7682
886,이조빌라,365-19도,192900.2729,551728.3857
887,신촌전화국,375 철,193198.6227,550942.1693
888,연남치안센터,567-43도,193267.9173,551167.8274
889,혜당한방병원(연등),392-10대,192474.5808,549905.325
890,혜당한방병원,395-170대,192619.7202,549870.0923
891,희성교회,458-12도,192411.0431,550834.6294
892,성미산약수터,103-16도,192419.4604,551451.8396
893,내고향풍천장어,478-9 구,192747.8864,550644.3253
894,성산모터스,478-9 구,192554.7797,550603.5424
895,망원정사거리,391-37구,191591.6617,550292.3427
896,하모니마트,394-30구,191743.0821,550347.1488
897,신수동사거리,380-2도,194189.1215,549508.0065
898,마포노인종합복지관,437-5도,193985.6532,549976.3359
899,하중동사거리,329-3도,193874.115,549560.9917
900,성원초교,35-38도,191557.0686,551996.672
901,상암초교,1608 공,190494.3384,553070.1797
902,성서초교입구,산 11-58 공,192276.7104,551046.3717
903,중암교,9016천,191205.3194,552533.6914
904,상장회사회관,85-2대,195103.5384,549510.9191
905,마포태영상가,51 학,194951.547,549604.443
906,홍익산부인과,12-2도,192934.8568,549817.7451
907,당인리발전소,402도,192787.5352,549824.1746
908,망원초교,350-8도,191402.1375,551168.5812
910,상암휴먼시아아파트,1445-1 도,190792.3446,552855.1974
911,신북초교,59-2도,191545.0066,552427.1154
912,홍익병원,951-1도,187977.2522,547826.0078
914,대흥치안센터,3-63도,195222.8316,550434.2296
915,신공덕삼성아파트,2-44대,196087.0785,549147.1398
909,하나은행망원,423-7도,191557.6373,550863.436
916,서교천주교회,349도,193666.7687,550459.5127
917,마포구치매지원센터,22-153전,195042.8363,550066.4535
918,신수동성원아파트,85-26철,194437.0006,549757.891
919,용강동,7-14도,195019.9434,549249.9328
920,염리초교(경보),446-5대,195300.4114,549212.9204
921,엠팰리스웨딩홀,45-15도,194860.1681,549071.581
922,용강동주민센터,660대,194767.4143,549149.9312
923,성산대교북단(경보),390-1 잡,190843.5589,551183.8231
924,마포소방서,68-12천,194077.9022,550050.4973
925,서교동,201-16대,192930.0618,550506.2847
926,신덕성결교회,105-228대,196120.3165,549571.0944
927,망원교회,420-7구,191202.6156,550769.9607
928,망원지구대,397-5대,191348.2896,550498.0717
929,신수동서강빌딩,1-1학,194620.6477,549962.3808
930,월드컵경기장사거리,532-14잡,190602.3067,552023.1143
931,월드컵정문,산 53-1 공,190700.2848,552153.5693
932,망원역,245-19도,192066.426,550718.6181
933,평화의공원,665 도,190452.9643,551812.8111
934,아세아빌딩,,199201.6657,552775.3998
935,우리은행효자,,197514.5048,553174.6743
954,호텔피제이앞,77대,199728.795,551641.6962
955,을지KT앞,58-5대,200395.7328,551900.3707
956,남산적십자(연등)1,111도,198958.0345,551128.9888
957,중부수도사업소,208대,200214.7121,550404.0681
958,동국대학교앞,산6-5구,200406.6189,550771.7303
960,장충고개,200-99도,200725.0484,550945.3353
961,한국예술사관학교,24-8대,199130.6023,551184.1455
962,남산2호터널입구,산4-87도,200349.6876,550649.2884
963,우리은행장충지점,21-4도,200567.9681,551394.6437
964,엠버서더호텔,191-33대,200264.6007,551075.7353
7488,면목119안전센터,346-3대,207081.9134,552594.6453
966,월드컵파크3단지,1538-12잡,190119.1934,552618.1805
967,국방대삼거리,535대,189414.6667,553979.0815
968,월드컵파크7단지,455-5답,189584.2233,553754.7459
969,래미안마포웰스트림아파트,190대,194389.4231,549381.3226
970,봉화환승주차장,55-1대,208247.3441,557427.0032
971,태릉선수촌,산223-19임,209120.8126,559336.8008
972,국민대,산1-281임,199503.4941,556802.513
973,디지털미디어시티입구,1538-2잡,189973.4389,552743.5746
975,가락시장역,65도,210499.3491,543681.0323
977,서울세관,279-85 도,203124.858,546215.3049
978,등양초교앞(경보),709-1도,186241.0347,551785.2457
979,가양아파트,1481-3도,187338.3788,551561.4805
980,구남초교,215-14도,208236.5225,548632.1394
974,구룡터널,277 도,205195.321,541843.5908
4,기자촌,141-29전,193997.0344,559368.8699
5,연신초교삼거리,70-1도,193715.259,558391.1723
6,연신내역,487-8천,193059.3078,557701.6459
7495,위례24단지정문사거리(연등),472전,212535.7175,541778.2441
32,대조초교,531-8천,192725.9129,557077.1443
33,연신내로데오,487-2도,192889.2632,557539.8231
34,북한산힐스테이트7차(연등),319-14대,193203.9653,557505.6121
35,역촌시장,536-7도,192524.2888,556984.4709
36,역촌사거리,172-77도,192997.3032,556584.4557
37,역촌동주민센터,11-58대,192548.7693,556065.5599
38,KT&G,159-36도,193160.4255,555936.0349
39,역촌역,153-31도,193190.137,556303.9221
40,서부새생명약국,2-116도,192770.0112,556294.2828
41,한국환경산업기술원,633 대,194083.937,556662.4703
42,한국환경산업기술원(연등),635 대,194290.9351,556678.5082
43,신사오거리,36-33대,192558.7374,555510.2977
44,이마트은평점,31-4대,192835.2037,555637.4533
45,어린이교통공원,764대,205440.8396,560588.2014
46,길음역,1045대,202223.5917,556075.9526
47,녹번역,55도,194323.4407,555705.2215
48,회기역앞,346-99 종,204941.1181,554502.6807
49,시조사삼거리,67-7도,204746.6965,554300.4335
50,홍파초교,856도,203389.4473,554115.8324
51,대광고,119-1도,202042.5428,553198.437
52,신설동역,53-3 대,202050.956,552897.0027
53,용두공원,39-602대,203695.4252,552588.8582
54,연가교,530-6도,193063.8626,552520.5606
55,신답역,524-1도,204302.401,552257.12
56,양천향교역,1459대,185980.866,552113.6443
57,도선사거리,474-28도,203224.0455,551837.0379
58,굴레방다리,129-48대,196127.7907,550876.8619
59,신촌기차역입구,3-63도,194954.1162,550787.6185
60,약수역,369-2도,200941.0479,550587.3757
61,길동사거리,450-45도,212246.3024,548280.7372
62,화곡터널남단,662-7도,186357.6517,548230.8332
63,현대원효로센터,38-1 대,195925.7457,548079.7885
64,한양아파트앞,5도,194067.7292,546710.6381
65,신트리공원앞,574-1도,187257.5906,546031.0279
66,대방역,4890도,193404.6906,545904.3815
67,쌍용자동차서비스,563-17대,189605.3494,544589.6867
68,학여울역,65대,206181.7308,544118.2708
72,언남중정문,280-5대,204022.1081,541385.3735
74,신사동고개(연등),7-16도,192067.862,555500.3672
76,기독신학교,55-51대,192081.699,555817.8307
77,역촌초교후문입구,21-56대,192567.2817,555877.6854
69,대림삼거리,951-1도,191967.675,543663.7468
70,난곡사거리,513 도,192445.8626,542491.9
71,낙성대입구,1693-38도,196453.978,542119.2656
73,독산사거리,152-12도,190993.0318,541337.1853
79,역말사거리(연등)2,8-3학,192518.0609,556432.1962
80,응암역서측,83-67대,192465.4417,555482.3843
81,양광교회,15-178도,193704.1004,556547.8887
82,해군회관앞,4880도,193098.1745,544966.3818
83,미아역,194-1도,202312.1277,558516.1732
84,아리랑고개입구,966-1천,201176.3655,555988.9849
85,홍은사거리,226-8도,194825.2833,554664.1097
86,홍연2교,422-6도,193851.9834,553170.053
87,홍남교,318-7도,193474.1285,552919.7351
88,동대문구청,47-1도,203363.3218,552728.3764
89,동대문중,524-1도,204613.4989,552647.1857
90,답십리사거리,68-6대,205072.5582,552596.2901
91,황학사거리,16-26대,202076.2398,552039.0434
92,한양공고앞,226-4도,200972.6731,551702.8424
93,동곡삼거리,263-6도,206755.3755,551634.1172
94,신촌기차역(연등),60-11도,194893.0871,551069.2391
95,한양대앞,20-7도,203601.3724,550911.0332
96,홍익대앞,349도,193307.032,550373.8365
97,화양사거리,21-53도,205962.2807,549870.0227
98,대흥역,118-14도,194867.1069,549821.3757
99,신석초교,445-13도,194519.7643,549326.3194
100,선유중학교,51-1대,190752.9483,548158.7086
101,갤러리아압구정,496 도,203598.6653,547595.9942
103,도산공원,668-6 도,202990.4364,546896.3617
104,신정네거리역,889도,186958.4972,546860.732
105,여의도치안센터,7-1도,194258.7466,546460.0096
106,여의교북단,5도,193687.6949,546400.1907
107,대치사거리,1012-51 도,205185.3663,544849.1166
108,신대방삼거리역,466-61 도,193658.022,544473.005
109,썬프라자,909-3도,191890.753,544153.4797
110,한티역,1026-9 도,204677.4344,544093.394
111,대림우성2차아파트,745-4대,191151.6769,543936.6016
112,대치역,317-3 도,205590.7579,543895.4158
113,당곡사거리,1466-4천,193624.1507,543328.911
114,신대방역,502도,192338.747,543064.1356
115,신림역,1467-10도,193782.5522,542758.0135
120,흥인지문,,200797.1511,552420.5197
121,서울교통공사,956-33대,205120.6391,551487.1421
122,회현사거리,83-7대,198416.0165,551206.7391
123,군자교,611-20도,206515.1707,551101.4605
116,독산4동삼거리,193-32도,191415.623,541264.6015
117,녹천교서측,788-3천,204834.0571,560689.239
118,화랑대사거리,66-2도,207697.7842,557995.0079
119,혜화동로터리,,200109.5401,554003.9228
124,동교동삼거리,438대,193537.5585,551026.4477
125,도동삼거리,64-5도,197966.3695,550714.8725
126,신촌로터리,30-16도,194423.86,550624.3015
127,후암삼거리,1-3도,197920.3354,550424.1843
128,금남시장,576-1도,201912.4567,549851.6398
129,화양시장,346-42도,206229.1695,549835.9667
130,신월사거리,263도,184825.1696,548500.0452
131,당산중,11-37도,191670.0563,548060.8397
132,국회의사당,1대,192631.7575,547707.4025
133,마포대교남단,8-1도,193758.4989,547739.0136
134,두무개삼거리,139 도,200608.8962,547854.7995
135,신사역,87-1도,201725.0244,546291.0587
136,학동역,78-5 대,202718.2081,546058.082
137,잠실새내역,22-0 대,207562.6032,545798.6904
138,대림코오롱아파트(연등),274철,190630.4756,545344.3773
139,남부터미널,1748-39도,201439.7737,542841.3044
140,말미사거리,292-25도,190950.7159,540791.3147
141,신도봉사거리,637-48 도,203872.2853,563513.847
142,노원역,694-1도,205317.3091,561778.5198
143,당현2교,225-1천,206042.4544,561242.5719
144,신영동삼거리,42-1도,196626.8016,555998.7683
145,명지대사거리,50-3학,193049.4056,553126.9082
146,독립문역,1016도,196486.5953,552520.6664
147,흥인사거리,,201411.9966,552052.3724
148,신당역,162-1도,201431.8924,551759.25
149,답십리역,127도,204833.4539,551757.1991
150,김포공항입구,624-2잡,182960.7499,551369.883
151,금호사거리,639 도,202277.6139,549836.0987
152,상수역,309-10도,193192.8578,549808.027
153,남영삼거리,1-6 대,197594.3606,549171.3164
154,화곡로입구,258도,184620.3979,548883.693
155,압구정역,421 도,202519.9273,547527.9702
156,영등포경찰서,10-1대,191412.5516,547406.5431
157,노량진삼거리,60-11도,194716.2847,546011.1434
158,논현역,280 도,201885.8161,545736.4423
159,신도림고가차도,237-16전,190976.6385,545088.8681
166,화계사,119-1도,201542.6004,559398.398
167,새절역,35-23도,192405.8351,554788.3061
168,영휘원앞,819도,203805.0681,554130.1853
169,홍제삼거리,161-1 도,195314.8696,554074.626
2872,광영여고,258도,184452.5786,548873.8576
160,역삼역,800-56 도,203263.531,544596.1084
162,대림사거리,699도,191719.7172,543273.5578
163,양재역,958-2 도,203008.0727,542789.7765
164,노원교,637-55 도,204377.4015,564410.6616
165,대진여고,514-6도,205850.9362,560732.4477
170,양지사거리,590도,202658.6115,551916.6817
172,기업은행신수,65-4도,194105.931,550346.8855
173,합정역,402도,192344.6337,549973.2428
174,나이아가라호텔,284-81도,189291.7918,549911.6338
175,양평동사거리,294-1도,190969.7041,548498.1471
176,당산역,227-1도,191331.5182,548271.5638
177,한남오거리,810 대,200672.4139,548213.736
178,화곡사거리,661-1도,186512.6507,547913.431
179,남부교육청앞,94-33도,191994.6581,547305.0564
180,양강중,889도,186820.523,547185.5072
181,KBS,2-9도,192587.735,547094.0086
182,여의도역,3도,193298.0604,546909.3385
183,휘문고교,1012-48 도,205760.3088,545085.9082
184,도성초교사거리,1011-19 도,204497.097,544567.0104
185,대림3동사거리,698도,190955.2604,544501.2478
186,신길주유소,425-2도,191913.1658,544434.7659
187,대방천사거리,,192946.7602,544340.9179
188,양재전화국,207-1도,203656.2199,542902.1643
189,화랑대역,261-1도,207456.9204,557875.0726
190,길음교(경보),26-2도,201950.8894,555795.2669
191,안암오거리,104-72도,202607.4488,553682.6635
192,한국은행앞,1대,198342.1336,551378.9826
193,연세대,134 학,194422.3522,551170.3087
194,아현교차로,409대,196403.7828,550840.6109
195,창천동삼거리,191도,193968.1381,550821.7865
196,화곡역,1089-54도,185894.427,549138.7811
197,여의도선착장,85-1천,194272.2296,547265.2618
198,강남을지병원,668-6 도,202485.5862,546692.7589
199,대한지적공사,4도,193496.4078,546654.9077
200,신길삼거리,65-2도,192826.1764,546084.1173
212,동명베스트아파트,643-0 대,193349.0747,557121.1814
215,불광역,276-14천,193774.7603,556822.08
229,불광지구대삼거리,423-7도,193490.7012,557981.7158
230,불광중,산11-1임,193936.891,558082.471
231,대조초교(연등),531-7천,192738.4621,557187.9236
232,동명여고,286-22 도,193474.6637,557251.6395
227,불광지구대삼거리(연등),106-1도,193602.8422,558174.4736
233,대호아파트(연등),11-8대,194018.2895,557182.2115
234,예일여고,8-10구,192583.0561,556621.0658
235,대조마을마당,212-1학,192849.8171,556739.6888
236,대조불광시장,115-4 천,193537.7666,556604.0666
238,서울혁신파크,602-9대,193939.8624,556584.1782
239,불광역(연등),265-1도,193696.608,556936.237
242,불광초교(연등)2,243-15대,193922.0342,556925.9488
243,북한산래미안,산42-1임,194637.1111,556778.7153
244,역말사거리,8-18도,192528.6043,556256.7381
245,구산역,1-21구,192693.0897,556858.4258
246,동명여고(연등),257도,193558.6598,557137.2343
247,연천초교,105-5대,193697.9071,557959.6009
248,은평경찰서,70-1도,193764.01,558703.6937
249,서울문화고교,726-161 도,204113.4442,562564.455
250,망우역,160-2도,208192.1549,555404.4246
251,면목2동,290-4천,207056.6152,554124.5374
252,배봉초교,95-1대,206043.927,553237.0541
253,탑골공원,67-2도,198909.8839,552451.1634
254,마장역,804도,203687.0114,551770.2372
255,가양역,14-84도,187202.5547,551292.1636
256,발산역,1454-8도,185706.6844,551016.4776
257,무학여고앞,318-1 도,203003.8321,550999.2911
258,용산전자상가,51-1대,196728.2726,548199.1623
259,방송회관,924-2도,188680.2023,547445.9514
260,영동대교남단,77-4 도,204803.4547,547284.3895
261,문래역사거리,30-1도,190720.2914,546619.3435
262,영등포R,94-151대,192252.6415,546553.7786
263,선정릉역사거리,111-157 도,203877.3616,545646.4867
264,오류동삼거리(연등),313-1구,185861.1969,543890.6118
265,우신중고교입구,산1-5임,184702.9458,543760.4005
266,박미삼거리,1000-92도,191413.8918,538783.9624
267,북한산힐스테이트7차,329-31대,193350.278,557359.4097
268,도봉산역삼거리,4-1 공,204039.9944,565304.8644
269,우이동(경보),207-5도,201061.5458,562727.4335
270,방학사거리,726-149 도,203744.5567,562577.8943
271,은행사거리,391도,206771.6512,561229.0252
272,이문동삼거리,330-33대,205479.6698,555935.7985
273,망우사거리,534-5도,208867.4254,555593.5
274,외국어대,262-7대,205323.5016,555211.276
275,서대문구청앞,266-7도,194362.0443,553588.933
277,을지로5가,5-1도,200200.1189,551925.8785
278,응봉사거리,116-16도,203033.8475,550559.353
279,뚝섬역,656-1835대,203932.2023,549843.918
280,효창공원앞역,74-6도,196586.5332,548866.5162
276,장안지하차도,727-640천,206704.0235,553402.9425
281,삼각지역,97도,197703.2526,548463.9493
282,이태원역,119-23도,199459.9079,548330.74
283,의원회관,8-1도,192359.4317,547495.7497
284,목동역,940 대,188007.5029,547413.0182
285,동작전화국입구,48-3도,193971.0274,545973.4243
286,방이사거리,3도,209921.4753,545654.3056
287,도림사거리,144-92대,191280.7449,545257.9697
288,은마아파트입구,973-13 대,205385.0473,544381.7811
289,오류역입구(연등),320도,186161.8783,544058.8041
290,강남세브란스,807-21 도,204130.9759,543860.9155
291,우성아파트앞사거리,858-1 도,202651.4618,543731.0722
292,시스폴사거리,871-14도,199081.1836,543000.5015
293,우면삼거리,1748-46도,201600.4732,542527.748
294,도봉역,637-28 도,204011.8866,564550.4336
295,방학역앞,639 철,203849.9208,563342.1128
296,장위사거리,45-17체,205360.3026,557030.5037
297,미아사거리,14-2도,202684.8982,556610.8042
298,상월곡역(연등)2,35-9도,204222.3386,556274.9286
299,우림시장,364-24 종,208840.9345,555108.4546
300,성북구청입구,1-1도,201167.3781,554696.0286
301,겸재삼거리,49-46도,208601.5777,554557.3344
302,삼육서울병원앞,168-82대,205507.9811,554512.1554
303,응암오거리,604-3도,192687.8071,554507.7521
304,떡전교사거리,620-67도,204547.048,554015.7505
305,보문역,91-1도,201711.9042,553973.3912
306,명지대삼거리,422-1도,193536.9181,553558.7824
307,용곡삼거리,298-1도,207603.6531,552149.4118
308,을지로3가,,199347.7687,551872.2346
309,외발산사거리,289-44도,183791.9995,550275.3254
311,마포세무서앞,325-71도,194765.4236,549680.3127
312,이태원입구,1-1도,198950.5545,548287.3542
313,영등포전화국,59-1대,191641.6129,547344.5794
314,오목교역,451구,189042.2821,547220.7115
315,영등포청과시장,0-6 가,191251.3952,546792.6073
316,올림픽회관,26도,210099.8365,546739.8856
317,윤중초교입구,3-9도,192988.9907,546665.2419
318,문래고가밑,54 대,190915.4678,545963.9788
319,방이삼거리,34도,209560.3498,545840.2335
320,올림픽선수촌아파트,3-6도,211853.4903,545546.0672
321,백제고분,17도,210317.9151,545373.0666
322,방배삼호아파트,808도,198856.0109,544311.8332
323,매봉역,179-1도,204013.9492,542987.7965
325,염곡사거리,238-1도,203805.1885,540692.7512
326,월계2교,311-42 천,204382.6958,558287.8139
324,예술의전당,1748-51도,201159.4435,542355.9589
327,북서울꿈의숲동문,산28-10임,203948.5664,557778.0909
328,경원한의원,656-2도,206935.1487,557679.0629
329,월릉교,19도,206187.5532,557365.1124
330,인왕아파트,459대,195473.7028,553888.9901
331,북가좌사거리,359-16도,192337.8133,553659.3778
332,장안동삼거리,49-155대,206378.8119,553257.5631
333,이화사거리,,200195.4566,552960.5992
334,방화사거리,568-4도,183343.2965,552671.2931
335,무교동사거리,,198168.8084,552160.5563
336,연희삼거리,85-11대,194018.5613,552116.1114
337,사천교,124-248대,192740.455,552028.8077
338,용마사거리,272-17도,207272.2034,551423.6926
339,왕십리역,192-40도,203132.3562,551284.2608
340,이대역,3-63도,195217.7855,550806.3425
341,용산고교,1-1591도,198098.394,549602.0424
342,북한남삼거리,726-333대,200201.9786,549162.8852
343,남영역,85-3대,197418.2944,549130.7795
344,영동대교북단,231-24도,205408.3344,548634.0808
345,원효로2가,5-19대,196609.4011,548429.5527
346,영등포구청,34-1도,190908.3651,547594.686
347,원효대교남단,8-4도,194501.9988,547048.7069
348,영등포시장,53-2도,191588.0181,546726.1465
349,영등포역,440-10도,191740.6832,546324.2642
350,우신초교앞,0-11 가,192073.7235,545689.4797
351,오륜사거리,452-17도,212351.0542,545294.674
352,강남터미널고가밑,74-2대,200098.0554,545058.7962
353,이화아파트,1285 대,190529.2561,543464.1865
354,뱅뱅사거리,958-2 도,202796.8748,543344.7664
355,내방역,874-16도,199437.0052,543138.2893
356,은천로입구,976-9천,194254.1375,542990.4281
357,은천삼거리,793도,196124.1358,542911.1256
358,번동사거리,386-17도,202986.1675,559540.9446
359,공릉검문소,98-3도,207806.7387,558055.799
360,먹골역,164-4 대,206837.2793,556966.2534
7477,봉래초교,200대,196776.1799,550682.1163
362,용두동사거리,237-10도,202690.6319,553134.5142
363,원남동사거리,,199766.2285,552926.7163
364,북가좌삼거리,398대,191697.808,552753.5287
366,장안동사거리,469-15도,206332.8286,552536.8179
367,을지로4가,,199834.8586,551901.3709
368,동대문역사문화공원,18-196도,200687.7787,551832.7089
369,을지로1가,70-1도,198470.669,551832.0903
370,연희IC,209-2도,193764.7776,551707.4368
373,장한평역,472-2도,205709.4859,551330.2219
374,염천교,199-3도,197472.0225,551120.451
371,오장동사거리,148-21도,200216.0778,551677.4117
372,명보사거리,217대,199369.4924,551649.6429
375,망원우체국,252-7도,191898.6269,550951.3381
377,숙대입구역,16-7도,197526.0412,549511.1554
378,금옥초교,1202-1 도,201504.3395,549514.8672
379,올림픽대교북단,572-1도,208470.3052,549076.4913
380,용산역앞,218-1도,196930.2328,547439.5373
381,올림픽대교남단,460도,210394.8649,547361.4248
382,MBC앞,3도,193680.3626,547207.9999
383,영등포유통상가,30-1도,190769.3986,546887.1581
384,올림픽공원,17-20도,211316.6928,545821.2406
385,도림교,94-1도,190443.5511,545725.6625
386,오금교북단,330-8제,188723.43,545586.0643
387,대림성원아파트,263 천,190804.2989,544942.3342
388,오금동사거리,128-6도,212230.7352,544900.5191
389,이수교차로,86-13천,198675.3846,544477.208
390,방배역,912-14도,199792.8171,542447.0304
391,서울대입구역사거리,979-1도,195822.4931,542421.6238
392,사당역,588-45 대,198377.4645,541901.7778
393,우이초교앞,648대,201493.9275,560131.5778
394,강북구보건소,612-3천,203419.5253,559252.9257
395,종암사거리,104-134 천,202841.053,555982.9589
396,세종대왕기념관,산1-199임,203752.1864,554647.164
397,방화사거리(연등),811-25도,183227.232,552645.8503
398,을지로2가,,198899.9776,551847.069
399,용산보건소,25-7도,197025.1103,548721.902
400,목동사거리,939-2도,187956.2888,548109.7106
420,은평스카이뷰자이103동,산67임,192848.5405,559443.678
422,연신종로약국,400-4학,193366.2111,557898.2202
423,독바위역,13-6도,194056.5581,557712.4175
424,갈현우남아파트,산131-1임,191758.3735,557528.4208
425,선진종점,522-30대,192064.9881,557194.7194
426,선정중고입구,317-3도,191928.237,557324.9846
427,북한산래미안(연등),산42-1임,194831.5208,556806.4634
428,시립서북병원,24-49도,192099.3423,556215.4473
429,서부중앙교회,110-11대,192843.8162,555578.9171
430,노해근린공원,421-1천,206139.1757,561065.0134
431,노원구민의전당,509대,205910.4202,559904.8872
432,은평구청입구,84-14도,193564.8493,555769.6342
433,창덕궁,139-4도,199126.0637,553101.7681
434,장평교,718-1답,207073.6357,552465.4284
435,가좌삼거리,266-9도,192305.8899,552305.1401
436,청계5가,,200181.5877,552218.2682
438,청계3가,,199326.4011,552111.6384
439,성동고교,194대,202087.6228,551735.76
437,청계4가,,199817.8309,552169.0204
440,마포구청역,산4-8임,191511.6846,551500.4917
441,상수도사업본부,347도,197127.9901,551330.5044
442,청구역,295-2도,201216.3602,551192.1256
443,충정로역,398-5도,196637.7658,551083.1521
444,서교동사거리,427도,192774.8779,550358.1972
445,승림빌딩(경보),289-36구,205060.9559,549484.4905
446,공덕오거리,237-9도,195670.2026,549382.3976
447,잠실대교북단사거리,722도,207547.2728,548111.1364
448,서하남IC입구,229-2임,212716.776,546406.6089
449,중앙대병원입구,331천,196726.1654,545573.2379
450,서부트럭터미널,735-5도,186111.6747,545534.539
451,고속터미널,103 도,200798.0072,545328.9854
452,장승배기,368-1도,194641.2908,545062.6976
453,선릉역,802-41 도,204330.7773,545007.44
454,거리공원오거리,70-2천,190552.4028,544239.3937
455,거여동사거리,156-1도,212325.5274,544030.5886
456,삼성서울병원앞,702-7 도,207235.8657,543259.8316
457,관악구청,1693-29도,195782.3275,542142.0318
458,본서부병원,159-28대,193137.182,555656.0337
459,신한은행갈현,500대,192923.8989,558196.2718
460,서부경찰서,17-22대,193037.2868,555924.5224
461,역촌사거리(연등),16-33도,193099.1445,556435.1291
462,서부경찰서(연등)2,27-17대,192988.0346,555799.7018
463,국립419민주묘지,산63-56임,200922.777,560856.3084
464,수유역,177-42대,202260.0219,559819.4093
465,태릉입구역,678-1도,206678.3566,557563.7147
466,상봉역,200-37대,207550.5528,555198.8534
467,서울체육회,211-5도,206422.5123,554837.579
468,중랑교,42-4 구,205936.583,554668.9763
469,중랑전화국,290-2천,207074.9947,554642.5326
470,전농1동,666도,204201.794,552942.861
472,서대문역,6-3도,197055.5115,551812.2167
473,경성고교입구,209-4도,192604.3486,551200.0319
474,홍대입구역,427도,193064.9035,550633.1099
475,서울역,25대,197569.4294,550846.9252
476,서울가든호텔,169-12철,195422.751,549087.645
477,자양사거리,204-2구,207385.5298,548565.5975
478,서빙고역,235-5도,199179.3507,546769.4988
479,잠실나루역,15도,209272.352,546576.4388
480,잠실대교남단,3도,208668.7861,546282.1472
481,삼성중앙역,111-93 도,204713.0654,545953.877
482,잠실3사거리,33도,208180.5662,545828.3911
483,강남경찰서(연등),172-69 도,205953.8577,545623.5008
486,송파사거리,108대,209736.7304,544728.7801
487,이수역,2298도,198422.4896,542883.8006
484,성락주유소앞,355-15도,191428.9173,544974.4101
485,상도역,752-2도,195375.0225,544857.8406
488,서울고교,1748-13도,200394.2112,542589.0967
489,래미안아트힐,1748-51도,200619.8309,542019.5756
490,공릉역,385-4도,206444.8381,558447.7332
491,돌곶이역,272-102 구,205034.2483,556808.6858
492,정릉입구,966-1천,201031.036,556106.6059
493,성북경찰서,333-3도,201359.6933,554487.3787
494,수색교,401-2도,190031.9024,554176.8851
495,고대앞사거리,21-1도,202900.2378,554094.938
496,장안교,290-7천,207036.9409,553542.9172
497,증산3교,198-7구,191689.8244,553432.022
498,서대문구청(연등)1,169-1도,194360.6281,553346.4866
499,성바오로병원,65도,203747.9773,553307.2544
500,경동시장,65도,203386.6398,553181.7788
501,북가좌초교사거리,311-10대,192025.7961,553150.3766
502,촬영소사거리,147-1 도,205860.1917,552581.9011
503,개화사거리,515-4도,182644.0514,552583.6487
504,종로5가,82-1도,200169.7505,552383.9351
505,종로3가,10-5 구,199305.6772,552324.547
506,종로구청입구,82-2도,198171.2086,552298.08
507,종로2가,84-11도,198910.8367,552296.1563
508,성산2교,131-5 도,192203.9973,551753.9556
509,중부경찰서앞,16-2도,199113.838,551701.0129
510,중곡사거리,266-6도,207742.6432,551101.4872
511,상원삼거리,13-217도,204606.1786,550150.5219
512,청파동삼거리,158-1천,197353.8787,549855.4229
513,경인고속입구,76-5도,190545.0514,547822.3322
514,과학수사연구소,838도,185649.557,546844.4227
515,석촌호수,209도,209192.6581,545477.2913
516,논현경복아파트,802-4 도,203403.2605,545470.8217
517,차병원,279-189 도,202995.2677,545316.9706
518,고척2파출소앞,186-4도,187625.9474,545262.856
519,고척교,631-22천,188662.1284,544389.6677
520,개나리아파트,807-11 도,203950.608,544340.5946
521,서초역사거리,1724 대,200676.1086,543596.7803
522,도봉보건소,0-2 가,203483.2303,561899.3536
523,도봉경찰서,36 도,204706.9465,561478.3217
524,국립419민주묘지입구사거리,419학,201256.554,560958.9395
526,강북구청,140도,202414.3288,559999.7236
527,수유사거리,45-25도,202053.8753,559452.4086
528,삼양입구사거리,231도,202632.2559,557506.2521
529,창문여고,231-201도,203317.5061,557060.5231
530,서울여자간호대입구,0-2 가,195516.1111,555208.447
531,경희대,16-59도,204617.8907,554670.1336
532,증산역,198-10구,192077.6389,553889.1511
533,증산교,415 도,191469.0694,553013.7707
534,상암사거리,1147답,191067.1255,552657.297
535,세종대로사거리,,197968.8197,552296.3879
536,청계9가,127-4대,202680.6695,552285.6141
537,명동성당,42도,198917.2053,551679.3817
538,서강대정문,33-24도,194486.3796,550227.9907
539,경동초등학교입구,13-193대,204448.4566,549642.3977
540,건대입구역,6-5구,206239.3297,548938.9127
541,"남부법원,검찰청",1094도,188104.4518,547007.8493
542,서울교,3-9도,192704.2382,546896.6693
543,청담공원앞,111-100 도,204439.4448,546594.365
544,코엑스,93-23 대,205324.9151,546085.2011
545,종합운동장,255도,206924.8128,545822.8325
546,삼성역,172-82 도,205590.5047,545492.4317
547,교보타워사거리,1373도,202165.1887,545000.7682
548,서울성모병원,128-3도,200303.8695,544739.9058
549,구로소방서,65-2 도,188064.3393,544298.4685
551,관악우체국,660-55대,194180.3123,542820.5535
552,서초3동사거리,1748-49도,201011.749,542737.6084
554,정의여중입구,83-4도,203201.9492,561302.3222
555,상계백병원,747도,205483.6204,561041.4366
556,삼양동사거리,738-2전,201862.676,557765.6406
557,동일로지하차도,195-2대,207089.2359,555051.7794
558,상봉시장,282-4도,207637.5641,554796.9186
559,성신여대입구역,116-1도,201454.5449,554792.5963
560,고려대역,7-99대,203213.7978,554622.5251
561,고려대역(연등),28-347구,203219.5437,554459.505
562,한성대입구역,14-1도,200548.7358,554325.8625
563,충암고교,691도,193178.2664,554016.2049
564,수색역,129학,190761.0319,553628.3124
565,전농동사거리,295-17도,205106.8279,553109.5981
566,종로4가,32-8도,199804.399,552353.8422
567,종로1가,291-2 도,198498.7215,552294.8995
568,청계6가,,200854.1788,552270.7948
569,청계7가,296-11대,201402.4132,552277.0506
570,정동,9-2도,197277.447,552086.7951
571,청계2가,,198907.7519,552085.6648
572,월드컵경기장,405-6천,191092.4427,551858.9302
573,경찰청앞,180-1도,197317.8307,551388.1329
574,장충체육관,200종,200530.5736,551052.713
575,중림동,20도,197243.5653,551077.2084
576,강서구청사거리,665-11도,186952.6946,550721.9136
577,창전사거리,141-5천,194041.9029,549769.4785
579,전자상가입구,2철,197192.7689,547782.384
580,청담사거리,139-9 도,204184.8092,547192.166
581,63빌딩,86-1천,194720.514,546839.9046
586,보라매역,466-51도,192953.9911,544497.8229
587,강남역,858-1 도,202447.3678,544280.3464
582,경기고교앞,139-30 도,205044.7643,546731.8142
583,잠실역,39도,208849.1348,545977.7788
584,갈산초교삼거리,330대,188608.9275,545755.4341
585,석촌역,68도,209476.3512,545089.9576
588,경남아파트앞,1034-2도,200160.8098,541741.8182
589,수락산역,1132-8도,204880.4244,564296.0432
590,경동고,0-2 가,201577.1648,554266.3542
591,청량리역,235-11대,203976.9115,553403.0962
592,중구청,130-1도,199853.3261,551654.7702
593,군자역,661 천,207023.8117,550853.2867
594,서강대교남단,8-1도,193068.819,548054.6972
595,여의나루역,85-1천,194037.8218,547487.5985
596,강남구청역,279-70 도,203648.0189,546414.7242
598,삼호가든사거리,128-7 도,200918.4499,545033.2405
6331,구로삼각공원(경보),,190467.5753,544719.3883
6332,남부구치소입구,,185904.7762,541876.0028
6333,구로성광교회,,186001.8117,541961.7563
6334,천왕지구삼거리,,186100.8093,542217.9188
6335,천왕이펜하우스313동앞,9-69대,186058.8582,542475.4478
6336,천왕이펜하우스4단지,,185826.1906,542322.4145
6338,천왕이펜하우스2단지앞,,185644.4193,542867.9776
6339,한성백제박물관앞,88-3 공,210574.2097,546184.1026
6340,AK몰주차장,413-48철,189704.3906,544772.3382
6341,화원경로당,,189362.7933,544298.7649
6342,관악고앞(경보),,189726.2324,546814.7055
6343,하늘공원입구2(경보),,189472.5827,542945.0512
6344,하늘공원주차장,,189419.954,543207.2379
6345,벚꽃로2(경보),,189394.0919,543759.3002
6346,김안과병원정류장,53학,191460.2847,546755.1264
6347,공덕역,240-13 도,195699.7833,549189.1663
6348,개화육갑문,2-2천,184018.4827,553878.0382
6349,한진택배(경보),,183567.9921,549756.847
6350,하남슈퍼,944-6도,187386.681,547534.5179
6352,묵2동주민센터,189-3도,206711.9908,556797.9411
6353,무궁화빌라(경보),,184323.2522,552465.0765
6354,시흥IC(경보),,191060.9857,542307.3757
6355,대륭포스트타워(경보),,190667.2264,543031.4716
6356,서울신용평가정보삼거리(연등)1,398-2 학,193527.7502,549581.8042
6357,천일초교후문,234-6 대,211843.6241,549404.6792
6358,SOS부동산,산31임,211963.7346,549266.0412
6359,사과나무공인중개사,86-30 대,212057.7722,549158.1517
6361,천일초교후문(경보),,211882.084,549362.8048
6362,자원순환센터앞(경보),,190249.7409,549584.4243
6360,SOS 부동산(연등),221도,211919.8661,549317.2564
6363,동신대아파트(경보),,186049.0323,552488.1154
6364,근상프리즘,,185585.7536,548727.1594
6365,세양카독크,,190120.4322,546282.423
6366,길성그랑프리텔(경보),산214공,186356.05,550355.8812
6367,목5동주민센터,900-17대,189525.4867,548613.4609
6368,구서울의료원(연등)2,172-2 도,205885.3542,546211.8241
6369,우암초교(연등)1,643-6도,202233.8477,541194.4433
6370,신동아럭스빌앞,1036-4도,200120.19,541822.0053
6371,남성역(연등)2,,197337.8739,542861.5834
6372,반포3동주민센터(연등)1,,200452.7671,545825.1533
6373,행복한감리교회(연등)1,1712-12 도,195780.7843,542990.9673
6374,상도아이파크아파트(연등),26-70 대,194805.6878,544642.3706
6375,중앙대중문앞(연등),173-57대,196327.4834,545268.7697
6376,반포교회(연등),915공,199180.3,544737.7036
6377,동부골든아파트(연등)2,47-1대,185837.6451,544337.6605
6378,대륭포스트타워(연등),1086-13대,190917.6124,542881.3905
6379,쟁골마을(연등),,209236.9472,542644.6874
6381,홍제빌딩앞,48 학,194953.0074,554480.179
6382,아이에스비즈타워(경보),,190493.156,548500.2952
6383,길음뉴타운1단지(연등),,201986.8291,556142.9112
6384,수암초교앞(연등),,207134.1359,561028.4943
6385,청솔연립(연등),,206342.1526,561877.3119
6386,청구아파트(연등),,206042.2994,559953.8227
6387,월곡역입구(연등)1,27-119 대,203608.8804,555706.9623
6389,KT&G(연등),,193175.2754,556091.922
6392,홍연아파트,,194019.2256,553091.8861
6393,이촌역앞(연등),,197537.1967,547065.2874
6394,월드컵파크11단지(연등),,189607.0392,554178.9188
6395,서부자동차검사소,289-24대,189841.7325,554106.4457
6396,서부자동차검사소(연등),291-2도,189737.7325,554193.4457
6397,종월2교,,203635.857,555295.0221
6398,창문여고(연등)1,산35-52 공,203352.9064,557108.7036
6407,마천터널,,213320.3824,544962.2431
6408,양천구청역(연등)1,327대,187979.7117,545852.0043
6412,수유시장(연등),140도,201893.4906,560256.0188
6413,삼각산동주민센터(연등),812 대,201778.4492,557307.7737
6416,종로4가(연등)2,,199797.1401,552533.5121
6414,기독회관(연등),21도,200186.265,552789.5405
6420,충신시장(연등),,200588.9101,552702.8742
6424,하늘초등학교,524철,189509.2207,554077.0371
6428,면목초교앞,106-33대,207689.2489,554549.7595
6429,동부시장,299-62대,206823.5604,554963.5327
6434,먹골역(연등)1,162-6대,206881.4917,557083.6532
6439,한성대(연등)3,609-1 대,200687.5838,554400.8745
6433,먹골역(연등)3,171-15대,206854.2564,556885.6872
6438,한성대(연등)2,609-1 대,200781.7675,554456.305
6440,한성대입구사거리(연등)2,1-1도,200957.4492,554133.3655
6441,정릉태영아파트(연등)2,,201395.6607,556423.8661
6442,정릉태영아파트,,201339.6303,556332.9217
6443,돈암119안전센터,165대,201262.0299,554590.5619
6446,쌍다리기사식당,,199651.4327,554884.9462
6447,이촌동(연등),,196910.2006,546884.1867
6448,국립중앙박물관,14-1대,197977.7825,546892.9714
6451,신정빌딩,151-3도,195698.2592,548149.5096
6452,한국폴리텍대학(연등),732-21 대,199709.9245,547895.354
6454,한남아이파크(연등)2,261-3대,200681.8641,547930.3654
6455,한남아이파크(연등)1,75-1대,200603.0977,547958.2606
6456,삼익상가,301-5도,197912.0564,546629.06
6457,한강진역(연등),796-8도,200158.1055,548976.6773
6458,잠수교북단(연등),235-3대,199499.7282,546613.5002
6459,한남제일빌딩(연등),,200495.7874,548200.0753
6460,구산치안센터(연등),,192171.3836,556907.6425
6461,북한산온천(연등)1,,194581.2008,561514.6885
6462,북한산온천(연등)2,,194517.3718,561426.5037
6463,신한은행갈현(연등),산138-1임,192936.8922,558347.736
6464,유승약국(연등),91-118대,193080.5009,556744.6918
6466,진관119안전센터,,192882.7524,558796.9837
6467,경기상고(연등),,197287.3501,554267.2306
6469,안국동사거리(연등),,198614.9048,552938.5811
6470,KT월곡(연등)2,,203238.4704,555842.7451
6471,이마트상봉점(연등)1,53-3 철,208210.0006,555249.3526
6426,중화중학교,,208315.7811,553887.8597
6418,농협신설동지점,400대,201888.62,552809.4279
6419,아세아빌딩(연등),,199227.5212,552669.2781
6437,안암동,126-16학,202273.7652,553393.1098
6450,신용산초교(연등)2,,197693.9208,546717.5223
6453,제일기획앞(연등),,199964.3088,548496.0775
6472,명사약국앞,,206651.6975,557249.2734
6473,용곡삼거리(연등)2,598-1도,207612.7133,552064.046
6474,용곡삼거리(연등)3,1342-8대,207561.2422,552082.8828
6475,광진교(연등)1,520-4천,210157.138,549419.9016
6477,STX빌딩(연등),267대,197819.1023,550437.2609
6478,상공회의소(연등),60-1대,197597.2549,551133.1862
6480,시청(연등),31 대,198038.5258,551590.5868
6481,명동역앞,1-1종,198779.8895,551268.5116
6484,한솔부동산,345-4도,206958.9758,557962.187
6485,상계초교(연등),,205770.914,562090.6232
6482,코오롱연립(연등),,206383.3411,559706.8527
6483,상원중,995대,205137.4905,563491.9258
6486,주공326단지(연등)2,,205290.3086,561279.5027
6487,공연초교,189 학,206761.5161,558611.804
6488,녹주아파트,552-2도,206444.9241,557905.7047
6489,중평중학교,503-1도,205549.2597,559773.8846
6491,공릉검문소(연등),,207844.8921,558074.7558
6493,상계주유소(연등)2,,206267.6773,562118.4518
6494,"수락리버시티3,4단지앞(연등)",,204670.0153,565303.0085
6495,창동변전소(연등),,203577.4215,562092.36
6496,신방학중,산35임,202555.5479,562741.6902
6497,창동운동장(연등)1,729-8 제,204400.3599,562179.7416
6498,청한빌라앞(연등)1,,201189.4855,561924.284
6499,창주공4단지(연등),371 학,204126.7507,560584.5683
6500,성대야구장(연등),,204277.726,564109.5172
6501,방학한화아파트(연등),313학,202722.323,562497.6953
6502,숭미초교(연등)2,산80-1임,202511.6261,561310.5624
6503,창일중교(연등),75-3대,204075.2308,561062.7272
6505,답십리래미안위브106동앞,311 도,204786.4122,552591.359
6506,성복교회,,206790.1236,552525.3216
6508,청량초교(연등)1,,205131.0473,554855.4032
6511,장안LPG(연등),,205955.9034,552878.0572
6513,마포구청입구,,191392.7307,551827.6248
6515,마포공영주차장입구,,195012.9971,548935.6893
6516,홍대부속초교,103-16도,192409.2276,551085.305
6518,월드컵파크1단지(연등),,190628.3103,552977.372
6519,공덕오거리(연등)1,254-8대,195788.6824,549321.1474
6521,사랑의전화(연등),,195916.6591,549437.4467
6522,망원정사거리(연등),,191513.2556,550360.671
6524,용강동주민센터(연등),338-1대,194663.8122,549245.1348
6525,홍은풍림아파트,산1-129 임,194720.8417,555073.3007
6526,홍제역,266-57도,195152.2969,554278.8311
6527,무악재한화아파트,460대,195595.8568,553689.2151
6528,무악재역,,195630.8908,553604.0298
6529,무악재역(연등),,195664.8449,553532.4021
6417,동대문역,,201079.6894,552496.4385
6423,농협신당동지점,165도,201412.9096,551622.4732
6425,동원시장(연등)1,88-27대,208007.6591,554390.9443
6427,면목1동주민센터,98-63대,207759.4406,554227.8155
6430,상봉2동,89-8대,207827.4314,554848.57
6432,국민은행중화동지점,288-26학,207075.9295,555396.421
6531,모과나무집,319-7도,193347.8505,552802.3671
6532,느티나무집,423-6도,193705.149,553068.3294
6435,신내동성아파트,317 대,208643.111,556481.8405
6530,안산초교,산1-1임,195748.913,553441.2965
6533,DMC아이파크,75-53대,192371.8147,552867.274
6534,서대문역(연등),,197116.8801,551886.1841
6535,서대문구청(연등)2,,194361.6479,553421.7736
6537,연가교남측(연등),,193093.5411,552440.7868
6539,연희우체국(연등),,193940.511,552220.3547
6540,독립공원(연등),,196134.9315,552934.2844
6541,북가좌한울뉴타운아파트,,191961.6672,553068.8506
6544,청운아파트(연등),22-15도,192450.718,555001.2887
6546,수색초교입구(연등),산 21-1 임,190871.218,553753.0606
6547,은평터널(연등),,191574.7862,554523.7709
6548,산골고개,산1-33임,194578.5762,555337.7849
6549,대림한숲아파트(연등),,191186.833,554056.8206
6550,교육복지통합센터(연등),,205038.7325,551303.0788
6551,신당중앙시장(연등),370-1도,201613.037,551785.647
6552,서울의숲입구,656-75대,203829.335,549504.7214
6553,서울의숲입구(연등)1,656-853도,203846.3121,549553.1931
6554,금호래미안아파트앞,,202110.2146,550371.4316
6555,성수대교북단램프,701천,203155.7934,548907.0461
6557,성수대교남단램프(연등),484천,203080.0864,548377.0973
6558,성수대교남단램프,484천,203038.1536,548376.0775
6560,시청입구,,198151.2577,551835.9128
6561,서서울생활고교(경보),,184885.4311,544890.6791
6562,백광골프랜드,,188574.8806,545043.6622
6566,천왕이펜하우스6단지(연등),22 전,185893.4704,542253.2986
6567,천왕이펜하우스4단지(연등),산25-10 임,185749.3426,542402.0552
6568,천왕이펜하우스2단지앞(연등),,185673.8445,542951.3928
6570,신성미소지움아파트(연등),,186500.0485,547092.1859
6572,신정2단지입구,,185079.8998,546132.696
6573,잠실전화국삼거리,,209481.8342,546081.5248
6574,지식산업센터(경보),,190963.9657,542581.3859
6575,"목동3,4단지(경보)",,188967.7698,548168.2114
6576,"목동1,2단지(연등)",901-7 도,189425.3045,548564.2764
6580,여의지구대앞(연등)2,,193074.98,547468.5405
6581,발산초교(연등),687-9대,185152.2417,550025.3268
6582,홍연아파트(연등)1,,193944.3541,553124.133
6583,명화나이트(연등),19천,192180.4495,546969.9326
6584,강서구의회앞,608-2도,187871.0001,549674.3835
7511,은평뉴타운320동,216-2대,193557.057,559397.1616
6415,하나은행혜화,,200009.1567,553853.8361
6444,삼청각,산25-1임,198616.292,555213.1516
7500,아이온스퀘어삼거리,428-1도,212549.3401,542395.5163
6404,동신목재합판앞,290-38대,211515.6118,549489.4784
6445,천주교정릉4동성당,266-97대,200845.5085,556703.4189
6449,국민은행효창(연등),,196650.3253,549186.2212
6465,연신초교삼거리(연등)3,,193775.6688,558303.7673
6476,광진교(연등)2,527-1천,209964.3312,549494.6488
6479,숭례문(연등),24도,197862.0306,551144.3124
6490,석계역(연등),85-7 철,205724.6451,557255.7411
6492,노원우체국,,207141.9406,560785.5262
6504,종암대교(연등)1,7-10학,203397.1544,554637.5825
6509,청량초교(연등)2,,205156.8428,554901.3553
7512,송정빗물펌프장,73-37천,205312.5929,549873.3223
6512,소화물창고(연등),127-81 대,204482.5738,553377.0082
6514,홍대역2번출구(연등),148-11대,193299.1689,550847.3335
6517,하늘초등학교(연등),525철,189433.4538,554047.1023
6520,서부지청(연등),,196008.8145,550017.8843
6565,구로3동한신아파트(연등),,190286.641,543165.8765
6569,남부주유소,440-11대,185710.7943,546683.5925
6571,서울신은초교(연등),,185151.2669,545951.0267
6578,조광유통,1148답,184120.8017,550652.8301
6579,서부여성발전센터,,184952.8876,548268.426
6585,흑석센트레빌(연등),335-4 도,197045.8092,545200.8014
6586,강서한강자이타워,47-2장,186435.4425,551802.8078
6588,구립넓은들어린이집,,184925.2398,545872.4702
6589,서서울자동차매매상사(경보),,186484.4653,551949.1133
6590,우리들약국,506-19대,188551.3234,549379.238
6591,반석교회(경보),,187071.2665,546337.5776
6592,신안파크아파트(경보1),,184990.9679,547208.7177
6593,신안파크아파트,331-12 도,184862.59,547184.6619
6594,백경한의원,,185339.8988,546888.6259
6595,양동초등학교(경보),,186829.9205,547332.3846
6596,영등포주유소앞,29-1천,192397.1566,546592.3519
6597,신도1차아파트103동앞,606-2대,186351.0375,546516.2375
7515,양화대교남단램프(연등),60-1도,191185.2939,548782.68
7516,수서교회,산10-1임,208363.6191,542705.752
6602,삼양로9길입구,,201855.0953,556508.4778
6604,동방빌라,268-1도,201051.0256,554363.7728
7523,위례스타힐스삼거리,산42임,212776.6323,542450.2859
7525,더?101동앞,2임,212757.2256,542002.0618
7536,소망어린이공원,660-51 대,203270.7261,562702.1973
7543,신진시장,179-12대,200427.9184,552392.9563
6611,상원초교(연등),634도,205250.6029,563368.9868
6612,신내3지구입구,,209377.7821,557885.4002
7537,소망어린이공원(연등),637-19 대,203228.6134,562752.5886
7556,성동소방서앞,,203600.8062,550606.9286
7563,개포2동주민센터(연등),511 대,205988.759,543324.8586
7570,남부교육청앞(연등),19-3도,192057.2869,547196.4142
7574,목5동성당(연등),907-4대,189178.9991,548244.8782
7582,상도건영아파트(연등),323대,195394.4602,545264.5423
6431,능산사거리(연등)1,산3-1임,208924.98,556641.3109
6422,신당동떡볶이타운,162-1도,201367.3774,551510.2925
6436,동대문세무서(연등)1,,201879.5243,553590.8676
6536,서대문구청,,194359.0684,553296.9351
6542,북가좌한울뉴타운아파트(연등)1,,191926.4945,553026.7866
6543,북가좌한울뉴타운아파트(연등)2,,191886.1814,552975.3154
6545,신응교동측,126-23대,192483.2811,554712.0597
6556,성수대교북단램프(연등),685-534제,203110.6812,548914.2449
7584,율현공원앞(연등),33-3천,210226.936,541626.3052
6587,온조마루근린공원,20-3도,209679.7289,546663.9721
6598,강서초교(경보),,185934.6955,547069.8341
6599,서남병원(연등)1,1281 대,185304.6436,545781.8426
6619,우리벤처사거리(연등)2,,190126.3298,546739.1185
7592,사대부고정문,9-99대,203313.2213,554954.5811
6621,신정푸른마을2단지(연등)1,906도,185391.1262,545984.5234
6622,힐스테이트앞,651-12대,185922.7941,550561.3664
6623,화곡고가차도입구2(경보),,186675.0328,547496.0214
6624,영마트앞,848도,185577.9519,546620.9989
6627,개봉현대아파트(연등),208-4답,187285.4549,543664.9138
6628,동일하이빌아파트서측(연등),,185504.6229,545769.8241
6629,삼성래미안103동,,195689.0339,546120.5087
6630,삼성래미안101동,,195756.5823,546051.2807
6631,삼성동자치회관(연등)2,,193960.0564,540437.7654
6632,신정롯데캐슬앞(경보),,186438.1514,546654.6231
6634,백범광장,,198134.9049,550488.7639
6635,당산119안전센터(연등),,191179.6848,548364.4282
6636,영등포리더스뷰(연등),,191101.8801,546491.8673
6637,오류동교회(연등),341 대,185911.636,544018.1293
6639,오류남초교앞(연등),,185618.5743,543356.235
6640,오류동역남측(연등),135-4 도,186214.254,543813.0302
6641,연꽃어린이집(연등),169-2대,190370.8609,543039.8963
6642,신도림이편한세상806동,,189744.3287,545433.342
6643,천왕초등학교(연등),산36-8 임,185583.1729,542510.0338
6645,구로변전소(연등),,189696.6932,544179.9533
6646,미래초교(연등),1267대,190149.917,544874.1145
6647,국민은행도봉,639 철,203898.9811,563703.8941
6648,홍은중학교후문(경보),산11-1임,194264.8208,554673.1714
6649,동부센트레빌,45-9종,196531.0209,551904.001
6650,미동초등학교(경보),6-3도,197000.8,551447.5396
6651,동부센트레빌204동(경보),377대,192621.2199,552914.5853
6653,독립문어린이집,209-15 대,196438.3031,552341.9238
6654,세종유치원(경보),296-23대,192303.6945,553096.114
6655,연희임광아파트,126-23대,193586.9075,551724.4744
6656,금화터널(연대방면)(경보),101 공,196009.5306,552395.7589
6657,금화터널(사직동방면)(경보),산2-7임,195435.6094,552111.9478
6658,경기대입구(경보),,196929.8322,551647.3877
6659,북아현로11길90번지,190-1학,195690.5655,551230.7238
5798,현대빌라(경보)(광진),,207947.6538,549116.6681
5799,양진초교(경보),178-7임,208596.3491,549404.1018
5800,신혜성의원,205도,207212.0543,551897.0616
5801,중랑권역공영차고지입구(연등)(경보),,209297.2664,557115.1059
5802,신내차량사업소,296-19 도,209508.3293,556787.4767
7532,래미안강동팰리스(연등),173-35대,211707.2675,548726.8709
5804,용두교옆(경보),,203088.9429,553111.2617
5805,동대문중(경보),325-49대,204714.6102,552598.1622
5806,휘봉초교,1338-12천,206174.8545,554233.7226
5807,장안아파트1단지앞(경보),,206523.6691,552329.5395
5808,광진중(경보),,207975.1797,548112.0224
5809,뚝섬나들목,65-11도,205925.7617,547965.0996
5810,신양중1(경보),,205615.7021,548132.9747
5811,신양중2(경보),,205537.6026,548160.759
5812,청담대교끝(경보),,206194.1617,548805.4087
5813,효지어린이집(경보),,206502.4283,548519.4534
5814,신묵초교(연등),391 대,206804.5887,556181.7824
7534,대륭드림타운(연등),184-10도,185870.1644,551910.5118
5816,신내역,65-13 도,209155.7378,556965.5269
5817,광진문화예술회관(경보),,206358.6806,548579.7211
5818,동자초교앞(경보),,206414.9009,548552.5049
5819,묵현초교,,206442.6559,556644.4354
5820,보라유치원(경보)(연등),,186442.7861,551543.5554
5821,신흥상가옆(경보),,209550.7139,555824.7578
5822,몽마제과점(경보),,208162.2658,550275.864
5824,금실경로당(경보),,185610.5115,546589.8189
5825,신세계유치원(경보)1,,186613.2295,552250.6098
5827,양천소방서(연등)2,,188859.4604,547802.0421
5828,꿈에그린A101동(경보),,186530.1128,550429.5263
7593,청계6가(연등),687-17도,200858.858,552230.0018
5830,염창현대아파트,221-2천,189078.7937,550337.0895
5831,화곡아이파크아파트,산86-18임,185913.3957,549840.2557
5832,한양대동문회관,33도,203618.7974,551062.7863
5833,염창동1차(경보),,189034.0298,550420.4561
5835,금호대우아파트(연등),,201762.7446,549745.8668
5836,장안시영아파트후문(경보),,206546.6875,552897.4394
5839,공항동성당,694-16 도,183411.7988,550750.5839
5840,방화서광아파트,,184066.5205,553276.0012
5841,태영운수(경보),,184073.2952,553450.5519
5843,가양초교(연등)2,,187590.7811,551275.1061
5844,강서소방서(연등)2,1484-5도,187610.1583,551017.6823
5846,염창길훈아파트,산24-1 임,188340.0098,550651.1599
5847,현대자동차(경보),,188939.5884,549872.6202
5848,극동상록수아파트(경보),,188767.8754,549960.6817
5849,염창파출소앞(경보),,188318.7205,550267.2608
5850,옥수하이츠(경보)(연등),,201451.7537,549150.4127
5851,"목10,11단지사이",,187389.1074,546269.6636
5852,성가복지병원,,202753.0223,556311.6269
5853,화곡고가밑(경보),,186587.9595,547710.3762
5854,일성스카이빌(경보),,186376.559,547680.692
5855,수협직판장(연등),,183933.5932,550476.3388
5856,강서동물병원,,185800.6767,548107.44
5857,화곡7동주민센터(연등),409-248대,186212.2715,548142.2002
5858,현대빌리지(경보),,186753.9969,548407.059
5859,서진빌라앞(경보),,186839.9436,548415.6842
7602,강변역하차장(연등),611대,208345.6072,548401.3425
5861,화곡보람아파트(경보),,187089.6206,550481.9823
5862,네오빌옆(경보),,187055.9962,550412.085
5863,유림빌딩앞(경보),,186913.1259,550475.5831
5864,강서교회앞(연등),980-19대,186774.0795,549914.1547
5865,강서방송,980-20도,186682.9946,549818.2799
5866,화곡동물병원,,186526.7505,549595.2619
5867,화곡초교옆,24-126대,186307.8903,549331.7524
5868,방화12단지(경보),,182993.6788,552301.0826
5869,수명산파크3단지(연등),,184729.9219,550471.5338
5870,강서경찰서(경보),,186802.9451,550268.5857
5871,한양아파트(경보),,186748.5833,550117.3864
5872,등명중학교앞(경보),,186184.6456,551081.0891
5873,등현초교(연등)1,,186517.4637,551421.4422
5874,등현초교(연등)2,,186409.2048,551222.6121
5875,등촌성당앞(경보),,186365.9573,551141.6729
5876,예원교회교육관(경보),,186675.3425,550980.5022
5877,유석초교정문(경보),1481 대,187120.833,551264.6237
5880,방화소방파출소(경보),,183613.1214,553396.6799
5881,수명산파크101동,357답,184996.8367,550435.7154
5882,등촌주공7단지(경보),,187030.7222,551309.4287
7611,숙대입구역7번출구(연등),14-44대,197558.4622,549360.6018
5884,삼각산초교,,201365.9635,557438.3985
5885,우정에쉐르앞,,200829.5727,555595.064
7613,한강중교앞(연등),7-13대,199260.7274,547311.1426
7614,서강대정문(연등),31-58대,194495.6797,550202.4397
5888,신도림대우푸르지오앞,,190215.8946,545746.7147
5889,조양시장(경보),,206078.3692,549020.9618
5891,경남2차아파트(경보),,187276.8269,545006.1386
5892,고척동남현교회(경보),,187247.4034,544625.2739
5893,개봉동작은굴다리(연등),416-135구,186352.8843,544854.6674
5894,장안현대홈타운(연등),332-5 대,206701.7963,552236.072
5895,묵동연립(경보),,207218.9708,557641.4836
5896,씨너스빌(경보),,208401.3297,555395.6435
5897,봉화공원,70-1구,206803.2905,555406.3322
5898,상봉중학교옆(경보),,207886.3525,555852.8827
5899,서서울생활과학고등학교위,산1-42임,184888.6705,545056.9105
5900,성공회대앞,108-20 도,184496.5632,543238.3549
5901,항동저수지앞(경보),,184277.2928,542759.846
5902,개봉현대아이파크109(경보),,187609.0859,543275.0284
5903,개봉현대아이파크206동(경보),,187688.1198,543535.934
5904,철산교앞(경보),,187545.0114,543182.6419
5905,대성자동차공업사(경보),,187490.4363,543208.1599
5906,구로동자이위고가(경보),,189805.6164,544408.572
5907,에이스테크노타워,145-22도,190576.3293,542894.0502
5908,영서중학교앞(경보),,190547.063,543265.7452
5909,하늘공원입구1(경보),,189426.4015,543073.5316
5910,옥수빗물펌프장(연등),,201646.5675,549121.2261
5911,세인유치원(경보),,204084.4766,551794.7829
5912,하늘숲초교,산13-1임,185997.1907,542674.7542
5913,목2동등촌시장,,188235.0881,549853.1763
5914,가양주유소앞,1463학,186353.5078,551863.628
5917,근화제약앞,168학,210382.6242,544458.3673
5918,노원역10번출구,398-3도,205681.9343,561885.675
5920,마포대교입구,16-11구,195141.8568,548826.0975
5921,서울스퀘어앞,1-1대,197622.04,550746.5921
5922,서울역신청사앞,,197566.3006,550611.9324
5923,대치교서단,,206424.7747,544210.5833
5924,마니하우스,376-19대,191871.8626,550398.7607
5925,매헌초교,254-4대,203678.9428,541297.1737
5926,반포힐스테이트,18-5 공,199725.0719,544454.5354
5927,반포2단지입구,,199615.5619,544722.5017
5928,반포쇼핑타운,70대,200385.1552,545175.422
5929,사육신공원,,195639.8783,545917.6981
5930,서강한진해모로아파트,444 대,193742.2039,549570.4213
5931,성심여고후문,23대,195848.8633,548423.1581
5932,성우하이츠빌앞,258-289 도,202602.0186,558492.4656
5933,안생약국,88-12대,193192.8803,549657.6894
5934,영등포소방서,,191521.6077,546525.7211
5935,은평구민체육센터,,193306.3762,559106.3795
5940,신성미소지음아파트,,203953.6131,552230.9863
5941,자양4동주민센터(연등),,205979.6948,548230.8982
5942,에이스하이앤드타워3차,,189610.6207,542096.8019
5943,염창현대아파트,,189178.551,550150.6237
5936,은평센트레빌304동,,193485.4743,559105.4431
5937,은평센트레빌307동,,193638.4367,559050.5994
5939,신도림고등학교,22-1도,189633.4247,546098.0595
5944,영중유치원,,191599.1327,547976.3944
5945,오목근린공원(연등)2,919-7대,188701.1945,547562.5575
5946,폭포동입구,산108-23임,193834.3274,558875.0377
5947,반포대교남단(연등)1,114도,199952.1422,545456.6199
5948,잠수교북단,316 대,199450.9172,546868.7731
5949,잠실1단지서문,,206882.4608,546062.8324
5950,잠실고정문,,209496.4165,546951.2999
5951,잠실리센츠,,207510.524,546061.4743
5952,잠실파크리오107동,21천,209265.8414,546822.0711
5953,잠전초등학교,213-26대,207331.0281,545152.7159
5954,잠현초등학교앞,387유,209225.3596,546966.2376
5955,문현초등학교,835 대,211562.1412,542507.0568
5956,정릉대림e편한세상,,201692.7508,555479.2723
5957,정릉힐스테이트,,200547.9783,557161.5028
5958,중앙대후문,,195910.8997,545062.21
5959,잠실초등학교,20-3도,209912.5884,546711.3416
5960,서초트라팰리스,1338-4대,202549.5415,543095.8086
5962,코끼리할인마트앞,,191801.4623,545159.0325
5963,크리스챤선교센터,,189426.4395,545403.3734
5964,한성교회,521 공,186056.2665,545701.0665
5965,한양공원,48-21대,198530.2594,550569.5532
5966,해성공업사,839-33대,191546.0043,539008.3126
5967,홈플러스신풍,,191980.72,545162.3497
5968,이튼타워2(경보),,206194.1702,548060.7855
5969,이튼타워3(경보),,206102.2115,547971.2279
5970,이튼타워3(경보)(연등),,206055.0877,547988.3472
5971,이튼타워1(경보),,206088.9288,548180.4875
5972,신양초교(연등),,205963.9736,548452.9666
5973,성자초교(연등),,207157.5609,548016.2101
5974,신도고교,103-10전,192872.4942,558988.7707
5975,신동아상가,740 대,202618.927,562486.555
5976,효성교회,산25-22묘,202909.0277,557692.2381
5919,녹사평역,,198852.3538,548344.9496
5977,미아교회,258-664대,202679.4116,558352.7985
5979,한국스포렉스,237-15도,202701.9584,552553.6686
5980,해오름마트앞,,208132.5698,548824.8666
5983,올바른서울병원,43-77도,212525.7988,549219.5742
5984,서울창포원앞(경보),,204124.9724,565516.3976
5985,언북중학교,630-26 대,203049.9979,546731.6011
5986,종로노인복지관앞,,200440.7304,552900.5048
5987,동인주택앞(경보),,200356.5022,560486.4837
5981,삼전동주민센터,92-13대,208198.0364,544842.8055
5982,향군타워,7-10도,208871.9812,546377.5122
5988,케리스빌딩앞,18-20도,200439.652,551580.2686
5989,하나금융그룹,,198727.018,551840.7082
5990,상암동서울일본인학교,1694 도,189837.6811,553734.4511
5991,우리은행상암동지점,775철,189947.5812,553697.7524
5992,스탠포드호텔사거리,,190054.7811,553652.7017
5993,상암디지털드림타워,410-1 철,190143.8806,553599.8024
5994,상암사보이시티DMC,410-1 철,190228.481,553537.9024
5995,극동아파트상가앞(경보),,204290.6931,564771.0325
5996,샘터근린공원,351-1잡,213888.1628,551520.8173
5997,고덕근린공원,431전,213336.9285,551394.3307
5998,송곡고교,244-3도,209371.509,556259.3709
5999,마장하이츠아파트(연등),,203471.1189,551803.062
6000,광남유치원,,208924.6684,549112.9036
6001,스타시티입구,393-1,206526.0566,548611.4432
6002,성진어린이집,84-17대,206126.2854,550231.7007
6003,휘경동입구(경보),,204856.4989,554253.7615
6004,상왕십리역(연등)1,258대,202660.4568,551771.0564
6005,사평역,20-43 대,201330.2663,544988.9535
6006,올림픽대교북단(경보),,208423.8618,549149.2858
6007,한강공원,242천,206594.7898,546533.7139
6008,대로건설(주)앞(경보),,191290.9058,548576.9509
6010,노들역,,195785.3735,545917.0746
6011,홍대역2번출구,153-1대,193255.6764,550810.4398
6012,은평뉴타운10단지,,192464.4444,560402.7283
6013,르메이에르5차,5-44대,194562.6077,550676.5279
6016,세종문화회관,,197934.2882,552505.3676
6017,KT앞,,197986.6929,552557.4555
6018,택배터미널,470-8장,189253.0601,542427.0812
6019,현대한강아파트,,196511.413,547005.226
6020,가재울동부센트레빌,377대,192626.259,552850.9362
6021,연희성모의원,415-31대,193563.7196,552787.0678
6022,금호아파트,337-2도,212614.0377,549513.3787
6023,잠실파크리오119동,,209539.4258,546732.4013
6024,은평롯데몰,64-7답,192824.3918,559945.0408
6025,신가초교정문,166-1공,210588.3851,544419.1471
6026,파티마동물병원,326대,193725.8173,550938.0379
6027,동대문밀리오레앞,,200821.8631,552068.7646
6028,은평롯데캐슬821동,30-21천,193076.0241,560384.8542
6029,은평뉴타운아이파크709동,,193503.0558,560601.3087
6030,은평뉴타운푸르지오601동,,193726.3742,560790.083
6031,은평뉴타운6단지앞,,193944.7253,561165.259
6032,상도교동측,,204578.7627,565232.056
6033,"수락리버시티3,4단지앞",,204689.632,565349.7405
7501,트리플렉스,185-81대,191040.4507,546695.5904
6035,거여초교남측,,212444.7106,544742.7669
6036,코사마트앞(경보),,183954.01,550763.5756
6037,증미역(연등)1,,187977.0823,550922.6065
6038,성락빌딩앞(연등)2,,191295.5547,544737.2473
6039,삼환나띠르빌,1748-53도,200517.9798,542273.7176
6040,태승훼미리아파트앞(경보),,185261.6691,549791.8145
6041,여의하류IC(경보),,191925.3233,548073.0882
6042,영등포장애인복지관,19천,192262.7066,546809.9626
6043,문래우체국,54 대,190760.1208,546066.3681
6044,강서교회앞,1120-10대,186831.2215,549978.1412
6045,신방화역,,183798.9562,552017.0851
6046,금천공동체지원센터,823-63대,191840.7655,539060.6761
6047,가양빗물펌프장,226천,188249.1769,551131.2361
6048,한솔아파트앞(경보),,190145.021,549456.0403
6049,공원주차장입구,58-16대,184948.7895,548523.5827
6050,화곡2치안센터,868-32대,187070.9431,547973.3312
6051,한국폴리텍대학입구(연등),73-105대,186269.0067,549555.2496
6053,세왕약국앞(경보),,187035.1466,546439.1601
6054,백마빌딩앞(경보),,185149.0627,547088.8333
6055,대한유치원(경보),,186287.4112,547410.9486
6056,중랑역,299-117대,206708.8001,554933.8378
6057,정진학교앞(경보),,184262.646,544198.8185
6059,마장초교(경보),,203786.2224,551990.8541
6060,홈플러스강서점앞(경보),,187241.4621,550918.8454
6061,정원유치원앞(경보),,188015.8553,545317.6047
6062,발산1동주민센터,,185068.2683,550418.4898
6063,우체국사거리,79-3도,190697.9135,547843.9091
6064,대한적십자(경보),,203434.1465,552458.3163
6065,효문고,486-49도,201531.2148,561442.341
6066,관악영어마을,,196334.9123,541386.1203
6067,건대후문(연등),393-1,206549.8312,548708.1222
6068,석관펌프장(연등),,205758.7836,557133.722
6069,아리랑고개(연등),138-15도,201318.5214,555671.1156
6070,양록농협(연등),1-56 대,202998.9954,557134.3482
6071,DMC첨단산업센터(연등),289-30임,189895.6892,554037.2471
6072,브라이튼여의도,3-2도,193794.7324,547065.035
6073,현대신사옥앞,,200031.8682,552938.3109
6074,잠수교남단,,199861.3028,545683.6508
6075,북부도로교통사업소앞,,203320.8887,559384.0624
6076,럭키레포츠앞,464-1대,202549.0991,559891.5947
6077,관악노인복지관(연등)1,1698-1대,193553.92,543531.2237
6084,신사중앙의원(연등),15-5대,191899.8328,555250.7042
6085,월드컵파크9단지입구,,189340.6016,553930.4728
6086,삼선빌딩,3-5대,197961.3191,550902.9758
6078,망우1동우체국,,209028.7796,555635.7973
6080,보성운수종점(연등),692-6대,192843.7779,540496.6171
6081,송정역(연등),611-5대,183294.5751,551330.3629
6082,신내데시앙후문,287-11도,208821.8444,557059.9058
6083,신내지하차도입구,486-5구,208703.4607,555549.18
6087,은평제일교회,,193030.2745,560105.4033
6088,CJ빌딩입구,208-1대,197926.3958,550522.4369
6089,금암문화공원,,192822.7121,560582.7882
6090,창신빌앞,258-243대,202877.5838,557883.4815
6091,청량리민자역사고가,,204413.6159,553538.5264
6092,한일택시,,201527.1996,559614.2416
6093,관악농협신독산지점,148-28 차,190680.416,541606.0674
6094,상도3차래미안아파트,,195902.5643,544639.5444
6095,SH빌아파트,,195954.5778,544833.2002
6096,강일리버파크3단지입구,333-5임,215344.6104,551863.1481
6097,은평성모병원,79-21전,192677.8877,559435.0442
6099,구파발사거리,61-31답,192651.8259,559934.2248
6100,"강일1,3단지",86전,215333.741,552018.9038
6101,강일리버파크1단지입구,92-1답,215253.9772,552082.4028
6102,강일리버파크101동앞,97-4 답,215211.2983,552152.2402
6103,강일리버파크2단지입구,63-5 전,215580.5873,552133.1935
6104,강일리버파크509동앞,341-1 천,215623.971,552104.9777
6106,송파푸르지오시티,326-1답,210773.1308,542460.7241
6107,송파파크하비오,316-3답,210810.5343,542362.3654
6108,NC백화점송파,618 대,210915.2576,542128.6944
6109,서울복합물류단지,626 공,210912.0236,541876.2441
6110,문정동래미안갤러리,361-1답,210534.2556,542220.5067
6111,제3기동단앞,362-1답,210490.047,542307.1374
6112,숯내교동측,388-6전,210357.7697,542245.0144
6114,"강일6,8단지",370-7대,215603.5371,551449.9335
6115,"강일6,7단지",379-1대,215784.7396,551534.2715
6116,강일초교,363대,215742.7131,551717.615
6117,"강일9,10단지",,215911.704,551333.921
6118,강일9단지입구,414-3전,215872.2271,551104.6742
6119,"강일9,10단지사거리",698 도,215900.6247,551007.0204
6120,미사강변동일하이빌2005동앞,,216067.8916,551049.565
6121,강일리버파크1008동앞(C6),,216075.847,551130.9928
6124,은평푸르지오618동앞,,193720.7351,561074.7805
6125,기타1(서대문권역),,194570.857,556948.0793
6126,기타1(동대문권역),,205786.4504,553962.8054
6122,강일10단지,,216040.5281,551363.0104
6123,미사강변17단지삼거리,,215948.7439,551618.0677
6127,기타1(강서권역),,185243.2861,547241.9797
6128,월드컵파크9단지입구(연등),545 대,189375.9162,553994.3113
6129,재활용선별장,29-1대,195799.8808,547924.5603
6130,동부센트레빌아파트정문(경보),,201415.873,553345.5656
6131,동부센트레빌아파트앞(경보),,201439.5698,553591.2895
6132,동대문역1번출구,,200972.0829,552468.4758
6133,통일부(남북회담본부)(경보),,198729.251,554139.9356
6134,구로1교서측,1056-25대,190844.6912,543324.7554
6135,구로1교동측,,191142.3875,542991.5195
6136,오솔공원,1039 대,185574.0104,547011.3367
6137,공항동주민센터앞(경보),,183264.7402,551059.0064
6138,화곡고가차도입구(경보),,186700.6485,547501.9609
6139,수출입은행뒤(연등),,193152.4089,547718.6771
6140,연세유치원(경보),504-1대,205378.5028,559871.5825
7486,우리은행독립문,171-1 학,196604.1145,552384.2503
6142,수락검문소,,204884.949,565522.9007
6143,부대앞(경보),,197343.4864,555304.6422
6144,국립서울맹학교(경보),,197180.4054,553844.5729
6145,LG연구소(경보),,197125.0383,553698.5022
6146,여래약국(경보),,197241.9624,553441.7214
6147,상명초교,,196182.2296,555697.8954
6148,초소앞(경보),,196657.364,553415.9566
6149,미주동방벽운아파트(경보),,204952.4182,564556.7003
6150,성모재활원앞(경보),712-3제,210591.617,541243.0312
6151,수락산보람210동(경보),,205680.2325,563163.6645
6152,영림초교(경보),,191342.2376,543076.6154
6153,수서신혼희망타운입구,100-6 도,209596.7835,541874.679
6154,숯내교,428-2천,210102.7274,542109.8539
6157,미아역(연등),,202284.6906,558615.3992
6158,두산베어스타운앞,,202886.2326,553176.0693
6159,성동경찰서앞,,203223.9771,551302.0961
6160,정부서울청사입구,,197914.6603,552838.1678
6161,현대종합카센터,616-12대,206951.076,547820.1775
6162,신내서울의료원,,208641.164,557137.8375
6163,백암고(경보),,186135.6064,545721.4544
6165,궁동터널입구(경보),,185645.462,545271.7829
6166,인생약국,680-65 대,207423.6071,548040.169
6167,성동고등학교2(경보),1085대,201962.5875,551705.2946
6168,종로와룡공원앞,,198813.8169,554380.4203
6169,성북LIG주택단지입구,,198728.1727,555212.1317
6172,월드컵파크708동앞,1694-4 도,189585.9878,553501.005
6173,롯데광명물류센터(경보),,188773.2975,543188.5685
6174,겸재정선기념관(경보),,185755.0799,552555.7533
6170,산복터널(경보),,193005.9001,539732.8988
6171,힐스테이트녹번역,23-1도,194126.6643,555722.9626
6175,삼성래미안3차아파트,121-34도,191832.4138,547801.7363
6176,마포대교남단(경보),,193731.003,547794.7366
6177,대진빌라,141-31 철,186600.0718,543929.2124
6178,군자새마을금고(경보),,206293.0179,550255.0114
6179,백조온누리약국,264-3 도,207075.1183,551580.4871
6180,인재학원앞(경보),618-43도,206991.2315,547934.081
6181,자양1파출소(경보),393-1,206781.0015,548577.0223
6182,고척파크푸르지오앞(경보),,187525.6651,545257.9878
6183,고척2동주민센터앞(경보),,187473.6723,545232.0245
6184,면목신협,1197대,207808.6546,553994.0151
6185,숯불돈갈비앞(경보),,207016.2856,547998.2219
6186,오대산약초건강원,,206509.5976,555628.2266
6187,파크랜드앞,633대,202295.862,549979.7384
6188,롯데자동차정비소앞(경보),,190636.4649,548988.5038
6190,신길역앞,,192622.4791,546448.0949
6191,구로SK허브수,,188648.0848,543994.754
6193,청계한신휴플러스정문,542도,203998.2191,552629.848
6194,은평초교,19-12대,194284.165,555828.3463
6195,미래빌라앞,47-1대,186013.3326,543683.9436
6196,국회북문앞,,192438.4397,548231.1412
6197,경동초교(경보),,204515.0556,549172.6761
6198,금호푸르지오아파트앞(경보),,201718.922,550083.5561
6199,남부초등학교앞,468도,193049.07,542630.7874
6200,NC백화점강서,679-2대,185830.6106,551129.8942
6201,NC백화점(경보)1,,185974.0623,551108.1027
6202,NC백화점(경보)2,,185992.5754,551201.4291
6203,당산동그랜드컨벤션(경보),,191196.2253,548424.0063
6204,은빛초교,,192802.9043,560382.6346
6206,은평어울림1001동앞,,192818.0648,560022.8858
6207,상암MBC,,190303.35,553630.033
6208,상암SBS,,190548.4373,553453.3085
6209,중소기업DMC타워,33-12도,190968.3956,553100.2721
6210,한진해운빌딩앞(연등),,193357.2622,547247.2012
6211,한진해운빌딩앞,,193413.4655,547177.401
6214,은평힐스테이트416동앞(경보),,194188.0671,558740.4511
6215,은평힐스테이트426동앞(경보),,194222.1488,558635.8841
6216,마루공원,,207294.6335,543906.7548
6217,일원에코파크,701 도,207589.5995,544027.1357
6218,매헌기념관앞,233 천,203293.1248,541078.097
6219,고덕리엔파크107동앞,,215088.1229,551246.1511
6221,명빌딩앞,647 도,205264.4004,542681.2322
6223,리치다이아몬드호텔,419학,201394.0259,560915.4338
6224,우이시장(연등),,201664.7023,560674.4801
6225,광산사거리(연등),,201875.2479,560485.6356
6226,신대방아파트앞,342-57도,193615.4288,544148.5262
6227,진양상가,134-7대,199620.2755,551341.7872
6229,은평롯데캐슬805동,,193241.0839,560652.0379
6230,은평롯데캐슬803동앞,,193372.7762,560753.8769
6231,은평아이파크627동앞,,193593.3076,560946.9621
6232,삼천리골입구,129-28답,194660.7077,560542.9767
6233,흥덕사입구,,194321.198,559926.279
6234,제각말아파트,산104-6임,194274.991,559776.5195
6235,은진초교입구,,193084.9682,559079.9729
6237,월드컵파크11단지,,189661.1296,554250.2409
6239,차량관리사무소,33-12도,190875.0104,553179.3403
6241,마이크로오피스사거리,,189600.4701,541434.6429
6242,내방역동측,847-34대,199625.3372,543207.5206
6243,서부침례교회,산106-21임,194094.6807,559521.7433
6244,상도초교,363-80 대,194365.4404,544858.6053
6246,LG전자연구소,238-104대,189910.8019,541244.754
6247,다솔할인마트,,185569.6975,548803.5135
6248,가양대교남단램프,506-1천,187552.2765,551954.2485
6249,성수SKV1센터,73-679대,205890.9505,549711.916
6250,신월벽산아파트2단지,556-11대,185927.1734,546063.8691
6251,신정푸른마을3단지,,185472.0935,545841.6467
6252,신정푸른마을2단지,,185363.0511,546026.6961
6253,신정푸른마을입구,,185260.0487,546196.8245
6254,신정이펜하우스3단지,,184855.3451,546060.4275
6255,신정이펜하우스4단지,,185054.8779,545758.4293
6256,서남병원,,185221.6782,545753.5868
6257,서울신은초교,350-31 임,185122.8318,546018.1551
6258,금당약국(연등),,206932.3053,548101.5995
6259,광진교북단,135-1대,209632.0484,549626.5886
6260,송파파크데일1단지앞,588 도,214029.6441,544295.5853
6261,중앙대병원동측,141-14 도,196627.0411,545330.3362
6262,흑석해가든아파트,133-2대,196609.9568,545259.0869
6263,흑석센트레빌,335-4 도,197014.9145,545129.6536
6264,상도터널입구삼거리,,195965.7717,545906.3469
6265,은천초교입구,635-247대,194874.1679,542966.2628
6266,서주한의원,514-1대,192428.5312,542594.3868
6267,난곡평화교회,502-44 도,192411.8372,542703.0712
6269,역전빌딩,459-6 도,192374.7448,542938.4126
6270,상일여고입구,107잡,215304.3198,549966.7656
6271,고덕교,304-3대,215241.6343,551526.4523
6272,고덕리엔파크306동앞,494전,215393.9519,550516.4473
6273,강명초교정문,,215367.4234,550622.3489
6279,특수전사령부앞,57-8 도,211925.9674,542440.2358
6280,한솔치과,,211551.4619,542801.625
6281,글샘공원,618 대,210759.5244,542097.4735
6275,강명초교사거리,,215303.9824,550863.332
6278,송파파인타운2단지,111-8대,211638.838,542691.7556
6282,성화빌딩,92-1도,211290.4068,542615.7075
6283,대한결핵협회,17 대,202526.1118,540997.0172
6284,이랜드해가든아파트,,190467.2183,540115.651
6285,에이스하이앤드타워3차(연등),,189590.223,542163.8699
6286,신한은행신설지점,53-3 대,202056.8013,552774.2488
6287,마천대화주택,,213782.6952,544283.061
6288,도봉산성당,,203918.4372,565303.6114
6289,동성공업사북측,53-6도,202912.0122,556866.6433
6290,상신초등학교(경보),,191692.0807,555396.4396
6291,린나이도봉대리점,619-18 대,203673.7649,563063.3234
6292,용산푸르지오,,199430.0887,547281.5672
6293,용산브라운스톤,234-1대,196372.83,548609.2255
6294,중앙시장후문,,201733.7137,552090.2559
6296,송파파인탑아파트,,210533.2738,544904.5054
6297,행복한우리교회(경보),,192633.4843,539273.7848
6298,공항신도로1(경보등),산98-6임,182614.5218,552480.933
6299,공항신도로2(경보등),,182477.0989,552730.8135
6300,의성빌딩앞,,212794.007,548278.3832
6301,착한낙지,6-2대,213090.7733,547581.5178
6302,문현초등학교(연등)1,,211603.0094,542604.393
6303,한림연예예술고등학교,839 도,211754.7906,542872.9226
6304,송파노인요양센터,137-12대,211855.8245,542985.735
6305,동부그린아파트(경보),,185176.0212,543408.7567
6306,구일초교후문,685-147대,188815.9603,543766.0095
6307,다운교회앞,374-1대,192270.6102,549580.5596
6308,이엔씨드림타워,,189981.0276,542240.6462
6309,성북어린이집,168-276대,200550.4192,554444.8432
6310,신사노인복지센터,,191911.1118,554544.374
6311,남영역굴다리,17-1대,197500.8834,549153.5681
6312,용마초교,141-1대,207250.6269,550739.189
6313,한화비즈메트로(경보),,187728.7378,551015.1632
6314,개화역광역환승센터1(경보),419-18대,182219.8535,553253.4013
6315,개화역광역환승센터2(경보),,182255.2978,553186.5054
6317,화곡고가밑1(경보),,186692.4557,547582.505
6318,양재빗물펌프장,425-1 대,203767.4032,542199.0173
6319,강일동입구,227-1철,215056.0375,551421.4984
6320,항동,31 공,184400.1802,542377.8203
6321,대우미래사랑3차,164대,190598.7354,546781.295
6322,태영데시앙아파트,418-1대,190887.8238,546724.6966
6325,역촌동성당,24-1대,192237.704,556230.3516
6327,진관사입구(경보)1,,194700.918,560255.9113
6328,진관사입구(경보)3,,194678.4698,559984.3556
2991,등촌고등학교,709-7도,186303.3612,551389.8797
6324,노들길신길역진입부(경보),,192960.635,546333.3269
6326,씨티21,270-2도,190795.0573,547011.7641
6329,진관사입구(경보)4,,194380.2044,559760.4447
6330,산수장여관(경보)1,,194538.9897,556823.4186
5612,강서운전면허시험장입구,427 대,184053.362,549989.6667
7491,서초포레스타207동앞,379 도,205231.9855,539644.6531
5614,공항초교(연등),,183895.3512,551249.0604
7540,장통교,137종,198728.8627,552074.0268
5616,우장공원입구(연등)1,657-3대,186854.8987,550500.6531
5618,우리은행장충지점(연등),341도,200548.6927,551344.8541
5619,엠버서더호텔(연등),,200252.0355,551133.7296
5620,정부서울청사별관(연등),,197649.3184,552725.7378
5621,면목2치안센터(연등)1,130-41대,206626.8955,554457.6679
5622,동대문세무서,59-4대,201917.0178,553497.2238
5623,다산교(청계7가)(경보),,201101.1729,552248.8855
5624,한양대앞(연등)2,110 학,203772.3992,550853.7955
5625,무학중학교(연등),292-41대,202846.2129,550960.3428
5626,금호삼성래미안,265-163대,202565.8887,549952.5162
5627,철도병원입구,188-1 도,197035.7149,547341.6592
5628,신촌전화국(연등),255-37 도,193229.6,550991.2137
5629,평창치안센터(연등),,196943.9765,556148.3228
5630,싱싱마트앞,65-28천,206961.7429,563088.4652
5631,국민연금북부(연등),99-25대,196824.1642,551399.5385
5633,스페이스본입구,,197377.7152,552810.6663
5634,신도림테크노마트,,190414.4084,545215.7143
5635,삼일초교,105-4대,197820.2759,543150.5023
5636,상봉시장(연등),,207611.1325,554707.4082
5638,수명산파크2단지,,184658.4724,550671.1977
5639,수명산파크3단지,,184638.3602,550483.1333
5640,수명중고교입구,,184419.8069,550042.0211
5641,오목근린공원,,188711.5464,547635.9018
5642,대현교회,36수,201952.3855,550639.2968
5644,영인약국,404-36 도,191350.5767,544089.9575
5645,수명산파크1단지,,184839.7096,550458.7597
5646,화곡웰라이빌,346-139 도,186116.0057,547670.5457
5647,과학기술대후문,170-2대,207337.4507,559102.3902
5648,유광사여성병원,산80-3임,185760.3008,549316.8918
5650,삼각산아이원120동,699-52대,201601.7177,557461.7915
5651,삼각산동주민센터,670-29도,201837.419,557247.3641
5658,삼각산초교,1353 대,201206.4982,557372.6731
5661,장지프라자(연등),,211246.513,542125.087
5662,송파파인타운10단지,,211532.7802,542086.6247
5652,신도림복합빌딩,46-1 도,190147.1763,545679.1872
5653,테크노마트,611대,208350.5939,548508.1448
5654,강서힐스테이트,1089-7도,185659.6442,549841.9273
5656,스페이스본입구(연등),,197290.1293,552863.3364
5663,송파파인타운11단지,848-1 학,211683.6353,542209.5117
5669,기타1(강동권역),,216118.3728,550066.2246
5671,송파파인타운5단지(연등),,211488.1001,542397.363
5672,대륭테크노타운12차앞,338-1도,189730.6789,541050.9524
5673,우이동길마을마당,205 대,201504.5682,560019.577
5674,구세군회관앞,,197576.7203,552291.0772
5675,중곡초교,665-45대,207431.3034,552858.4846
5676,서울숲리버뷰자이105동,4-23도,203469.9406,550789.1398
5677,장평중옆성원빌라(경보),,206104.599,551774.2785
5680,진관사입구(경보)2,,194821.6732,560181.5382
5681,우리은행석관(연등),317-22대,205483.1081,556163.4016
5682,송파제일주유소,7-6대,208566.5755,544665.7647
5684,오류동역,47-25대,185912.5874,543603.4112
5685,오류동역남측,332-5구,186346.9811,543851.9935
5686,오류남초교앞,,185779.9712,543483.206
5687,동진카센타(경보),,207742.3371,548197.7745
5688,성내도서관앞,447 대,211773.8748,548179.4482
5689,금천초교,산112-15 임,192246.7325,539419.8343
5690,율화유치원,128-1179철,203402.6007,550434.3982
5691,금호벽산아파트(경보),,202280.4968,550282.2663
5692,이화교북단,248-7대,206561.0793,555934.534
5693,동원중교(연등)2,56 공,209515.1922,555927.9277
5694,한신휴플러(경보),,201703.5886,550122.8486
5695,금호초교입구(경보)2,,201848.9132,550253.4556
5696,래미안옥수리버젠아파트104동앞,1590-1도,201263.2016,549637.2686
5697,청계문화회관,792-8 공,203103.3924,552448.4036
5698,대구은행뒤(경보),,201263.114,542993.5683
5699,해운대횟집(경보),,203293.3879,541713.1665
5700,쌍용자동차(경보),,203041.8843,540339.866
5701,서울오토겔러리(경보),,203122.0585,540211.2793
5702,옥정초교정문,332-1도,201414.6118,549073.9618
5703,계성초교,,199669.2965,545063.8449
5704,금천구신청사,,190649.7235,539717.2541
5705,신이문역앞,360-3철,205911.9348,555940.5424
5707,왕십리역앞,,203341.842,551304.3432
5708,계성초교입구(경보),,199789.1343,545030.8481
5709,한강아파트(경보),,201380.2938,546755.6055
5710,잠원펌프장(경보),,201362.5659,546697.3255
5706,봉화초교(경보),,207962.9948,557160.1762
5711,삼호가든상가(연등),20-43 대,201257.9075,544780.1725
5712,반포입구(경보),,201490.4514,544858.2782
5713,반포IC,729-12대,201550.121,544828.6142
5714,아크로비스타아케이드,32-5대,201097.5457,544436.4542
5715,일동제약앞(연등),64-5대,203138.687,541836.3909
7541,아리랑정보도서관,110-25대,201198.5027,555582.7902
7559,AK플라자(연등)2,569-6 대,189610.2686,544464.968
5718,크레송앞(연등)2,481-16도,189122.4926,542800.7531
5719,롯데IT캐슬(연등),371-41장,189388.4587,542036.0497
5720,가산동하이힐(연등),127-21도,190139.4751,541991.1868
5721,남문시장입구(연등)2,990-35대,191319.8144,541289.8953
7561,강서소방서(연등)1,1484-5도,187661.6755,550982.7096
5723,LG전자연구소(연등),238-48대,189952.6972,541116.1399
5724,보라매공원후문,,193214.6196,543724.6304
5725,영본초교,,195477.4187,545571.0255
5726,프라임독서실,,195346.2795,545408.0229
5727,중앙대정문(경보),,196385.554,545303.2492
5728,중대부속초교(연등),162-10대,196564.7621,545190.1646
5729,도림교회앞,35-2학,190947.1893,545563.9831
5730,장안지하차도(연등),1049-12천,206605.5279,553365.2896
5731,시온기독교신학원(경보),,186549.4437,548317.0667
5732,88골프연습장(연등)1,50대,194369.5066,546559.4382
5733,88골프연습장(연등)2,8-3제,194514.8578,546672.7437
5734,63빌딩(연등)1,,194758.6803,546794.2723
5735,신목중학교앞(연등)1,,188679.4846,548612.4367
5736,영도초교(연등),752-1대,188552.5775,548478.7704
5738,애경백화점(경보),,189702.4344,544561.9297
5739,궁동저수지생태공원,252-30대,184881.0134,544597.6014
5740,신도림중학교옆(경보),,189808.2404,545696.1892
5741,신미림초교(연등),392-1대,189339.7939,545328.0826
5742,목마공원(연등)2,,190004.8773,548631.9326
5743,현대아파트109동(경보),,189245.6507,546949.8321
5744,영등포고가차도밑(경보),,191385.8197,546236.3688
7562,강서동물병원(연등),369-56대,185771.0418,548175.7682
5747,신강보도육교(경보),,185882.5429,547440.3418
5748,양천소방서입구(경보),,185280.3847,547624.047
5749,"목동10,12단지(연등)1",324-4도,187527.3146,546147.5078
5750,동문빌딩(연등),,188418.3033,546998.775
5751,휘경여중고(연등),366 대,205982.8576,553923.696
5752,현장민원실앞(경보),,185962.6305,545758.5781
5754,동일하이빌아파트,,185714.1985,545759.7301
5755,동일하이빌201동앞(경보),,185779.4819,545690.2459
5756,동일하이빌2단지3R,,185865.3699,545617.4139
5757,동일하이빌204동앞(경보),,185812.1219,545610.4251
5753,동일하이빌102동주차장입구,,185835.1425,545811.0581
5760,경창종합상가입구(경보),,186001.2004,547246.9782
5761,한신청구아파트앞(연등),,189400.2769,549154.0723
5762,목4치안센터(연등),952 대,188312.7669,547988.7223
5763,목동역(연등)1,940 대,187935.3278,547430.987
5764,당산한신아파트,,190285.9928,548926.1666
5765,서울시의사회(연등),365천,191936.5615,547439.9911
5766,방화월드메르디앙(경보),,183222.6896,552871.2667
5767,방화중앙교회(경보)1,,183393.0298,553137.2852
5768,방화중앙교회(경보)2,,183369.2218,553064.8372
5769,삼정초교앞(경보),,183322.2747,553465.2143
5770,방화1동사무소(경보),,183389.1613,552445.6486
5771,화곡푸르지오A(경보)1,,185254.0063,549165.0449
5772,화곡푸르지오A(경보)2,,185102.2931,549158.7919
5773,럭키빌라앞(경보),,187403.4168,550158.7138
5774,강서자애의원앞(경보),,187864.0847,549946.6532
7490,동교동삼거리(연등),113-104대,193440.3752,550979.4158
5776,발산초교,724-38도,185124.4065,550097.1944
5777,홍능주유소,산1-157임,203780.9852,554309.5983
5778,예다지앞(경보),,183798.8649,552760.2497
5779,교남학교(경보),,186998.6053,549849.3753
5780,신정초교(연등),453-21도,186864.6499,547942.1853
5781,기룡빌딩앞,662-8도,186228.7471,547895.8114
5782,화곡1동주민센터앞(연등),353-32대,186075.3064,547882.104
5783,목6동동호프라자앞,,189758.747,548603.69
5784,당산센트럴아이파크앞,110-22대,191567.3672,547870.9181
5786,신세계유치원(경보),,186668.739,552336.9763
5787,영등포공고(경보),,186906.3762,552160.4244
5788,보라유치원(경보),,186493.2753,551635.2848
5789,살곶이다리(경보),,204178.1708,550540.0907
5790,하왕십리풍림아파트(연등),,202097.1602,551040.05
5791,열린우리당사앞,185-2철,191293.1021,546975.6308
5792,농협공판장앞,,191273.968,546892.5375
5793,588종점앞(경보),,185806.7208,547646.1514
5794,서울출입국관리사무소(연등)1,,188538.5034,546552.0031
5795,청우주택(경보),,209160.5045,549750.9341
5796,은호대중탕(경보),,207996.7896,549379.6941
5797,덕산빌라(경보),,207974.0056,549261.1661
5242,방배현대홈타운(경보),2092 도,198570.0001,543491.6691
5243,강서도로사업소,73-11답,184980.0282,552589.7862
5244,세종대로사거리(연등)2,,197667.8084,552291.0132
5247,고양시경계,,195313.1648,562245.599
5248,유원아파트앞삼거리,324천,195739.761,546158.7187
5249,마장로가변,2545 대,201907.7588,552072.8907
5245,함지박사거리(연등),725대,199095.8495,543829.1355
5246,북한산입구,,195278.0149,562091.9799
5250,금성교회(경보),606-5전,183432.6834,551858.6598
5251,강서농산물도매,427 대,183996.16,550083.543
5252,맥파이빌딩,392-7대,186664.0922,547925.3769
7555,법종사(연등)2,533-9대,201295.9691,562003.744
5254,국제선신청사(내부),886 잡,182443.1126,551307.8761
5255,프레스센터,,197980.274,551932.8167
5256,덕수궁앞,5-8도,197983.0381,551713.5247
5257,조선호텔앞,42대,198181.0932,551606.9472
5258,타워팰리스,467-27 대,204574.6831,543148.4075
5259,방화수협앞(경보),585-3도,183247.1108,552046.9157
5260,유수지삼거리,485도,210749.4115,547508.4469
5261,구로IT타워,197-5장,190664.8684,542666.3781
5262,한일목욕탕,1-13구,192782.4183,558478.032
5263,남대문시장,110대,198092.5128,551023.2007
5264,연희IC동측,341-107도,193821.7087,551580.9375
5266,서대문우체국,309-4대,193970.2303,551409.8061
5267,연대녹지대앞,134 학,194296.9172,551175.522
7557,서교119안전센터,377-15대,192512.005,550115.0582
5269,삼환아파트,10-24제,191670.2242,547831.2137
5270,수협야채동직판장,303-4도,184198.3275,550720.7076
5272,성암삼거리,1-5대,190695.4412,553328.6555
5275,성수리버하우스,13-217도,204561.9148,550008.069
5276,북한산I-PARK,752-18 도,203762.045,562174.8172
5277,서울역사박물관,,197468.8676,552251.6093
5278,화곡7동주민센터,351-68대,186056.2262,548127.0997
5279,금호1가동주민센터,1-72 수,201893.4767,550573.5288
5280,형제패션,857-13천,204614.1481,557678.7883
5281,신한은행역삼,858-16 도,202717.0345,543556.2987
5282,한미은행양재,839-17 대,202885.8533,543118.1612
5283,복정역환승주차장,596-21도,211201.2718,541127.8844
5284,서울길음초교(경보),1357-13 도,201464.2664,557128.9923
5285,강일5단지,,215813.0248,552187.1579
5286,LG전자단말연구소,219-14도,190233.6345,541842.8546
5287,암사정수센터,3 수,212720.6934,551046.7169
5288,답십리삼거리,530-26천,204989.6028,551615.721
5289,현대월드컵아파트,358-2 도,191587.7552,552876.5987
5290,성산회관,437-89대,193419.0395,551871.2129
5291,미아서광빌딩,198-34대,202372.8419,558330.8629
5292,숭인시장,90-27 대,202655.7476,557107.0876
5297,이대부중,70 학,195002.6732,551483.3141
5298,모래내고가하부,산118-1 임,193104.5286,551898.4721
5299,신미림초교,292-233잡,189243.0362,545241.9243
5293,영도교회,산65-163임,194934.3688,544002.9513
5294,중앙하이츠아파트,637도,190083.9429,540748.8724
5295,신진자동차학원,1483 학,187376.8792,551005.2526
5296,금천구청입구(연등),107-4도,191042.9395,539739.7168
5301,수협은행압구정,610-3 대,202504.7573,547128.236
5302,상도4동새마을금고,521 대,195021.525,544328.2628
5303,경남레이크파크,33도,209307.0963,545587.2412
5304,레이크호텔,,208898.6896,545282.1736
5306,DMC래미안,144-273 대,192045.7971,552460.7146
5307,원신초교앞,,193556.2086,540769.7448
5308,낙성주유소(연등),100-569 학,196531.4446,542001.88
5309,레이크호텔(연등)1,,208984.0641,545327.7553
5310,양평역사거리,,189943.8676,547353.0578
5311,미아초교입구(연등),637-44 도,201884.1835,556846.0421
5312,길음삼성아파트,,201811.6036,556591.5032
5313,길음지구대앞,,201641.3322,556804.8788
5314,청솔아파트3거리(경보),154-12학,206428.5546,559141.1332
5315,안씨묘입구(연등)1,1000-10도,191617.5251,539867.6103
5316,조원초교,702-9천,192025.1662,542715.834
5317,신내우남아파트(경보),317 대,208729.9723,556360.4598
5318,별장슈퍼,산 33 공,209798.6922,555853.9117
5319,동원중동측,56 공,209706.878,556009.1743
5320,청소년수련관,,209588.3717,556188.7319
5322,불광NC백화점,264-36대,193667.8898,556711.5569
5323,중계브라운스톤,,205685.6993,560119.7351
5324,디지털미디어시티,,190333.9316,553186.601
5325,금란조경,산64임,201907.0014,562560.9544
5326,월드컵파크6단지,1695 도,189838.9587,553559.2475
5327,대림공원(연등),879-1대,191454.0148,543477.5315
5328,광진교북단삼거리,,209344.4729,549689.857
5329,신동아하이팰리스,,189860.1248,546921.5246
5330,벽산블루밍아파트,,195038.258,543613.5599
5331,금호초교,108대,201716.4986,550379.8114
5332,황외과삼거리,,185627.9823,548023.4301
5333,석계초교앞,375-4천,206210.1809,556570.5896
5334,석관대우아파트,,206276.0163,555894.0583
5335,우리은행중랑교지점,58-2도,206625.8344,554904.1729
5336,코스트코상봉,279-57 대,208002.8862,555349.8259
5337,라이온스톤오피스텔(연등),196-9대,193809.7479,552416.2459
5341,월드컵파크207동,1707 도,190387.0731,552943.4084
5342,센트레빌레우스,466 도,187061.6015,544234.6148
5343,숭례문정류장,150대,197696.8115,551016.9112
5339,홈플러스강서점,,187285.28,550894.2005
5340,우리금융상암센터,411-4도,190025.3428,553794.6188
5344,쌍용하이츠빌라,,208019.3264,544420.1825
5345,천주교석촌동교회,,208355.9969,544277.1418
5346,삼부그린체육센터,418-8 도,208914.375,556405.8671
5347,공항빗물펌프장,,183776.9418,550781.8691
5348,공진초등학교,494도,184369.5311,550888.5689
5349,반야정사삼거리,,184081.8314,550827.1201
5350,범일운수,220-45대,192249.7601,538975.382
5351,동부지하차도,,206247.5673,556147.4146
5352,석계철도청앞,375-9천,206206.6116,556416.7686
5353,연희IC서측,,193643.9488,551783.4395
5354,연꽃어린이집,141-5 대,190332.1676,543102.0456
5355,외환은행휘경점,179-9 공,205329.0226,554442.3517
5358,일신건영102동,591-1 도,201071.5504,555763.7214
7496,위례아이파크입구,,212512.1415,541909.3215
5360,영등포신세계주차장,7-12대,191641.8659,546280.6681
5361,여의도굿모닝증권,,193308.776,547363.2022
5362,대신빌딩,,201405.1536,555098.9764
5363,방주교회삼거리,,187260.3479,546598.2164
5364,종월교(경보),226 대,203610.5808,555108.3553
5366,중앙대후문(경보),,196033.9982,545199.1179
5367,이마트수색점,25-17대,191158.9756,553332.2022
5368,세브란스,134 학,194597.4298,551174.4291
5369,서울시교육연수원,,199794.1162,541577.2628
5370,광진교북단사거리,,209505.4027,549670.6135
5371,크레망스아파트,,191252.7757,550582.2378
5372,해성교회,159-30대,206935.4224,557276.3297
5373,망우금호아파트,산41-5 도,209677.1419,555652.6238
5374,월드컵파크5단지,1595-1 대,190097.1786,553366.4388
5375,월드컵파크407동,1605 대,190235.616,553064.3889
5376,난향삼거리,산87-14임,193326.721,540218.9605
5377,광진교남단,263-4도,210763.9448,549184.3709
5378,대우한강베네시티,360공,211063.2783,549064.7684
5379,보험연수원앞,,201659.5294,554095.9527
5380,동대문역사문화공원역,14-4도,200863.0817,551765.0256
5381,옥수역,,201542.9298,549098.9712
5382,방패교육대(연등),,194547.8728,560838.2477
5383,진관사입구,,194582.4089,560303.9113
5384,하나고,,194501.8194,560174.4038
5386,입곡삼거리(연등),,194427.7565,561288.5471
5390,신정한양주유소,,185936.1117,545850.8867
5392,한청상가앞삼거리,,189505.8559,549257.9702
5393,등서초교,655-42대,187126.9041,550341.2531
5394,아홉길사랑교회,1255대,189801.0131,544270.3536
5387,지향초교,,185613.8121,545894.7476
5389,동일하이빌아파트서측,,185543.0764,545689.2583
5395,청화병원,232-113대,194700.7433,545387.8473
5396,하늘공원입구,481-63 잡,189454.7501,552237.0806
5397,상암어린이집,41-23대,190530.4428,552731.4143
5398,유니골프클럽,,192892.9768,549537.8842
5399,당인리발전소정문,,192690.7684,549553.3909
5400,창번2교,445-22도,203050.1347,559885.8882
5401,목동1030동앞,,187323.9682,546447.3513
7502,영동중학교정문,109-4전,202190.0083,540673.1948
5404,솔샘시장,746-3 주,201623.0253,557821.9161
5405,삼각산고입구,403-167 대,201958.7313,557204.4152
5406,대창빌딩,,183779.8411,550612.2292
5407,상도래미안328동,,195876.8162,544302.7165
5408,양원역,,209535.1461,556303.8998
5409,충무아트센터,254-16학,201237.8353,551730.3815
5410,양천공영차고지,,185647.5844,545453.0156
5411,무악현대아파트,,196295.3717,552757.8924
5413,강남웨딩문화원,989-12대,191568.2511,543044.0244
5414,말미고개,,190931.6384,540555.1339
5415,홈플러스시흥점,880-47대,191266.4787,539263.4524
5416,대도연립,940-5대,191444.3106,537887.1018
7503,선암IC동측,293-1답,201881.9763,540084.0156
5418,궁동삼거리,793-17 임,184892.4855,545227.8174
5419,송파IC,,211454.367,541268.9491
5420,길원초교입구,,201318.2159,556718.3995
5421,길원초교입구(연등),,201361.5153,556743.3992
5422,길음뉴타운222동,1357 대,201557.3778,556969.265
5423,한양701동,,202920.3003,561849.9849
7535,영천교회앞,219-166도,203564.7918,557192.9009
5425,서서울생활과학고등학교,산1-1임,184883.7448,544770.8479
5426,수궁119안전센터(연등),138-3 도,184938.1507,544127.2805
5427,행복한교회,1026-32대,202176.9981,550886.7861
5429,본동초교(임시교차로),,195848.3515,545658.9328
5430,동작초교(임시교차로),,197942.8721,543689.3918
5432,타워팰리스입구,,204761.6473,543060.681
5433,청솔빌딩,379-79대,185630.4269,548459.7968
5435,와산교입구,,192397.415,554356.5745
5436,상수동사거리,309-10 도,193188.7073,549508.437
5437,상수동리버하임앞,139-1 도,193330.2229,549505.6119
5438,서울신용평가정보삼거리(연등)2,445 공,193592.8127,549579.2548
5441,금호두산위브아파트,,202022.7284,550678.8274
5442,세진테크노빌,60-35 도,189746.0463,542163.1264
5443,효제초교,,200371.1913,552658.4508
5444,정은스카이빌,942-3대,186753.1497,546999.0294
5439,문래영문초교,190대,190027.7734,546756.8605
5440,문래두산위브아파트,12 장,189968.5204,546461.8069
5445,서울예고앞,,197291.3618,556320.6351
5447,월곡두산위브아파트,222-9 도,203188.3538,556541.5349
5448,백연공원,1113-4대,186944.2571,550156.8617
5449,디지털3단지파출소,,189673.6056,541904.2827
5450,우신향병원,,202734.6447,553860.8236
5451,누죤,217-120천,201096.2211,551918.6285
5452,상암동가스충전소,,189280.2431,553555.0458
5453,월드빌아파트,352-3도,192259.7821,554131.0466
5454,광나루지하차도,250-7제,210777.7762,549621.4032
5455,정릉대림아파트,,200779.4021,557317.4343
5456,현대홈타운삼거리,198-32 도,187730.867,543454.1194
5457,롯데캐슬헤론,1323제,198716.4954,544125.8801
5458,신용산지하차도,,197111.9004,547849.3771
5459,중랑천로굴다리,58-6도,206401.7655,554967.9888
5460,주공326단지,,205008.1092,561202.8235
5461,세브란스응급실,,194901.1413,551386.0456
5462,녹지대,22잡,198835.365,546735.2023
7564,관악영어마을(연등),738-181천,196359.8685,541467.5257
5464,우리유앤미아파트,493-1대,189615.5674,544120.3742
5465,영중초교,29-1도,191499.6004,547053.9275
5466,신당현대아파트,85-241대,202104.2962,551238.2169
5467,스타밸리,,189871.369,542424.6544
5468,문래금호어울림,,191015.1634,546582.4076
5469,목동1333동앞,320-2도,188252.8775,546100.8003
5470,국립과학수사,,184727.7932,547154.3071
5472,강서메디컬약국,산73-8 도,186193.9896,549233.3056
5473,보성운수종점,697-24대,192850.9485,540532.1066
5474,난향초교입구,687-2 대,192831.2281,540404.0182
5475,금호베스트빌아파트,,202144.5396,551392.4891
5476,삼우카센타,,215110.032,551104.8073
5477,관악산주공아파트2단지앞,,192860.8968,540131.9061
5478,관악휴먼시아아파트1단지,,193102.9624,540189.289
5479,용산역,40-999철,196997.0994,547532.3939
5480,삼성129동앞,44대,208435.7717,545266.387
5482,애오개역(연등),251-46도,196220.3306,550562.6262
5483,잠실119안전센터,44대,208323.0961,545287.3534
5484,구로롯데캐슬111동앞,,189840.5708,544842.905
5485,구로롯데캐슬111동앞(연등),,189889.6331,544872.7021
5490,길음뉴타운1단지,,201951.428,556241.7135
5491,크레송앞,481-2 장,189182.4195,542617.3234
5492,강남자동차매매시장입구,,210648.0605,541147.352
5493,청파동입구,14-94도,197509.1826,550004.8272
5486,데이콤빌딩,40-429대,196722.5585,547167.3998
5487,KT한강로빌딩,417 대,197365.4192,548013.2056
5488,일진빌딩,560 대,195318.3507,548992.4483
5489,길음뉴타운6단지,875-1구,201907.6568,556377.3939
5494,제일빌딩,252-5대,195831.2263,549419.836
5495,숙대입구역7번출구,34-14대,197568.2405,549316.2695
5496,삼성아파트앞(연등),,198021.202,556803.7021
5497,신관상사,532-1 도,204829.8226,551915.2761
5499,송중초교(연등),,202784.7259,557434.6066
5500,미아롯데주차장입구,,202719.7129,557303.0562
5501,미아롯데주차장출구(경보),94-1학,202733.997,557185.1389
5502,501동삼거리,,208017.1814,546401.1961
5503,도림교회앞,35-2학,190995.2878,545634.3824
5504,서울숲입구,656-1043대,203924.7036,549432.2033
5505,수양부모협회입구,,200185.9004,555545.1183
5506,문래자이아파트,55-16 대,191074.388,546234.1029
5507,가산동한국훼스토,470-7도,189398.2584,542695.163
5508,도봉파크빌3단지,,204359.2426,565340.451
5509,개봉초교앞,,187273.5179,543402.8045
5510,구로세관앞,60-49장,189861.2823,541386.0409
5511,웨이브모텔,402-125대,200935.6617,556394.5602
5513,KT도봉지점(연등)2,683-15학,203303.9867,560741.0354
5514,KT도봉지점(연등)1,,188667.5337,565781.6441
5515,동일로주유소,681대,206947.9152,552057.3815
5516,신내데시앙정문,60-3철,208932.9995,556809.7502
5517,신도림미래사랑시티,,189956.8317,545505.9246
5519,연희중앙교회,200-132 임,193881.7058,552306.815
5520,코끼리약국,,207773.2399,545415.4142
5522,천호초교,475-33대,211993.1858,549885.0634
5523,도림쌍용아파트사거리,,190828.4136,545472.9744
7567,기룡빌딩앞(연등),340-45대,186339.3681,547900.6705
5525,서울놀이마당앞(연등)2,40-1대,208613.6749,545447.329
5526,방통대앞,,200193.3157,553233.0948
5527,갈현노인복지관입구,6-1대,192690.7479,558374.4211
7568,길동119안전센터,324-6대,212764.2144,549042.5384
7580,방죽마을사거리(연등)1,236답,209436.0808,541349.5935
5530,마곡역,,184704.2689,551147.8686
5531,내곡중학교,,179499.787,560944.9694
5532,도곡역(연등)2,670 대,204934.1893,543353.6011
5534,대왕중교(연등),,207885.7786,542736.2892
5535,CBS앞(연등)1,,188868.3623,547509.6972
5536,목동하이페리온1(연등),,189022.5335,547383.8319
5533,중화역(연등),,206984.4507,556004.9942
5537,목동주차장(연등)2,,189040.6545,547488.024
5538,고은초교(연등)1,315-41대,194967.4443,553856.1008
5539,고은초교(연등)2,161-1 도,195031.6767,553876.4964
5540,상사마을(연등),426-3 구,182193.6877,553634.4408
5541,수협야채동직판장(연등),,184264.5911,550788.5499
5542,청원파크빌,2-17도,205534.8504,551997.0478
5543,동자초교(연등)2,520-1도,206482.9033,548269.4674
5545,북서울농협삼양,56-145대,201584.0695,558864.4467
5548,당현초교(연등),747도,205357.707,561005.498
5549,신수동서강빌딩(연등),1-1학,194558.4778,550045.549
5551,공단우체국(연등)2,1103-11천,191118.9801,542652.7247
5553,쌍문초교후문,281-33대,202178.0685,560919.231
5554,연희IC(연등)2,131-1대,193720.5182,551636.4844
5555,방화5단지(연등),,183444.0858,553074.9492
5556,신도림우성아파트(연등)2,,189784.9741,545721.6825
5557,연신초교삼거리(연등)2,,193742.4542,558560.7632
5558,신림2교(연등),,194396.6746,541925.2202
5559,SK씨티아파트(연등),,201477.1259,557832.0011
5560,관악산주공아파트2단지앞(연등),,192838.6775,540215.7195
5561,창원초교(연등)2,262-21대,203872.7732,561306.6415
5562,녹번초교(연등),141-62대,193309.5302,556138.5655
5563,쌍한교(연등)2,729 대,202558.7405,560540.6455
5564,인왕아파트(연등),,195427.285,553940.581
5565,거리공원오거리(연등),,190616.3996,544274.8827
5566,청량리민자역사앞,,204133.9696,553538.412
5568,구암지구대(연등)1,1718 대,195067.9833,543034.7335
5569,대우한강베네시티(연등),362-3 대,211157.2859,549032.3214
5570,대림우성아파트(연등),551-8도,192173.1141,544000.5266
5571,기상청입구(연등),4143 대,192605.5864,544171.8168
5572,유니골프클럽(연등),,193068.7274,549519.9896
5573,번동파출소,311-23도,204222.9393,558176.2852
5574,월곡3동삼성래미안(연등)2,,203168.1333,556633.161
5575,롯데캐슬헤론(연등),1128도,198693.8587,544233.8503
5576,성북초교후문,2-12대,199929.6517,554958.3773
5577,응암푸르지오,,193403.2097,555409.211
5578,훼미리약국(연등),253-129학,186621.1049,544781.0199
5579,광진교남단(연등),333-9대,210871.0864,549141.917
5580,신내진로아파트(연등)2,718-1 잡,208279.1049,557318.449
5581,서강한진해모로아파트(연등),444 대,193687.2515,549570.4138
5582,홍은IC진입로(연등),,195409.6724,554938.4189
5585,방패교육대,329-7전,194488.2993,560921.9708
5586,마포자이아파트(연등),139-48대,195188.3657,549443.935
5587,가산동한국훼스토(연등),,189454.4322,542543.1127
7499,포이초교,656 대,204685.9014,541771.0491
5584,대원주유소(연등),,187306.8193,542960.1242
5588,세종대로사거리(연등)1,,197850.0102,552286.3078
5589,서울경찰청,,197589.6007,552725.005
5591,삼성아파트앞,,198090.7887,556838.8949
5592,신도림미래사랑시티(연등),,190008.7477,545555.9303
5593,신당초교후문(연등),230-3대,202148.4899,551619.6256
5594,국립극장앞(연등)1,,200092.5204,550230.4507
5595,국립극장앞(연등)2,,200148.8356,550285.2765
5596,퇴계로4가(연등),,199862.5363,551497.0198
5597,신용산초교(연등)1,,197747.9133,546693.8976
5598,신용산아파트(연등)2,,197233.7467,546871.0058
5599,신용산아파트,,197315.1681,546857.2913
5600,철도정비창(연등)2,,196191.1483,548117.3118
5601,법원후문(연등),,201149.8132,544141.8484
5602,송파경찰서(연등)2,,211425.6672,544652.5654
5603,둔촌동역(연등),,211951.8818,547752.4855
5604,문정1동주민센터(연등)2,134-19도,211070.1134,543505.2831
5605,천호삼성아파트(연등),,212034.2542,548847.7927
5606,양천빌딩,,185702.8111,546373.0871
5607,백련산파크자이101동,220-4대,193048.2378,554872.8499
5608,대방대림아파트(연등),,193392.3935,545484.8647
5609,구로디지털단지역(연등),1119도,191315.1368,542816.48
5610,양남사거리(연등),15-1 대,190080.2984,547019.2908
5611,거리공원입구,646 대,189875.1662,545293.926
6664,서대문소방서(경보),,194234.4642,552461.8919
6665,장원고시원(경보),20-5 도,196804.5738,551659.4831
6669,신연중(연등),,194622.7492,553818.1273
6679,동부센트레빌아파트입구1(경보),,196780.038,551934.1159
6684,서울여자간호대입구(연등),,195475.9599,555107.4854
6698,증미역(연등)2,,187910.7677,550706.579
6701,목동아파트304동앞(경보),,188903.0878,548504.1123
6702,목동아파트3단지입구,758-3학,188493.2599,548291.7226
6705,화곡고등학교,710-43대,185203.8394,549894.9974
6707,영일어린이공원,,191560.7224,545625.5677
6714,삼성동센트럴아이파크(연등)1,53-2 대,204576.7314,546277.258
6717,잠실파크리오107동(연등),17-1 학,209237.7775,546720.6398
6725,남부고용노동지청앞(연등)1,,190137.3698,547316.208
6731,천왕연지타운1단지(연등),,185820.6251,543176.7047
6732,번영기업,,186132.5677,542587.3305
6739,양천구청(연등),320-2도,188274.546,546377.0583
6742,목동아파트1407동앞(경보),296-42도,188635.5245,546349.465
6743,신강초교(경보2),,186037.8496,547356.8454
6737,길훈아파트앞(경보),,185114.4866,547166.245
6744,지향초교입구(경보),,185719.8134,545906.265
6746,정목초교진입로(경보),,188437.5773,548582.3126
6748,목동부영그린타운(연등)2,,189458.2136,548474.11
6750,방송회관(연등),,188599.0367,547465.3873
6752,오류1철도건널목(경보),,185458.4018,543279.6282
6764,반포IC하단,731-22대,201702.0748,544816.7362
6767,코엑스서문(연등),159 대,205124.03,545669.6807
6770,오목교위(경보),,189227.3499,547195.3363
6771,목1219동,327-3도,187926.8739,545969.0123
6775,광문고교(연등),,213854.9505,551135.5764
6780,양천도서관(연등)1,903-6도,188996.2724,548195.2349
6667,경기대학교후문(경보),,196600.3689,551609.0543
6668,경기학원(경보),261 대,196651.2402,551504.3123
6672,홍은중앙로8길(경보),11-542대,195381.7536,555507.4432
6675,남양아파트앞(경보),산11-1임,194553.8305,554416.1719
6689,공항시장(연등),598-66대,183323.9054,551666.1607
6711,잠실3사거리(연등),,208158.3082,545903.6179
6716,코스트코(연등),,203141.8477,540424.144
6718,초이주유소,188공,214760.7271,549441.7941
6724,둔치주차장(연등)1,,192267.8901,548284.5445
6757,구로1교(연등),,190931.6463,543100.9996
6772,계남초교(연등),,187624.7294,545821.7958
6779,탑성마을(연등),,204804.709,540039.6589
6781,북가좌삼거리(연등),,191803.8099,552881.6659
6674,홍은교(경보),285-23대,195375.4416,554949.4145
6697,문래LG아파트정문(연등),,190989.9844,546390.6366
6712,복정역(연등),626-2답,211292.0977,541266.4196
6721,숯내교동측(연등),387-1전,210297.6001,542211.3002
6722,한남대교남단(연등)1,414 대,201690.1331,546996.508
6723,도림고가밑(연등),34-1도,191091.2188,545757.6499
6730,천왕연지타운1단지,,185816.4858,543129.5528
6733,하늘숲유치원앞,,186065.159,542755.8602
6765,영동중학교,,202255.8076,540614.0469
6784,짜장궁,228-44도,202555.6511,557442.8264
6687,양천도서관(연등)2,,189114.872,548263.863
6690,방화2단지(연등)1,123잡,184142.7111,552725.7865
6691,계남공원(연등),,187533.7175,545655.2551
6692,감일동,,213086.4827,545049.588
6693,삼성129동앞,,208484.4533,545263.1175
6699,등원초교후문,709-11도,186788.5586,551211.8383
6738,양평교하부,501천,189828.901,548826.1763
6741,신월감나무식당앞(경보),,185504.6857,547618.8878
6745,신서초교정문(연등)2,,187895.9671,546788.7488
6703,"신정역2,3번출구",1057도,187419.8393,547314.2808
6728,문래동현대3차아파트(경보),,189756.9078,546364.8523
6753,항리3철도건널목(경보),,184010.0711,541961.4507
6769,목동운동장북문(경보),,189567.0892,548045.9899
6773,강동구청(연등)1,,210769.089,547887.874
6783,솔샘시장(연등),752-4대,201706.5909,557808.1185
6660,북아현로14길,1-320대,196065.561,551453.2255
6661,경남아파트101동,1-63대,196106.6145,551298.8289
6662,e편한세상신촌401동(연등)1,3-217대,196166.4842,551091.5046
6671,인왕산힐스테이트(경보),산1-1임,195600.1161,554077.7082
6676,홍은교회(경보),455대,195127.3318,554909.9469
6677,이화여대입구1(경보),,195208.0292,550949.629
6678,동부센트레빌아파트입구2(경보),192-1도,196655.1395,551904.361
6681,독립문교차로1(경보),,196485.9049,552562.9895
6682,안산초교앞(경보),산1-1임,195815.0816,553333.675
6683,안산초교2(경보),산1-1임,195827.3795,553361.6302
6686,DMC두산위브아파트(연등),742-8대,192511.6938,553481.5083
6694,경인고속입구(경보)1,,190418.2977,547846.4136
6715,삼성동센트럴아이파크(연등),111-44 도,204560.2185,546312.8861
6704,월촌중(연등),929대,189498.806,548678.2924
6709,신서초교후문,1011-1대,187745.333,546772.9115
6719,대림역(연등),,190729.2205,543603.1244
6720,KEB하나은행방배동(연등),141-46대,199595.9816,542838.7191
6727,우장산휴먼빌아파트,산60-1공,186155.6703,549786.2773
6729,GS홈쇼핑(경보),,190323.4259,546833.0099
6735,구로디지털단지입구(연등),,191179.4749,542621.8245
6747,강서초교(연등)2,,186224.0126,547012.2797
5915,관악봉성교회,1717-11 도,196377.9516,542989.3513
6754,신트리공원(경보),,187292.3247,545974.3383
6755,목동로데오(경보),,187689.6017,547687.2516
6758,사당구립도서관앞,산32-61임,197097.869,542749.6532
6768,한남대교남단동측,386 천,201485.4108,547118.5982
6776,덕수펠리체빌라(경보),,185261.8757,548776.278
6778,광진교,263-1도,210637.7866,549236.5619
6782,새일호자동차공업사,231-1장,205271.6181,548427.2356
6663,이화여대입구(경보),16-6철,195215.4079,550870.4426
6666,경기대학교정문(경보),27-1대,196711.4698,551686.8009
6670,홍제2동주민센터(경보),산10-9임,195531.4879,554040.8146
6673,홍전교(경보),,195303.349,555109.5663
6700,서정초교삼거리,,188381.2095,547173.0914
6710,양천구청역(연등)3,328-4도,188299.5898,545991.2685
6713,은평어울림1019동앞,,192523.4142,560550.9628
6680,독립문교차로2(경보),,196485.455,552475.0746
6685,홍전교2(경보),11-419대,195274.6739,555176.9347
6688,신서초교정문(연등)1,,187836.9972,546830.3816
6695,청운벽산빌리지,,197326.3884,554597.8769
6726,문래현대6차아파트앞,43-1도,189796.0979,546590.7847
6734,대정주류유통기업앞(경보),,186501.0815,542549.3664
6736,신정두산위브101동앞,1049 대,186273.925,546665.575
6762,잠수교남단(연등),,199791.4748,545868.599
6774,강동구청(연등)2,,210966.335,547772.8138
7095,보석빌딩(연등),180-24전,203986.6279,542748.7121
7245,하늬중학교(연등),953답,184130.0197,551097.9447
7246,무지개아파트(연등)1,1336대,202430.5538,543206.542
7249,수서6단지605동,85-4 천,209364.1645,543000.4475
7250,수서6단지605동(연등),247-8 도,209298.652,543006.2815
7254,재활용알뜰장(연등),162학,212202.0211,543887.5449
7260,강남한양수자인426동앞,173-1구,210004.2881,541591.1381
7729,녹천교동측(연등),767-1대,205149.7847,560635.0899
7738,세검정(연등),179-1종,196256.225,555565.6491
6847,쌍문1동마을마당,524-101도,201413.4167,561669.5719
7886,마곡레포츠센터,76-1 답,185212.1423,552522.3203
7897,송파푸르지오시티(경보),320-1답,210738.5617,542326.5029
7646,홍은사거리(경보),444-1대,194786.8604,554663.11
7664,삼성아파트(경보),146-9대,212356.8695,544084.176
7669,엘스아파트141동 앞(경보),1-2천,207338.7105,546308.6701
7670,오벨리스크(경보),341-2구,210609.4639,542264.1136
7671,올림픽공원R(경보),88-2 대,211369.1357,545833.2425
7677,장지교(경보),842 대,211307.3013,541898.3359
7684,강일지구11단지(경보),,215870.7386,551485.8055
7691,초이동(경보),198전,214325.0033,549205.7216
7701,성내2치안센터(경보),57-12대,211003.4199,548401.2169
7703,성내중학교(경보),502-11대,211538.7378,547755.1806
7040,대륭테크노17차(연등)1,336-22대,189978.3016,541051.2198
6796,신내우디안220동,230-8 과,209918.0567,557396.3334
7757,조선호텔앞(연등),63대,198209.1684,551571.0733
6807,고척교서단,60-10임,188404.9298,544460.5025
6790,은광교회,산28-6 공,203799.552,557601.8412
6837,양천구청옆(경보),314대,188226.9854,546458.5168
6840,양화교밑(연등),10-8천,189334.0274,549716.4906
7594,상원중(연등)2,995대,205162.5662,563477.5882
7034,에쓰오일(연등),893-1 공,191448.941,538970.1929
7042,온곡초교(연등)1,산145-10임,205882.851,563097.368
1265,충무교(연등),94-175대,194384.1515,541759.3155
7024,푸르지오시티(연등)2,산12-1임,209240.2783,541730.5616
7027,강동도서관(연등)1,95-3도,212929.4335,548775.2432
7595,다산교(청계7가)(연등)1？,,187852.8167,561533.6209
7596,금남시장(연등)1,759-1 도,201944.7312,549856.7989
7598,광운대입구(연등),466 학,204998.2264,557486.0058
7630,무교동사거리(연등),188 대,198171.088,552193.3106
7640,505동앞,,208095.709,546120.745
7759,창전삼거리(연등)2,56-92대,194079.6552,550165.5152
7768,난향새마을금고앞,655-29대,192916.7778,540699.2079
7769,레이크빌빌딩,30-6대,209334.837,545291.6426
7644,홍은교회1(경보),455대,195130.0313,554881.8118
6829,디지털미디어시티(연등),1049철,190430.4381,553313.1717
6833,신정네거리역(연등)2,967-18대,186995.5773,546759.2451
6855,월계꿈의숲SK뷰(경보),산117-1임,204636.9329,558059.613
6994,서울대교수아파트(연등)2,738-52천,196263.4913,540816.4258
7005,박미삼거리(연등)2,897-3대,191491.1775,538813.6236
7008,국민은행남성(연등)1,169-8대,197426.8242,542814.7926
7010,세종마을음식문화거리(경보),63-1대,197286.4784,553062.9022
7022,자곡래미안(연등),산39-3임,208370.4055,541410.3742
7032,조원아파트사거리(연등),696-50대,191907.9314,542701.6652
7046,용강동(연등),660대,194937.247,549158.8378
7050,굴다리입구(연등),134 학,194734.2925,551158.9011
7052,반포힐스테이트(연등),18-1 대,199699.0963,544508.2262
7064,서울놀이마당앞(연등)1,27대,208541.1061,545624.1598
7071,당산한양아파트(연등),10-21도,191384.7914,547321.1009
7082,마포푸르지오212동앞(연등),790 도,195914.5313,550491.8009
7087,삼성본관,5-5도,197909.0856,551439.3019
7098,미사강변5단지,,215842.1723,552049.7422
7100,마곡유치원,734-7 도,183945.51,552185.5288
7102,구로자원순환센터,산23-2임,184701.0172,542665.9882
7107,묘곡초교(연등)1,629-7대,213469.5168,551047.7909
7108,묘곡초교(연등)2,565임,213377.7926,551201.7844
7110,공진중(연등)1,1469-3도,186733.3615,551821.5246
7111,마곡2단지,876 대,184169.0924,552152.782
7115,구반포치안센터,2-1 대,199517.7644,544976.455
7116,두무개삼거리(연등)1,139 도,200595.4452,547876.6353
7117,두무개삼거리(연등)2,139 도,200649.316,547862.1178
7139,기아대교앞(연등),954-32대,191431.9096,537653.8806
7140,상도래미안328동(연등),431 대,195854.9897,544270.5302
7142,강동도서관(연등)2,102도,212883.9725,548586.9431
1266,신림2교,808-133천,194461.8121,541962.2943
1267,신본교,산164-2 임,194249.7859,542011.6564
1268,신림1교(연등),,184187.6696,556450.9346
1269,신림1교,87-22대,193994.8692,542158.3087
1270,신림교입구(연등),1642-9도,193821.2708,542384.166
1271,신림교입구,1642-9도,193797.6463,542554.3649
1272,가야쇼핑,970-1대,193751.5848,542982.2856
1273,가야쇼핑(연등),692-8학,193701.6059,543126.2459
1274,관악노인복지관,342-57도,193527.6954,543675.151
1275,동산교회,1641-24대,193762.4249,542184.4316
1276,신림초교,1642-8도,193638.577,542218.3103
7121,을지로4가(연등)4,189-8대,199779.2482,551896.9316
7122,경인빌딩,943-5도,187639.0988,548063.9249
7124,레이크호텔(연등)2,32공,209079.9896,545384.1879
7131,봉천동아아파트(연등),126-20대,195960.5715,543427.4222
7135,대창빌딩(연등),1195-2 유,183789.2922,550504.5918
7145,신월보람아파트(연등),359-121 도,185559.4151,547842.2612
7149,마천금호어울림1차(연등),204 천,213626.4123,544154.1446
7150,천일중(연등),288-6대,211262.1779,549534.4725
7152,수궁동성당(연등)1,182-10 대,184993.225,544011.0805
7155,마곡중학교(연등),890 대,184254.0378,551977.4921
7156,송파성광중앙교회,190도,208559.8416,544518.3401
7161,독산한신아파트(연등),1089학,190030.5826,539693.1904
7165,스타밸리(연등),121-50도,189915.3068,542345.2459
7166,크레송앞(연등)1,481-16도,189157.5284,542692.4867
7178,샘터근린공원(연등),99-2천,214021.8005,551509.4771
7616,성복교회(연등)2,727-24천,206785.9844,552469.3513
6804,황외과삼거리(연등),662-20도,185569.1325,548140.7099
6858,생태공원삼거리,584도,210841.9764,547428.6605
1277,신림초교(연등),1642-7천,193581.1419,542205.2557
1278,신림교,1642-14도,193695.1699,542468.8137
1279,남도전기,1021대,195920.4497,542958.9609
1280,행복한감리교회,1712 대,195730.6442,542995.5508
1281,국민은행관악,1712 대,195474.4039,543029.3513
1282,현대시장,502-1도,195307.2119,543053.618
1283,구암지구대(연등)2,491-5 학,195190.4308,543061.2766
1284,구암지구대,1718-11 도,195126.0045,543050.672
1285,봉천119안전센터,982-3도,194755.2383,542965.2883
7181,제이타워웨딩(연등)1,533도,192127.578,542422.522
7186,올림픽공원북2문(연등)2,434-36대,211418.9984,547248.8846
7188,강동경찰서앞(연등)2,520-11대,211229.7947,547625.0255
7189,나이아가라호텔(연등)1,163-5대,189321.6686,549936.7408
7195,개봉역앞(연등)1,178-13대,187448.6765,543795.9612
7198,목양침례교회(연등),342-3답,205234.9438,539345.9795
7587,양천구청역(연등)4,327-2도,188133.6452,545920.2726
7600,당고개입구오거리(연등),95-377천,206655.3868,562571.9888
7601,청계8가(연등)1,96-11도,202066.8964,552434.2479
7604,종로4가(연등)3,18-3도,199740.6898,552350.0037
7605,광교(연등),64대,198475.3107,552129.3016
7009,조원초교(연등),702-9천,192060.0952,542730.6627
7211,거리공원입구오거리(연등)3,641-2제,190575.077,544750.6013
7212,한미은행양재(연등),958-20 도,202910.9512,543042.474
7214,신동초교정문(연등),52대,201134.5218,546257.184
7020,자곡사거리(연등),340답,209312.1459,541760.7964
7025,역삼세무서(연등)2,726-10 대,203372.0187,544006.3657
7036,구로세관앞(연등),60-25 장,189816.1701,541509.0798
7059,서울의숲입구(연등)2,668-47대,203783.8028,549375.9835
7061,은평롯데몰(연등),64-8답,192893.32,559947.4404
7089,예성유토피아앞,1081-11잡,191104.874,542955.7889
7295,신한은행방학(연등),726-83 도,203188.3622,562567.0518
7296,안암오거리(연등)4,102-31도,202525.5625,553609.8956
7297,연가교(연등),206-12 도,192986.0565,552599.6863
7299,염광여상(연등),556대,204651.3904,558515.3546
7312,청계문화회관(연등),792 대,203164.7619,552473.9405
7324,옥수파크힐스111동앞,309-61 공,201124.2149,549903.1335
7405,금호고교,128-1대,202003.2755,550417.9986
7409,구파발역(연등),62-7전,192833.0341,559751.3913
7417,청계산SH710동앞(연등),347-1 전,204969.3245,538742.7083
7420,항동지구,81-1 공,184295.3349,542276.8843
7453,H비즈니스파크,150대,210256.3128,542804.9448
7459,공항고등학교,863-1대,184042.9135,552310.6598
7460,신림고,1707공,192730.8267,542071.9966
7464,신도림우성아파트(연등)3,12-1도,189917.2002,545937.2403
7725,광진우체국(연등),209-50대,208013.9056,548733.8822
7727,길음역(연등)1,997대,202197.5783,556119.6013
7731,도봉세무서(연등),228-44도,202565.9168,557710.9802
7735,성신여대입구역(연등)2,213-1대,201468.1957,554719.4291
7736,숭인시장(연등),860-128 도,202654.8477,557071.9936
7739,안암오거리(연등)1,1-10도,202609.3118,553726.255
7745,이문우체국(연등),256-231대,205470.332,555584.0153
7747,후암삼거리(연등),205-4공,197926.8138,550384.2319
7751,내곡중학교,456-1전,204788.4781,539153.5326
7752,압구정현대1차아파트(경보),372천,202396.2941,548073.8289
6803,백경한의원(연등),967-6대,185389.1803,546793.9416
6805,방화3동성당(연등)2,85잡,184099.4135,552943.4047
6826,청암고교(연등),370도,206491.4875,561424.3028
7084,아크로리버파크입구,115-2제,199446.6767,545099.4638
7128,문창초교(연등),632-57대,192287.3005,543126.2252
7138,여의도광장(연등),2 공,193488.6594,547446.9855
7147,마천청소년센터(연등),211-83 천,213807.8211,543724.5585
7151,천호중(연등),18-18대,212236.0015,549594.6965
7162,말미사거리(연등),1013-8대,191030.8017,540791.6145
1465,남부사업소,693-1대,191034.6186,543844.4067
1466,대림119안전센터(연등)2,417-1도,191473.9736,544199.3543
1467,대림119안전센터,420-138대,191512.5732,544255.3922
1468,신도림고가차도(연등),231-1 대,190894.5483,545037.7963
1469,대림성원아파트(연등),257-1천,190848.9952,544815.0264
1470,MG새마을금고앞,604-41대,190894.8523,544681.2368
4148,한신초교,83-2도,202746.9011,561260.6981
7176,현대시장입구(연등)3,888-15대,195254.0019,542537.6628
7179,여의나루역(연등),3도,193953.4313,547421.9342
7187,장지동주민센터앞(연등),2-5철,211725.0807,543099.9085
7190,나이아가라호텔(연등)2,163-7제,189225.3243,549945.4749
7192,지식산업센터,371-17장,189504.9549,541707.6381
7202,영등포소방서(연등)1,7-1도,191464.8139,546534.4656
7204,구로세무서(연등),442 대,191366.2809,546166.7158
7209,대림1동새마을금고(연등)1,906-35도,191587.3278,543826.9422
7216,롯데캐슬갤럭시1차아파트(연등)2,406 대,201493.0989,546851.1005
7217,방원중학교(연등),816대,183184.8446,552985.6955
7218,개화육갑문(연등),3-3천,184082.8863,553922.5806
7219,반원초교(연등),71-10학,200376.7097,545485.6042
7221,둔치주차장(연등)2,81-6천,192412.9601,548271.598
7225,관악소방서(연등)3,1605-40대,195833.8283,541681.5445
7231,언남초교앞(연등),335답,205271.8674,539528.948
7232,서초더샵1단지앞(연등)1,산29-1임,205591.4924,539447.722
7234,중화지구대,352-2천,206357.0807,555399.0577
7242,드림요양병원,40-9대,210792.6462,544115.4344
7252,수서6단지607동(연등),713-3 도,209181.4022,543010.5708
7265,청계산역,271-1답,204851.366,538752.6066
7281,남산도서관(연등),산1-16임,198414.1456,550299.3278
1655,신상도초교,208-4도,195045.1784,544396.8257
4948,미소로프라자(연등),0-1 가,191484.5588,547605.6699
4949,사근파출소(경보),16-40도,203691.6788,551177.7682
4950,남성아파트앞,56-16도,190453.6429,545977.0566
4951,감사원(경보),25-32 임,198542.2821,554219.1282
4952,갈현초교,533-2도,192533.2161,557728.1164
4953,당서초교정문(연등),9-9 대,190990.6799,548012.6094
4954,송화초교,272-23대,183800.2853,552184.3515
4957,동향마을,1372 잡,182443.2794,549997.7297
4959,성균관대정문(경보),65-1도,199754.8459,553929.8951
4960,명륜파출소(경보),14-1도,199706.467,554245.6063
4961,명륜제일교회(경보),5-113도,199847.5046,554463.7003
4962,경신고교앞(경보),5-106도,199950.3221,554602.7928
4963,우리마트앞(경보),16-23도,199998.7951,554180.5114
4964,e편한세상효제(연등),255-17도,200288.0675,552652.2242
4965,충신시장(경보),208-1 도,200524.7786,552664.3933
4966,동망봉터널위,5-27도,201329.1958,553454.416
4967,청룡사앞(경보),23-1도,201528.3813,553413.0189
7259,래미안포레301동앞,77답,209793.0644,541559.7635
4986,공항중,217-214임,183787.993,551492.6274
4987,제1청사,61-282 잡,182910.9211,551017.2864
4988,유료주차장,886 잡,182737.2148,551297.213
4989,공항고등학교,886 잡,182662.7273,551117.5945
4990,지하차도위,886 잡,182774.653,551403.1828
4991,화물터미널앞,796도,183705.1604,550110.5815
4992,반포3동주민센터(연등)2,78도,200578.3043,545981.6853
4993,올림픽진입램프,1329도,199054.1135,545160.9198
4994,서초아르누보호텔(연등),1738-4도,201559.0895,543940.1046
4995,염강초교(연등)1,1484-5도,187773.2171,551265.9392
4997,당산초교,119-4천,190726.1816,548876.3427
4998,선암IC(연등)2,242전,201809.1001,540152.7675
4999,일원우체국,4-44잡,207775.1092,543569.0222
3342,용두4교,47-12천,203096.922,552723.9775
4229,우이2교(연등),819-1 도,202968.6291,560123.7017
3791,창일초교,370 도,204266.4998,560848.6922
859,힐튼호텔,447도,197935.8651,550630.0019
7282,대경상고(연등),36-235임,201760.8422,550733.6643
7285,동원중교(연등)1,256-3 전,209429.1445,556121.7112
7289,상계주공5단지,720대,205660.9661,561387.86
7294,수유3동우체국(연등),142-17도,202663.1714,560293.7006
7300,용산역앞(연등),40-999철,196849.4873,547504.9261
7306,응암초교(연등),397-296 도,192855.5977,554345.4797
7307,이조빌라(연등)2,446-282대,192950.3758,551653.6622
7314,팔복기사식당(연등),124-380대,192785.8072,552147.8272
7394,북성초교앞(연등)2,176-193대,195992.6004,551011.7858
7395,아현중앙교회,173-51대,195752.2555,550910.9957
7396,아현중앙교회(연등),175철,195750.4558,550962.4668
7315,한양대앞(연등)1,309-129대,203710.9173,550889.8418
7320,홍파복지원(연등),1264대,204884.1279,564454.5178
7349,금호래미안아파트앞(경보),617-11구,202103.5557,550299.9239
7352,파크랜드앞(경보),109-73대,207806.1238,553785.6991
7354,고척119안전센터,산5-1 공,187177.5223,545044.7101
7359,방이119안전센터,,212101.6434,546738.8205
7376,상봉한신아파트(경보),158-53대,207345.5681,555231.5947
7382,미아롯데캐슬,산25-1묘,203088.38,557471.9242
7608,홍제역(연등),260-43대,195111.3239,554316.9246
7612,이태원입구(연등),193-32대,199017.323,548297.6129
7615,신석초교(연등),44-1대,194556.5075,549386.0693
7085,아크로리버파크105동앞,115-5천,199365.7281,545256.1662
7091,노원자동차검사소(연등),256-5대,206513.7924,559830.3162
7013,돈암초교,609-1 대,201115.9344,554780.6635
7586,신정역(연등),1056도,187137.9478,547268.9286
7590,방화2단지(연등)2,139 잡,184136.0888,552856.8452
7383,중곡역(연등),606-1도,207532.4884,552015.8124
7387,롯데마트서울역(연등),128-104대,197155.2003,550599.9811
7392,북성초교앞,176-68도,195897.0706,551063.0095
7393,북성초교앞(연등)1,176-95대,195845.8563,551033.1384
7428,관악성모의원(연등)1,979-7도,194881.9384,542215.2914
7819,전기공제회관(연등),279 도,201790.6046,546038.1673
7821,제2롯데월드(연등)2,11-9대,209181.2597,546096.1623
7330,쌍한교(연등)3,388-33대,202615.3526,560499.1907
7452,서울과학전시관,244-1도,196319.1336,541343.0133
7483,양화대교북단램프3,407도,191876.628,549714.9458
7485,외환은행정릉(연등),976-4 대,200725.1092,556954.1758
7487,현대마트,250-23대,206835.3446,555976.374
7489,양계농협장위,300-5대,204125.5959,557643.474
7493,수서IC,508유,208787.0225,543737.5294
7498,더하우스소호,14-24대,192815.5227,547451.466
7505,마포대교북단램프1(연등),58대,194946.851,548694.9939
7518,강남데시앙포레113동,749 공,208152.0768,542437.5362
7527,아이파크101동앞,420임,212528.8374,542012.1438
7530,한국후지필름,1-29 대,189363.324,542801.8723
7552,서울창포원,,204356.1831,565543.3361
7558,쌍용자동차서비스(연등),1263대,189607.7491,544546.6739
7560,강남운전면허시험장(연등),186-5천,205987.0793,545411.8413
7565,시몬스논현,279-37 도,202558.4518,546492.3191
7566,국제기술학교(연등),279-37 도,202648.4363,546252.1205
7569,남도전기(연등),1703대,196019.0727,542937.7845
7571,수서신혼희망타운입구(연등),24-10 도,209774.8313,541947.6868
7572,동부기술교육원입구,산13-1도,212899.2249,550590.0959
7576,문정시영아파트(연등)1,185공,211903.4788,543559.242
7579,반포주공66동(연등)1,1329도,198790.3652,544779.2239
7585,송학빌딩(연등),산24임,212661.2609,544557.1684
7641,KT도봉지점(연등)1,703-4도,203030.0775,560731.4042
7723,흑석동부센트레빌2차(연등)2,86 학,196482.222,544625.6465
7749,청계산SH6단지,469-4 전,204780.4057,538983.7656
7771,사당역(경보),499-1도,198483.6455,541905.5572
7778,올림픽공원R(경보),88-2 대,211365.9563,545833.4225
7780,,139대,196677.57,551074.4038
7783,정릉쌍용아파트(연등),,201635.1076,555503.6001
7785,삼양동주민센터(연등)2,225-37도,201602.1545,558600.3094
7788,월드컵파크8단지입구,1660 대,189591.6231,553228.8262
7792,아현스포렉스,134-16대,196097.6836,550664.2675
7794,강남중학교앞,855대,193053.2537,544821.524
7806,미래초교(연등)2,1267대,190172.7956,544885.2763
7807,반포쇼핑타운(연등),,200423.6086,545185.5602
7818,이수교차로(연등),813대,198723.1355,544544.0363
7331,한성대입구역(연등)1,140-1학,200587.5491,554289.5693
7334,강동구청역 (연등),107-6대,210702.9916,547908.4186
7823,신화교(연등),808-398 천,194369.2047,541774.1366
7825,충무교(연등),406-86 도,194274.901,541676.9534
7827,화랑교(연등)1,103-264대,194596.2376,541239.7317
7829,화랑교(연등)3,102-113 대,194672.4244,541258.0886
7835,정릉쌍용아파트(경보),16-186대,201544.0432,555547.2126
7836,양평삼호아파트앞,78-15대,190583.7849,547660.8524
7838,바디프랜드(경보),423-3 대,203902.5712,542404.1689
7384,북가좌사거리(연등),339-19도,192296.9007,553697.0512
7062,문현초등학교(연등)2,849 대,211626.7501,542468.4834
7588,외교센터앞(연등),1356-1 학,202628.1868,542797.0888
7845,동양파라곤(경보),110-16 대,203403.1008,546233.9398
7846,영동대교남단(경보),825-1천,204909.7997,547344.8624
7854,율현동 333번지(경보),산35-2임,209207.284,541074.4527
7855,다니엘학교입구(경보),1-71 도,207967.7285,540241.5729
7860,어린이병원입구,산12-461 도,206240.2808,539725.4048
7866,래미안루체하임아파트앞,620-10 대,207172.2897,543424.9795
7876,강남운전면허시험장(경보),186-4천,205948.7722,545346.0683
7877,영동3교북단(경보),467-7 대,204519.0251,542949.6475
7043,흑석동부센트레빌2차(연등)1,86 학,196476.5278,544656.4544
6846,성북물류센타앞(경보),85-7 철,205744.0968,557485.0947
7014,강남운전면허시험장,78-25천,205957.2045,545317.5975
7329,우리은행장위(연등),219-242도,203824.9483,557148.5433
7335,세곡동주민센터앞,222답,209555.7153,541073.834
7341,꽃동산교회(경보),,206562.4253,558879.5201
7342,한성대학교우촌관(경보),30-4학,200982.5774,553738.461
7346,대륭테크노타운1차앞,343-2도,189692.1058,541173.0907
7353,목동119안전센터,4-1천,189744.2481,549265.0158
7377,구남초교(연등),199-23 대,208280.6759,548594.2262
7492,반포종합사회복지관,61-6학,200934.9043,545650.3115
7494,위례24단지정문사거리,393임,212465.4696,541781.0636
7497,힐스테이트송파위례,497 임,212537.5771,542186.9537
7538,녹번119안전센터,21-134대,194245.9335,555709.4209
7548,당현초교후문,744도,205126.2906,560938.7772
7619,유화유치원(연등),271-6 도,202440.1241,562346.6441
7622,정부서울청사입구(연등),,197899.4829,552860.064
7847,청담자이(경보),340천,205016.5157,547043.6186
7851,테헤란아이파크103동앞(경보),697-11 대,204078.1403,544792.0111
7861,더케이호텔(경보),236공,203027.1512,540962.1764
7863,타워팰리스(경보),91 학,204608.5597,543091.0938
7864,중동고교(경보),,207143.6541,543847.9142
7865,도곡대림5동(경보),산181임,203646.7302,542990.5698
7867,타워팰리스3차(경보),339 도,204720.0767,543132.4023
7868,디에이치아너힐즈301동앞,198 도,205832.3404,542860.9137
7869,개포디지털혁신파크,513-1 도,205689.8305,543235.8414
7870,단대부고(경보),1011-74 도,204897.8149,544003.4693
7871,양전초교(경보),648 천,206263.2681,543419.9047
7873,석탑프라자(경보),12-2 대,206721.1993,543736.5883
7874,중산고교(경보),173-4임,207127.2581,542818.437
7879,구립푸른어린이집(경보),433-1구,208845.19,541562.4087
7880,래미안대치팰리스113동(경보),1026 도,205241.687,544030.7777
7883,도곡삼익아파트(경보),782-9 도,203653.9664,543572.3497
7884,하니움(경보),85-4 천,209450.7108,542999.5308
7888,현대아피스,393-15대,208985.4796,549611.025
7890,전파연구소,,209899.0137,560191.9592
7893,여의도파크센터,2 공,192811.4678,546775.9541
7899,서울숲자이101동,155-4 대,203454.737,550543.239
7900,포레스타 501동 입구(경보),산12임,205030.6564,539052.57
7901,장지프라자(경보)2,79-13대,211239.4943,542144.1042
7906,대림아크로타워,121-141 대,191881.85,547162.5812
7909,송파푸르지오103동앞,428-1도,212390.4057,542596.7905
7911,신원프라자아파트,52-34대,188005.1952,544437.5021
7916,마곡센트럴타워,388답,185268.2702,551081.0327
7920,경동고정문,301 대,201366.6613,554162.5711
6802,신월초교입구(연등),1089-52도,185681.7218,549064.8415
6813,토요코인호텔앞,2-1체,200815.0806,551661.5996
7917,사당역정류장,493-3천,198392.0544,541711.0763
7919,마커스빌딩,391답,185286.0656,551214.9334
6823,금호어울림센터힐(경보),1276대,202021.3886,555583.5504
7380,창원초교(연등)1,291-41대,203650.9295,561408.3315
7381,창전삼거리(연등)1,1-30철,194045.1011,550167.5548
7753,"강일9,10단지(연등)",,215897.9064,551395.2305
7925,공덕역10번출구,14-4도,195861.2605,549141.7745
6809,화림빌딩,43-12구,192520.3953,555325.559
6811,겸재교,193-1대,206578.3188,553990.4008
6812,꿈마루도서관,산16-37 임,201194.3972,556887.5704
6824,덕암초교(경보),74-8전,207138.9299,563028.3752
6988,청솔우성아파트,30-1도,205090.7604,552816.5171
6989,압구정역(연등)1,456 대,202500.9686,547638.7275
7002,문정중교(연등),2공,211634.5675,543171.6374
7007,개포도서관(연등),156 공,205399.8723,542538.3601
7075,올림픽생활관,126-2 대,199943.5768,554528.4351
7088,서울광장,12-1대,198115.7326,551747.2855
7649,502동앞(경보),1-1천,208050.9229,546278.4034
7650,506동앞(경보),,208134.8822,545986.4581
7654,국민연금관리공단(경보),7대,208847.2559,546269.1294
7682,SM베스트빌(경보),54-7대,212218.1209,548869.7475
7689,고덕주공901동앞(경보),42대,213382.6367,549972.6053
7699,상일여중고교(경보),124대,215099.935,549871.2714
7705,고덕아이파크(경보),485-4 답,213733.3701,551211.4446
7708,중앙하이츠(경보),산 57 임,214151.2845,550081.6346
7713,한영중고교(경보),산48임,213940.4695,550011.3323
7786,수색119안전센터,396도,190266.2708,553934.5822
7787,금호파크힐스,1-72 수,201875.9774,550461.8511
7791,아현스포렉스,134-16대,196097.8035,550665.0474
7795,구로등기소(연등),646-38제,190476.9489,544418.8191
7808,사육신공원(연등),475-1도,195534.1762,545929.8166
7811,신림1교(연등),88-93도,193955.096,542119.6153
7817,양산교(연등),408-35 도,194131.4957,541621.9241
7824,신화교,107-1도,194402.799,541750.8607
7923,마포도화현대아파트,155대,195993.2378,549070.2668
7364,기타(강서도로사업소권역),803-25대,187684.5475,547898.7303
6849,도봉고등학교(경보),347대,203521.7248,565264.9779
6854,광운전자공고,산130-2 임,204815.0966,557843.9211
6866,광운대,378-66대,205160.4197,557833.7463
7114,동작구청(연등),14-37철,194714.1848,545787.1349
7542,보문파크뷰,1-1도,201568.1516,553472.268
7109,송파파인타운5단지,98-4대,211391.3431,542320.9557
7127,경찰병원후문(연등),15-17도,211105.7623,544294.9535
7130,명덕초교입구(연등),산40-3 임,212769.9922,550945.8834
7655,동풍아트빌(경보),105-10대,212354.5336,544863.5732
7132,우신고후문(연등),86-4전,184566.645,544015.4972
7134,우리유앤미아파트(연등)2,501-13도,189612.2511,544249.0164
7136,낙성대역앞(연등),산32-81 임,196793.1158,541957.8175
7137,제일제당앞(연등),609-23도,189031.1246,544563.3379
7146,공진중학교(연등)2,33-2대,186676.0573,551715.2848
7148,행복한치과(연등),211-84천,213702.3067,543959.2625
7546,청진상가,46-21대,198335.9584,552297.0515
7180,제이타워웨딩(연등)2,539도,192019.9565,542397.9262
7549,문래하이테크시티,16-84도,191199.6652,546219.9604
7550,신정교하부,43-1도,189635.6687,546304.6227
7597,청계9가(연등)1,129-81도,202675.6904,552223.6448
7607,청계4가(연등),51-3도,199820.8904,552131.4669
7610,KT한강로빌딩(연등),2-216철,197405.3123,548062.2171
7620,구파발역정류장(연등),52-27도,192669.0561,559652.3521
7621,청계5가(연등),255-4 학,200178.5282,552251.2025
7626,서교동(연등),206-2대,192900.4869,550479.3493
7628,이대역(연등)1,144-2 학,195133.1995,550802.7424
7633,서울YMCA(연등),283-15 대,198759.1256,552296.1517
7636,마곡10단지,956답,183990.7741,551052.6163
7760,데이즈호텔앞,81-1도,198566.943,551243.5372
7762,남문시장입구(연등)1,997-25도,191073.6231,541333.8462
7764,성일초교(연등),202-18도,211361.1383,547957.1696
7069,청백104동앞,산65-14 임,204623.7727,559564.3613
7070,여의도성모병원(연등),8-4도,194660.1528,546525.9471
7072,서부새생명약국(연등)1,5-19대,192669.9184,556271.1567
7361,예향교회앞(연등),453도,207812.2953,550607.9316
7624,청계3가(연등),163대,199329.4606,552077.3843
7627,신촌로터리(연등),30-18도,194353.7911,550659.2152
7631,영도교(연등),200-36대,201689.7694,552375.7542
7637,비우당교남측,93-15 대,202344.6336,552335.4187
7777,헌릉로입구(경보),1-1560답,207343.4309,540175.8748
6873,신공덕삼성아파트(연등),14-91도,195935.6571,549230.143
6875,신도초교앞,산107-3임,193815.1326,559396.7417
6884,마곡캐슬파크,248-1답,184814.7098,552087.8469
6918,길동119안전센터(연등)3,327-22대,212833.12,549040.8662
6933,우솔초등학교,428답,201696.7039,539664.7046
6943,세곡LH1단지앞,산33임,209001.1669,540848.9946
6945,불광롯데캐슬입구,11-24도,194003.2602,557104.1518
6949,정부서울청사(연등),1-1 사,197661.8694,552917.0298
6954,구파발검문소앞,51-14대,192624.8437,560025.008
6955,씨유청구역점(연등),304-65대,201143.3534,551226.92
6957,장충체육관(연등),11-1대,200495.3262,551174.6615
6965,수유시장앞,162-1공,202157.0196,559006.6691
7665,서울복합물류 GATE 2(경보),625 공,210616.8539,541833.4271
6975,답십리래미안위브309동앞,105-1학,204759.2912,552409.8415
6981,서울대병원앞(연등),1-54대,200189.7144,553380.7613
7350,동구햇살아파트,335천,206439.9189,557101.5882
7547,서울YMCA,170-2도,198716.8929,552296.8716
7551,영일시장,160대,191214.4301,546366.6201
6791,신내3지구삼거리,,209452.6867,557770.849
6886,마리오아울렛2,124-12대,190027.4875,542167.4365
6887,봉천119안전센터(연등),635-269대,194804.5855,542964.1594
6890,롯데IT캐슬,371-9도,189410.6736,541975.2295
6895,마곡역서측,469도,184285.7208,551197.7201
6902,마곡M밸리4단지앞,321-2 전,184562.4832,552236.5313
6913,양재시프트,76대,203035.9115,541590.3976
6928,제2롯데월드,11-9대,209145.3379,546082.9436
6931,자곡초교,626 도,208853.6823,541493.7599
6932,"서초보금자리3,4단지",299-1답,202055.6521,539984.4196
6939,목양침례교회,340-1 도,205289.0245,539398.9504
6942,탄천교1교하부,349도,207522.3089,544633.5221
6964,길음1동주민센터앞,813-7 공,201731.0817,556720.3922
6966,길음뉴타운2단지,1281-8 도,201428.4525,556748.1778
6978,광운대(연등)1,377-45대,205192.5142,557893.9759
6982,상암파출소,1064-1 철,190593.3814,553200.5973
7067,오목근린공원(연등)1,904대,188728.4701,547710.4826
7074,동묘앞역(연등)3,181-93대,201704.9281,552728.3998
7754,동북고입구(경보),180-1대,212435.7259,546557.1117
7079,신정숲속마을,836-47 임,185392.8209,545247.2409
7080,혜화약국(경보),15-78대,200033.0533,554100.5062
7103,형촌마을입구,276임,202028.1187,540369.4465
7371,초이동,산56-1임,214257.02,549176.9097
7015,타워팰리스(연등),91 학,204679.0044,543209.0579
7018,세곡중학교,산46-54 임,208116.9191,541149.3629
6800,보영물류센터앞(경보),57공,190170.1092,547496.9175
6861,마포푸르지오212동앞,251-79 도,195886.1562,550570.9273
6863,숲유치원,산72-5임,193056.0288,559445.9229
7366,기타(북부도로사업소권역),647-4천,202623.6568,560051.739
6871,롯데캐슬루나아파트,555공,204517.9734,558548.3311
6872,광화문D타워(경보),104 대,198173.9675,552414.7606
7277,국민은행서교동지점(연등),159-5대,193161.7869,550532.9876
7278,금강병원(연등),168-6 대,198265.6843,546502.4161
7292,성동경찰서앞(연등),168-1 철,203266.0732,551307.5968
7309,종암대교(연등)2,산1-218도,203586.4349,554637.3857
7322,용두119안전센터앞,274-35대,202808.9912,553176.6877
7325,옥수파크힐스117동앞,산2-1임,201118.9658,549764.2874
7756,삼각산초교(연등),1339-1 대,201359.725,557510.7459
7666,석촌초등학교(경보),171-9대,209193.7488,544794.197
7668,신천나들목(경보),1-2천,206870.9747,546479.6613
7765,신본교(연등),산164-2 임,194255.8767,542031.2543
6842,은평위브201동앞,산108-3임,193275.5461,559396.618
6876,마곡503동앞,226-3 답,184039.6047,551754.5405
6899,조원아파트,625-25대,192218.8279,542974.9913
6906,마곡602동앞,232-1답,184019.3582,551892.5468
6909,예인한약국,821-1공,198763.8667,543121.6941
6912,의정부부대찌개,760-3도,198749.4235,543985.6148
6917,서울율현초교,358답,209449.7922,541558.2732
6926,고덕빌라,570 도,213686.4994,551440.9182
6935,LH푸르지오,산50-12임,208350.6389,540846.0551
6948,지봉로8길입구,56-101대,201384.8112,552890.418
6958,중림동(연등)1,118-2도,197289.0148,551083.2373
6969,흰돌교회,144-31대,207062.9305,554308.5316
7400,우이성원아파트,산100임,201197.9422,562342.2461
7402,위례22단지입구사거리,420임,212533.6591,542103.988
6990,세곡동사거리(연등)2,산28-3임,209407.2296,540615.9778
6993,서울대교수아파트(연등)1,738-329천,196271.0237,540941.7105
7226,잠실대교남단(연등),7대,208621.5747,546377.9507
7233,한국엔지니어링협회앞,442-4도,197628.6689,541841.0289
6877,마곡601동앞,219-1답,184133.2786,551624.5729
6900,마곡11단지입구,397-2답,184143.0569,551214.3635
6907,마곡301동앞,168-20대,184032.436,552094.712
6921,서초구견인차량보관소,337-3전,204962.7368,538626.7782
6924,율현초교앞,100-1답,209536.4286,541601.5164
6927,마루공원동측,468-2도,207454.6968,543977.4825
6937,언남초교앞,232-4답,205346.1946,539472.8576
6946,충정리시온빌딩앞,112학,196904.7791,551165.2188
6947,경복궁(연등)1,165대,198189.756,553017.6856
6951,포방터시장,8-102대,195460.2895,555565.2966
6956,버티고개역(연등),366-96대,200622.0544,549835.2102
6968,삼양제일교회,745-100대,201689.7301,557696.4974
6971,면목우체국,113-18 종,207821.0612,553680.9628
6973,현대아피스,393-17대,208984.9847,549609.4053
6974,동문장애인복지관앞,1338-12천,206492.4099,553753.9102
6977,덕릉터널입구,산153-1임,207547.797,563855.1295
6986,청량리역(연등)1,235-11대,204058.145,553446.7481
6995,관악드림타운107동(연등),411대,195830.3827,543430.9409
6999,잠실병원(연등),1-7대,207914.4914,544944.8254
7003,동북고입구(연등),176-2학,212209.2086,546682.9307
7004,서초고(연등),967대,200402.9046,543252.9028
7724,가좌삼거리(연등),255-35대,192368.9989,552271.7865
7687,고덕1PB(경보)1,670대,213161.9797,550765.3089
7688,경희의료원앞(경보),46-4대,213686.9756,550264.8956
7728,길음역(연등)2,1037대,202179.4642,556038.7787
7740,안암오거리(연등)2,103-9 대,202615.0708,553650.668
7744,월곡역입구(연등)2,29-91 대,203543.3717,555582.4237
6841,목동삼익아파트,451구,189040.8375,547005.0787
6856,성북세무서(경보),66-3도,200937.7707,554225.2941
7360,압구정한양아파트(연등)1,394 도,203309.4382,547689.4806
6801,시흥4동사거리(연등)2,380-10대,191535.7873,540327.6262
6870,공릉치안센터(연등),189 학,207026.0218,558508.6105
7229,흑석한강푸르지오GATE1앞(경보),335-4 도,196931.87,544911.1168
7094,한울중학교,산203임,191834.0841,540354.4659
7224,성내한양수자인(연등),546도,211433.4259,547501.9716
7238,가산YPP아르센타워,343-2도,189666.4724,541247.3785
7240,래미안신반포리오센트,49-8대,201320.9941,546550.0348
7251,수서6단지607동,718 대,209230.0538,543008.951
7253,영동대교남단(연등)2,343천,204774.1199,547309.7647
7256,화곡동물병원(연등),978-15 대,186586.997,549696.3528
7257,버들2교,619-1 도,210564.9928,541958.5149
7258,율현초교후문,113답,209645.3098,541706.4383
6792,새솔초교,산2-1임,209620.7778,557529.4505
6794,신내3지구사거리,245-1답,209380.0092,557298.7902
6795,신내우디안201동,산2-1임,209762.6234,557473.5401
7742,연남교(연등),109-7천,192726.7942,551948.3915
7743,연대녹지대앞(연등),134 학,194218.2107,551185.5403
7885,강일리버파크1008동앞,,216078.0892,551132.007
7889,항동,31 공,184398.7929,542378.7407
7891,서울창포원,,204305.0569,565837.5864
7894,노들섬,302-3천,196393.1327,546491.0669
7898,서초포레스타501동앞(경보),산10임,204979.2453,539142.1346
7660,봉은교(경보),1도,206159.6659,546332.501
7673,잠실유수지(경보)1,369도,207265.9693,544721.7969
7674,잠실파크리오아파트 308동(경보),388-22도,209848.8773,547070.4115
7675,잠전초등학교(경보),206-24대,207376.0316,545281.6131
7692,낙타고개(경보),산55임,214019.3522,549047.3395
7695,한산중학교앞(경보),483-9대,212255.5769,547649.0513
7697,원터공원(경보),494대,213271.8719,550583.4443
7712,초이동(경보),168도,214456.6207,549279.8257
7715,망월교(경보),102답,215204.9694,552253.9639
7722,청담건영101동(경보),825천,204568.1566,547599.9873
7044,명수대현대아파트(연등),27-91도,197246.0997,545198.653
7467,서울역자이,57-7공,196971.1764,550510.9358
6985,장안지하차도(연등)2,727-101제,206720.4231,553443.2968
7011,송정동공영주차장,104 대,206054.4777,550076.2074
7012,포레스트스퀘어,36-1도,205035.0694,552050.7602
7659,장지IC하향(연등),618-5답,211025.904,541188.5713
7676,잠현초등학교(경보),468-2제,209235.2729,547072.3293
7679,풍납토성(경보),338-18도,210670.5259,548924.0213
7680,현대아파트 101동 앞(경보),511 대,210417.4295,547679.1268
7698,명일삼익가든(경보),29-12도,213040.5681,549687.5793
7707,준꽃플라워앞(경보),산10임,213842.1689,548956.232
7710,토끼굴(경보),660-1천,210958.3601,550597.5646
7716,가래여울(경보),13-1 천,214946.8301,552942.3586
7730,대한병원(연등)2,224-4공,202043.6823,559549.856
7732,도봉한신아파트(연등),30-1 대,204046.0008,564791.4409
6785,도봉고등학교,341-1 차,203721.1305,565299.7719
6817,교보문고주차장(경보),19 대,198098.0225,552458.4856
6819,미아서광빌딩(연등),122-42 도,202423.895,558176.9266
6825,하계119안전센터,251대,206276.3046,559790.4746
6831,세운스퀘어(경보),247-2대,199685.4749,552513.4905
7006,강서보건소앞(연등),267-4대,188352.0817,549974.0319
7045,마포공영주차장입구(연등),579-2대,194952.9474,548989.2601
7047,서울가좌행복주택(연등)1,144-827 대,192086.0895,552284.5474
7053,서울고교(연등)1,1515-14대,200365.1486,542672.5702
7058,잠원래미안입구,54-5학,200950.571,546133.8358
7068,신길삼거리(연등)2,15-1도,192957.2671,546042.6778
7112,장지공영차고지앞,6-2전,212276.2959,542312.4353
7589,한성교회(연등),733-31대,185941.0863,545648.2156
7106,마천삼익아파트(연등),산1-5 공,213541.7069,544439.0356
7118,을지로4가(연등)1,6-1대,199830.7193,551971.2588
7120,을지로4가(연등)3,52-1도,199841.0375,551844.4407
7126,성내1교(연등)1,산14-1 임,213075.1034,544612.7376
7133,문정프라자아파트(연등),199대,211678.6337,543312.2832
7159,방아삼거리(연등)2,105-35 전,212960.1444,547178.9366
7169,금천공동체지원센터(연등)2,1000-87도,191884.5373,539075.0061
7172,"강일3,6단지(연등)",356-92 도,215411.6188,551666.2582
7177,상도터널입구삼거리(연등),477천,195912.2517,545912.6951
7197,개봉역앞(연등)3,170-33대,187482.2464,543824.6888
7205,여의도역(연등)1,23-2대,193265.2485,546955.7769
7213,올바로병원(연등),1748-65 도,200375.6449,543061.2958
7215,롯데캐슬갤럭시1차아파트(연등)1,390 도,201450.8118,546848.6634
7333,양지사거리(연등),301-9천,202539.6132,551942.7731
7337,홈플러스입구(연등),68-1 도,190673.6794,546380.5246
7345,까치고개동측,442-15대,197648.7054,541843.9684
7347,한강뚝섬,550-2도,205951.6779,548024.3205
7591,화성교회,24-29대,186471.1373,549505.2801
7365,기타(서부도로사업소권역),694천,193282.4243,552369.101
7693,다솜어린이공원앞,666 도,215450.3609,552125.8579
7372,플라워스토리,434수,212616.5011,546109.4575
7379,종로4가(연등)1,28-15대,199810.6978,552283.0552
7386,삼선빌딩(연등)2,,197871.9514,550862.3403
7388,e편한세상신촌401동,118-96철,196158.2656,551046.4524
7389,e편한세상신촌401동(연등)2,1010 대,196152.6266,551005.4194
7390,e편한세상신촌401동(연등)3,251-71도,196139.7888,550937.0312
7391,e편한세상신촌305동,3-155대,196156.106,551174.2304
7399,트리마제앞(연등),656-1213도,204057.8038,548881.5393
7404,현대빌딩본관,129대,198940.4088,553090.7749
7410,SRT수서역,723 대,209214.8764,542749.6757
7441,서울동부지방법원,344-4 전,210572.0679,542523.1734
7451,영동시장앞,279-67 도,201975.5623,545491.017
7455,문정테라타워,119-4 도,210613.4205,542850.6588
7599,먹골역(연등)2,171-39 도,206869.5661,556949.0232
7603,창주공1단지(연등),823 대,203614.6245,561597.6411
7609,청계광장(연등)2,1도,198016.997,552171.9506
7617,청량리역(연등)3,235-10대,203978.4,553470.3971
7623,성동장애인종합복지관,47-12천,202977.7197,552346.0931
7625,아현동웨딩타운(연등),164-3대,195790.4355,550854.7576
6834,청구동(연등),337-78대,201020.6633,550764.229
6836,목동제자교회,319-4도,188478.0085,546858.6367
6839,윤중중교앞(연등),3-9도,193485.2006,546423.4829
6864,아현동웨딩타운,251-80도,195737.498,550848.7264
6879,남북통합문화센터(B-10),401답,184158.8942,551352.3997
6881,귀뚜라미연구소,598답,184731.2641,551385.9077
6883,롯데중앙연구소,60-4답,184850.0437,552360.5
6888,가산동하이힐,127-14대,190165.6437,541951.0537
6889,대방성결교회앞,550 학,192798.2307,544382.3153
6910,양지빌딩앞,219-13 대,202922.801,545517.052
6914,서초보금자리삼거리,485답,201330.9149,539786.1181
6925,내곡보금자리입구,산72-2임,205277.6414,539760.5531
6929,자곡래미안,468전,208507.7818,541439.5292
6952,서울역광장(연등),84-11대,197600.4212,550546.3897
6972,두산아파트앞(경보),745-51대,201567.1217,557703.7376
6976,롯데캐슬리치후문,148-43대,202653.6067,553397.0372
7048,안생약국(연등),93-34대,193192.4004,549606.5782
7051,서초1동주민센터(연등),1641-13대,201751.047,543389.9624
7060,성덕교회(연등),0-1가,212922.803,543734.4944
7086,강북구민운동장(경보),516-2천,203416.2423,558925.7637
7092,우방아파트앞,395공,192882.7412,543314.4522
7096,율현공원앞,759천,210336.3572,541680.7159
7097,강남한양수자인아파트,428-2천,210160.9474,541982.5839
7104,중암교(연등)1,390대,191277.7267,552464.9758
7113,코오롱(연등)2,195공,210830.0722,545628.4772
7129,흑석롯데캐슬,340-10 도,196541.2918,544918.5893
7143,은로초교(연등),96-1 대,196541.5059,544889.1663
7153,뒷벌어린이공원(연등)1,786-12도,198814.8477,543687.6639
7164,평화교회,1448-1대,192648.7983,544345.3261
7167,고척2파출소앞(연등),325-8학,187540.1018,545225.4815
7201,신림119안전센터(연등),395-61도,193119.4042,543377.3776
7203,영등포소방서(연등)2,24-1 도,191578.9518,546521.8978
7207,우신초교앞(연등)2,190-56도,192091.2561,545634.4086
7210,거리공원입구오거리(연등)1,608-1대,190627.6879,544832.0073
7222,유창빌딩,203-33도,192880.9808,550687.6897
7227,신한은행마천(연등),80-10도,213177.9295,544102.0136
7228,흑석한강푸르지오GATE2앞(경보),335 대,196851.1989,544770.9116
7237,진안빌라,10-2대,196557.152,555793.1618
7248,석촌지하차도입구,13-7대,209359.9727,545022.7689
7255,향군타워(연등),7-10도,208789.3959,546341.5445
7262,송례초등학교입구,420임,212358.0505,542110.3638
7263,위례24단지입구사거리,,212136.5686,541676.1585
7269,옥수극동아파트(연등)2,,201275.925,549348.8888
7274,겸재삼거리(연등),519학,208497.2574,554534.839
7275,경희중(연등),328-2도,205261.2923,555101.7958
6797,신대방삼거리역(연등)1,335-57대,193767.6226,544477.9239
6799,로데오거리,783-20대,187790.8042,547624.1425
6806,2기동단앞,52대,206470.0562,553303.3952
6830,상암MBC(연등),330-13대,190417.0304,553562.9649
6832,월곡두산위브아파트(연등)2,228 대,203372.5436,556562.1657
6844,마포자이3차,815-2 도,195262.9178,550107.9663
6848,방학119안전센터,706 대,203766.9326,562728.5281
6850,상계역1번출구(경보),172대,206485.0649,562344.6916
7035,금천공동체지원센터(연등)1,823-23대,191743.0423,539055.397
7037,벽산밸리5차(연등),60-14장,189786.4143,542074.4487
7039,독산119안전센터,287-7 대,190966.369,540964.9978
7049,홍연2교(연등),산26-171임,193765.1181,553282.1139
7055,삼호가든상가,21 학,201113.6942,544817.3324
7286,명신초교(연등)1,7-43 임,201299.4485,553637.3296
7298,남가좌동현대아파트(연등),224-54대,192801.0896,552774.9499
7302,월릉교(연등),18대,206087.8245,557345.9655
7304,유수지주차장(연등),550-41대,207404.2155,553647.346
7305,은빛초교(연등),,192895.7195,560372.7953
7318,현대자동차면목(연등),151-13 대,207043.5988,553760.9796
7323,후암초교,산1-2임,198336.279,550242.5776
7332,한성대입구역(연등)2,183-16대,200365.4673,554240.4977
7336,신도림풍물시장(연등),274철,190488.4932,545269.004
7375,거리공원(연등),41-16대,190334.1397,544636.9134
7629,이대역(연등)2,144 대,195306.4497,550817.6199
7632,신진시장(연등),11-2도,200456.4735,552392.6563
7635,검찰특수기록관,512잡,210240.9136,542670.6655
7638,청계7가(연등),296-19대,201403.4331,552233.978
7642,방화초교(연등),868 대,183139.6377,552046.2966
7645,남양아파트앞1(경보),산11-1임,194503.4673,554427.4218
7647,궁전회관(경보),147 학,202290.8041,558810.0914
7653,가락시장 제2주차장(경보),600 대,209798.0098,543635.3876
7657,방이중(경보),88-21 대,210066.0962,546175.9261
7661,북1문(경보),1-2천,207595.4326,546329.7977
7662,북2문(경보),1-2천,207896.6932,546375.4199
7672,올림픽대교남단(경보)1,386 도,209610.2384,547676.2023
7678,탄천1교(경보),336-9대,207625.4237,544591.1657
7694,강동성심병원입구(경보),145-25대,211878.7443,548630.7824
7719,고덕그라시움121동,152-4대,214610.8559,551047.0287
7734,서대문소방서(연등),740대,194354.6797,552608.8441
7741,안암오거리(연등)3,86-132대,202649.145,553679.463
7748,래미안에스티움아파트106동앞,1795 대,192619.3209,544678.6119
7796,국민은행역삼(연등),804 도,202542.6783,544021.1381
7797,국회의사당(연등)1,1대,192689.7675,547751.255
7800,선영빌딩,2139대,192506.9527,544335.0004
7803,디지털단지오거리(연등),133-62대,190292.3756,542189.8164
7810,수서역(연등)3,712 대,209048.735,543051.0338
7828,화랑교(연등)2,103-35대,194672.4244,541232.653
7830,천호동공원(연등),512-22대,211159.9067,549684.7729
7831,삼표레미콘삼거리,299-5도,209786.2856,548027.7774
7021,수서경찰서(연등)2,12 대,206612.228,543629.818
7030,신내오토카,561도,208427.7294,556117.2148
7288,삼양시장(연등),225-37도,201609.8819,558507.0254
7291,서울신용평가정보삼거리,1-1학,193489.4955,549562.6677
7310,중동청구아파트삼거리(연등),415 도,191383.391,552765.5934
7311,중화중교(연등),20-29대,208365.5725,554008.199
7313,촬영소사거리(연등)2,127-20대,205980.7092,552575.1224
7316,해성교회(연등)1,189-18도,206902.5481,557226.3686
7317,해성교회(연등)2,189-18도,206890.0102,557179.9966
7319,한강자이에클라트(연등),10-1대,196034.5557,548086.1136
7321,금호119안전센터,347대,202174.9153,550505.5086
7539,월계문화체육센터,648학,204788.3469,558621.1586
7553,서울창포원(연등),,204353.6635,565694.3901
7573,명덕고교입구(연등),153-7학,185470.8609,550364.5553
7575,문덕초교(연등),3대,211257.2475,543141.3089
7577,문정시영아파트(연등)2,176대,212032.6965,543698.1781
7578,문정초교(연등),3-3도,211258.541,543485.0891
7581,방죽마을사거리(연등)2,93답,209575.1519,541334.2211
7583,서영물류센터(연등),29대,190917.3875,546860.3746
7696,서하남IC(경보),산29-7임,212654.3021,546462.6074
7545,광장시장,136-5대,199941.7621,552368.3793
7634,경남레이크파크(연등)2,32공,209369.8447,545654.6102
7683,강덕초등학교(경보),261-3대,214260.1957,551004.4615
7690,고덕초교뒷편(경보),산15-0 임,214754.1057,551198.9255
7704,암사종합시장(경보),535도,211418.2373,550191.5545
7714,현대프라자앞(경보),397-25대,211468.3436,548876.3445
7721,포이초교(경보)1,656 대,204648.5278,541742.7339
7726,구기터널(연등),137-1임,196210.5073,556521.1084
7733,상계3치안센터(연등)1,87-22대,206739.1962,562712.5118
7737,세검정(연등)1,,196316.4547,555610.2814
7750,청계산SH6단지(연등),328답,204855.1004,538887.2684
7755,떡전교사거리(연등)1,65-143도,204593.1798,554080.659
7758,창문여고(연등)2,8-89대,203368.738,557062.4431
7801,등촌역(연등)1,634-3대,187964.778,550236.0874
7813,문화교(연등),91-68임,194067.3967,542049.1874
7814,신성교(연등)1,105-91대,194419.9166,541291.2141
7822,청계산입구(연등),261-8대,205084.7502,538444.8558
7832,예담어린이집,508-1도,195702.4791,545257.1692
7834,백련산힐스테이트206동(연등),233-6 도,193327.3022,554596.5233
7840,봉은초교(경보),341천,205280.0148,546832.9518
7842,금호어울림아파트(경보),751-13 대,203044.1039,543614.3687
7843,학동초교(경보),253-14 대,203472.3439,545762.3535
7856,성보프라자입구(경보),산57-1임,202548.6116,541935.0552
7858,영동2교(경보),424-3 대,203833.3374,542296.9786
6814,원불교,404-14대,200819.5685,550798.8993
6821,돈암삼성아파트108동(경보),8-97도,202129.5706,555535.942
7023,푸르지오시티(연등)1,산22임,209071.4448,541588.1836
7026,강동경희대병원앞,296공,213823.3108,550389.3311
7028,"강일6,8단지(연등)",379-17도,215714.428,551452.1832
7029,신한은행명일(연등),332대,212802.859,549671.1253
7041,대륭테크노17차(연등)2,998-2대,190032.1123,540897.9462
7054,신동초교(연등),121천,200853.8208,546319.3445
7761,강동고교입구(연등),138대,214498.3247,550149.5654
7348,망우사거리(연등)2,354-3대,208867.9636,555518.0332
7368,기타(동부도로사업소권역),61도,210479.3051,543993.4623
7369,기타(남부도로사업소권역),1669-1학,196035.4705,542080.7514
7370,이수농협은행,2270-1대,198435.9275,543169.6521
7411,SRT수서역삼거리,188답,209360.1489,542578.0227
7424,독산동8구역,468-1 대,190620.4742,539791.7759
7432,칠성아파트(연등),829-3대,183347.3248,552723.55
7433,금천경찰서(연등),436-3전,190854.2695,539682.6749
7444,성모자애복지관,697-2천,210546.351,541322.9055
7446,영동시장(연등),161 대,202084.7152,545212.3138
7457,서초푸르지오써밋(연등)2,749-31도,201923.4573,544749.1278
7461,초롱타운,1269대,189381.3087,544062.6603
7763,서남병원(연등)2,1280-3 도,185337.3474,545794.1518
7837,장지프라자(경보)1,838-3 학,211266.3884,542076.5521
7839,포이초교(경보)1,656 대,204757.7221,541829.0947
7850,테헤란아이파크105동앞(경보),111-114 도,204217.9144,544835.8486
7862,율현삼거리(경보),94-1 도,210555.5295,540873.5191
7875,밀알미술관(경보),50 대,207275.3801,542878.556
7878,세곡교(경보),461-9전,208272.0561,540571.5311
7903,숭례문정류장(연등),120대,197661.3389,550968.4152
7905,동서울우편집중국,246-62대,207458.9337,548333.9129
6786,마곡레포츠센터(경보1),38-15답,185315.4464,552564.8661
6827,가람어린이집,506-159대,200663.4323,555475.7667
7099,화곡1동주민센터앞,354-127대,185975.8006,547871.9111
7101,관악푸르지오121동앞,1717-11 도,196551.0799,542883.9494
7776,일원에코파크(경보)2,701-2 도,207684.2735,543784.7563
6787,마곡레포츠센터(경보2),,185412.5097,552512.0752
7223,신방화사거리(연등)3,839대,183886.7473,552635.0427
7235,남정초교,21-6 도,196824.0273,548590.5275
7239,신길우성1차아파트,144-104대,191163.0958,545190.1401
7848,압구정역(경보),456 대,202453.8242,547590.7189
7793,중앙사약국(연등)2,1000-29도,191347.5172,539466.705
7802,등촌역(연등)1,633-36대,188044.4443,550163.7399
7812,문화교,10-709대,194078.0748,542088.4207
7815,신성교(연등)2,105-153대,194416.5572,541266.6184
7841,압구정토끼굴,384천,203680.2109,547901.1647
7849,제이타워(경보),554-30 대,202059.7951,546546.7748
7853,논현초교(경보),134-15 대,202381.6754,545490.6865
7882,도곡중학교(경보),779-10 대,203931.4149,543711.7882
7663,삼성래미안아파트후문(경보),192대,211591.6374,543667.6133
6810,영도중(경보),743-15대,188227.8843,548510.6343
6820,삼양우체국앞,791-628대,201644.7505,558254.0311
6822,청솔아파트,154-12학,206402.5941,559234.0525
6835,충무로역(연등),38대,199339.5782,551288.745
6852,신창중후문(경보),779공,204274.5653,558716.5309
7273,50번종점(연등),690도,207484.9766,552720.1493
7276,경희초교(연등),1-5 학,204487.2174,554658.682
7280,길음지구대앞(연등),813 대,201746.7559,556815.5509
7284,동대문소방서(연등),478-12도,205865.9977,551627.7111
7287,모래내지하차도(연등),286-38대,192501.4899,552080.5956
7293,성북1치안센터(연등),151학,200290.5233,554665.7214
7301,동서병원(연등),25-2대,202573.5884,556476.0833
7326,옥수파크힐스119동앞,1351-184대,201212.3697,549684.1411
7374,선일농원(연등),436-51전,212506.285,545757.3537
7706,주몽학교정문(경보),산 26-7 공,214427.9494,549609.3378
7711,프라이어팰리스(경보),400 대,212170.9765,550454.2718
7397,용산역(연등),2-194대,197054.832,547601.1833
7403,위례별초등학교사거리,491임,212762.2347,542093.6567
7406,서울역사박물관(연등),1-159대,197387.1617,552185.5007
7408,성동고교(연등)2,81-1대,202083.3036,551855.8593
7414,서초더샵1단지앞,220전,205717.3695,539462.6407
7430,국제예식장(연등)2,597-28 도,183376.9934,551816.7554
7431,국제예식장(연등)3,598-32 도,183354.5564,551722.1217
7435,수궁119안전센터,252구,184960.7406,544090.6474
7437,문정대명벨리온,641-2 도,210480.6917,542928.8104
7438,힐스테이트에코송파,150대,210228.2322,542861.8134
7439,동부구치소앞,367답,210423.247,542447.402
7443,서울동부지방법원(연등)2,343답,210609.9012,542573.5167
7465,신림3교(연등),406-7 대,194160.4257,541385.9809
7667,승일운수(경보),산31임,212003.4066,542343.2044
7681,둔촌동 426-10(경보),406-12대,212506.6825,548113.8195
7685,강일리버파크1단지(경보),204-6 전,215101.0448,552086.4671
7686,고덕아이파크정문,500도,213649.9357,551158.6499
7700,상일우성타운(경보),산37임,214079.7655,549570.3126
7702,선호빌딩(경보),,215112.0379,549927.6111
7709,창대교회(경보),437-29대,211552.1567,547072.3143
7720,고덕그라시움사거리,150도,214589.4425,550939.7622
7767,한농캐스템,445-15답,212222.5114,545068.346
6793,대륭테크노17차,336-29대,190003.4972,540980.9119
6857,충정로역(연등),236-2도,196769.9223,551079.9135
7093,오금고정문앞,37-11대,211446.6311,544881.5269
7770,동아에코빌아파트(경보),618-569 대,191077.2393,545601.7105
7378,장안아파트입구(연등),329-3대,206519.3265,552523.1301
7398,트리마제앞,656-580대,204110.1148,548859.583
7413,범박터널입구,산56-1임,183951.2902,541900.6774
7418,장지공영차고지입구,산29임,212024.5079,542469.7582
7419,푸른수목원,31 공,184500.7866,542474.8573
7427,목2동극동아파트(연등),231-32대,188523.2116,548836.6595
7429,국제예식장(연등)1,580-132대,183373.0791,551911.301
7440,동부구치소앞(연등),364답,210449.8911,542385.6842
7442,서울동부지방법원(연등)1,347-3답,210520.3643,542472.5852
7445,국회서문(연등),1대,192205.9789,547809.9399
7454,H비즈니스파크(연등),512잡,210275.89,542762.0585
7458,마곡13단지,1031답,183951.5183,550808.867
7779,탄천교1교하부(경보),336-18대,207572.6402,544706.9495
7892,국민은행신촌,47-20대,194420.1529,550735.5352
7896,오벨리스크(경보)1,320-1답,210680.9116,542296.568
1033,서초3동우체국(연등),1551-3대,200820.7796,543229.1507
7904,행당초교앞,142-4대,203019.9599,550789.6815
7908,세곡119안전센터,196-36대,209518.113,541242.4594
7921,웨이브모텔(연등),410-27도,200965.1766,556324.3123
7926,수협은행양재,18-18대,203536.1711,542139.44
7119,을지로4가(연등)2,293-1도,199920.9438,551908.2097
6865,굴레방다리(연등)1,251-85도,196037.0685,550878.2217
7141,화곡부성약국,827-21대,187445.318,548031.8411
7144,관악휴먼시아아파트1단지(연등),산93-1 임,192968.7457,540106.1799
7154,가동초교(연등),161-4도,211439.946,544172.5108
7157,낙성사거리(연등),1677-5대,196391.333,541990.2682
7163,독산더타워아파트,291-6대,190797.7887,540796.8748
7168,가윤예식장(연등),146대,210995.7037,543817.64
7173,서초구민회관(연등),956-6 대,203190.3643,542577.4397
7174,포이사거리(연등),1242-2대,203998.2566,541965.8168
7191,나이아가라호텔(연등)3,156-71천,189266.0807,549820.8726
7220,아주초교(연등),86대,206640.8318,545069.3977
7789,성동글로벌경영고,204-79대,201101.1826,551711.5073
7805,미래초교(연등)1,1267대,190131.4027,544856.9612
7809,삼성교(연등),산2-29임,194824.7832,541251.3135
7820,제2롯데월드(연등)1,11-9대,209086.746,546055.9299
7826,한국SGI회관앞(연등),25-1 대,190236.0453,544787.958
7833,예담어린이집(연등),133-33 공,195736.1502,545322.6873
7907,한강성심병원후문,94-387도,191965.0228,547020.98
7912,강서도시가스,822-15대,187305.7361,548009.2679
7914,천동초교입구(연등),50-14대,212435.4935,548919.8183
7915,고덕역(연등)2,499 대,213519.192,550789.824
6845,남가좌아이파크102동,344-42 대,193072.8466,552847.843
7019,세곡중학교(연등),550-4도,208174.0293,541290.9385
7077,신내역(연등),70-3도,209052.3719,557009.7346
7081,김포공항입구(연등),612-196도,183037.3572,551365.5037
7339,봉화삼거리(연등)2,493도,207814.0762,555979.98
7344,은하수어린이공원(경보),산33-3임,203912.7994,558897.8347
7367,기타(성동도로사업소권역),469-12도,205895.1339,551472.9752
7775,둔촌고등학교(경보),59-5대,212690.5583,547978.0628
7895,하나유치원,,193812.0188,560892.0397
7784,삼환빌라,345 대,203584.4871,560803.4584
7790,서울숲리버뷰자이104동,19-104대,203473.7042,550719.6995
7799,국회의사당(연등)3,1대,192769.9137,547626.4765
7804,목동역(연등)2,808-13도,187930.1162,547399.3406
7816,신성교(연등)3,105-95대,194483.0258,541256.5401
7887,서울과학전시관앞,244-1도,196298.5046,541167.5248
7606,청계2가(연등),38-1사,198906.852,552049.9709
5544,독산동골프장,,191038.2685,540013.0253
6808,영등포경찰서(연등),4-13대,191443.9262,547494.368
7421,금천롯데캐슬1차,1011-1 대,190770.5215,540211.4123
7422,금천롯데캐슬1차(연등)1,502-2대,190645.3004,540166.9068
7426,목2동극동아파트,231-1도,188608.0445,548778.6176
7434,신도림119안전센터,643-1 도,189484.7168,545351.6942
7436,문정현대지식산업센타,119-4 도,210564.5455,542965.9713
7463,시스폴사거리(연등),834-15대,199050.7092,543062.9511
6816,세종문화회관뒤,77-6대,197768.8479,552534.5975
6818,건춘문,59-1 대,198196.2368,553156.1768
7241,남도학숙,508 대,193715.2779,545500.641
7243,롯데캐슬골드파크3차,1082-42도,190955.8671,540289.3471
7244,하늬중학교,953답,184121.1346,551033.3381
7247,석촌빌딩,113공,209611.3294,544906.5089
7773,"강일9,10단지삼거리(경보)",산8-1 임,215584.8203,550914.7544
7927,영동2교북단(연등),515-8 대,203710.6211,542378.6789
7123,가재울중학교,456 대,192086.9612,552813.0377
7125,동광교회(연등),361-163대,194128.2806,544672.2305
7158,AK몰주차장(연등),413-48철,189653.9702,544745.1685
7170,보라매공원후문(연등),366-130대,193284.462,543716.8892
7175,수도공고(연등),506 대,205563.4903,543156.3569
7182,마곡밸리사거리(연등),494도,184672.7292,550849.6393
7183,신림중(연등)2,산1-257임,194981.9581,541246.25
7184,강서고교(연등)2,825도,187936.8763,548421.8665
7193,지식산업센터(연등),371-17장,189539.149,541608.6551
7196,개봉역앞(연등)2,178-13대,187474.3521,543787.2027
7200,삼환아파트후문(연등)2,212-20도,187216.8118,543860.767
7279,금옥초교(연등),1419-1대,201421.4037,549514.3666
7283,대원고(연등)1,18-24대,207695.3904,551464.1773
7290,상암초교(연등),1049철,190566.954,553171.7685
7303,위례정보산업고(연등),,206461.5639,559077.5694
7308,장석시장(연등),473-5도,205124.3715,557328.9566
7327,관악소방서(연등)1,1606-11공,195851.4428,541572.4495
7922,세종포천건설공사출입구,59도,213711.4785,549468.2134
7639,부암동주민센터,208-11대,196822.4901,554815.0301
6862,은평메디텍고교(경보),산85임,193815.2057,559466.0532
7508,구립마포노인복지센터,43 대,196426.697,549914.6384
7509,나진전자상가,48 대,196898.2833,548226.0977
7520,트램스퀘어,산42임,212685.4554,542455.4975
7526,위례힐스테이트108동앞,917-19 도,212650.6803,542097.494
7531,래미안강동팰리스,175-1 차,211782.2134,548684.3438
6904,D-1,251-17답,184805.403,551997.9486
6905,마곡501동앞,239-5 전,183902.9183,551899.7455
6915,성내천공원앞,548대,211088.2678,547300.8244
6920,청계산역삼거리,318-1답,204711.1401,538935.7851
6922,청계산주차장,271-14답,205015.3178,538557.9401
6923,한동교회,산3-1임,214364.4894,551497.9106
6936,동명공원삼거리,240-3 도,214670.0877,551469.2871
6938,궁마을공원,600 도,208348.4455,542777.3909
6959,중림동(연등)2,180-1도,197253.321,551106.8132
6963,종로119안전센터,1-2사,199296.3781,552408.533
6967,청계8가,96-11도,202065.5166,552497.417
6983,명남아파트,28-2대,192210.9323,554985.2894
7016,삼성힐스테이트2단지앞(연등),24-23 대,204392.9221,545836.8744
7017,LH푸르지오(연등),산 48-16 임,208264.2537,540946.3578
7338,신내동새마을금고(연등),393-18 대,208652.2295,556248.5762
7362,63빌딩(연등)3,86-5천,194625.1957,546757.9928
7407,우이성원아파트(연등)2,산101임,201207.7805,562299.1735
7412,마곡나루역,301-2답,184786.8736,551924.3713
7415,"청계산SH6,7단지",산18임,205116.706,538998.8305
7416,청계산SH702동앞(연등),산22-1임,205081.5614,538717.0552
7423,독산동6구역,1011-19대,190802.4697,540118.3878
7447,마곡SH빌딩,409-7답,184988.7511,551108.1049
7448,파트너스2,191-3구,210707.4908,542624.6628
7450,신길영광교회(연등),3183-113대,192330.1031,544518.3626
7456,서초푸르지오써밋(연등)1,749-35도,201959.2112,544650.0249
7462,관악노인복지관(연등)2,344-78대,193446.1099,543686.373
7466,백련산힐스테이트206동,759-2 도,193303.0663,554680.9288
7766,청화병원(연등),232-292대,194681.8634,545269.3583
6859,백제고분공영주차장입구,131-12대,210488.8636,545286.7978
7401,대주아파트앞,405-5도,206333.7597,558010.7449
7363,휘봉초교(경보),1031-443천,206254.8807,554111.1037
6987,청량리역(연등)2,235-11대,203996.0969,553358.5164
6997,초원교회(연등),687대,186050.0228,551424.2073
7230,나누리병원(연등),1080학,185726.1873,548663.1656
7236,신내지하보차도,181대,209765.4729,556979.6845
7328,위례와이즈더?사거리,420임,212754.0649,541917.5289
7772,서초우체국(연등),311 공,203616.2517,541101.1031
6869,가좌사거리(연등),175-95대,192592.801,552675.5838
6878,공항초등학교,393-4답,184171.2521,551455.222
6891,삼성디지털센터,905-29대,194843.0126,542560.7757
6893,마곡힐스테이트,226-3 답,183920.8636,551739.4269
6897,마곡M밸리6단지,758 도,184025.6656,552002.0017
6898,마곡M밸리7단지,315-2임,184527.8991,551946.8712
6903,서울대치과의료센터앞,147-5도,195757.424,541144.9874
6908,공항후문,516-2 차,182692.8355,552256.8491
6916,은곡삼거리,389-5 도,208432.4048,540635.0114
6930,푸르지오시티,산20묘,209138.7533,541661.731
6944,신반포중앙교회,58-16대,201138.633,545653.251
4659,동작우체국(경보),349-35도,193294.4538,544263.7004
6953,청계광장(연등)1,139-7도,198022.1487,552205.9572
6961,하나유치원,13-3 도,193839.869,560947.2124
6970,세종사이버대학교,38-2대,206505.7351,550451.6922
7261,송례초교사거리,861-5 공,212175.382,542114.983
7264,청계산SH702동앞,136-3 천,205018.6172,538668.621
7270,청계산SH710동앞,361-15 도,204916.8091,538806.8635
6843,월곡두산위브아파트(연등)3,225 대,203224.2285,556416.2765
6874,서광타워온누리약국,67-85학,195221.3881,550639.2893
6882,서남충전소,153-2답,184874.6395,552596.6194
6885,마곡중학교,716 대,184354.8289,551966.8477
6894,마곡밸리사거리,571-4 도,184684.1723,550961.4807
6896,LG아트센터서울(D-2),761-5 도,184765.1583,551661.0803
6901,삼환아파트후문,412-52 구,187099.8919,543874.5646
6919,강동아너스빌앞,447-9 대,211817.9072,548288.8675
6940,언남초교정문,산29-1임,205473.0728,539452.7611
6941,고덕빌딩,1701-1 대,200857.2177,543668.1682
6950,동묘앞역(연등)1,58-447임,201531.6779,552656.1122
6960,팔복기사식당,124-406대,192832.213,552175.2012
6962,은진초교정문,169-31임,193017.4461,559193.971
6980,강서구청(연등)2,1098-22도,186660.7384,550185.9173
6867,신사씨티아파트,산31-1임,191560.9249,555674.9971
6868,가좌사거리,241-47도,192469.3318,552540.2939
6984,성북트리즘빌딩(연등),222-1 대,203450.5058,555879.3801
6991,허준박물관(연등)2,439-1제,186873.3081,551939.1494
6992,난곡중,산122-13 도,192207.413,541985.5478
6996,행복한감리교회(연등)2,1712 대,195638.2283,543009.2622
6998,배명사거리(연등),22-4대,208693.0974,544790.4851
7000,송파초교(연등),63도,209776.4585,545384.4017
7001,보훈병원(연등)2,52-1종,212613.7753,547869.894
6851,중계중앙하이츠301동(경보),1289-3도,206785.0958,562228.1823
6853,상천초교(경보),742학,205066.0991,560647.6877
8011,한인트윈빌,산26-157 수,193814.2073,553038.53
8023,항동매화마을,171-1 대,184365.6473,541902.5276
8084,태릉신협,70-4구,206746.1698,555106.7587
8087,수명산파크115동앞,227-2답,184925.9094,550648.5202
8098,이너매스,416답,185250.6141,550890.346
8221,신석어린이집(연등),426-13대,194385.0394,549195.7836
8227,명일중후문(경보),670대,213046.4371,550910.617
8284,역삼초교정문(경보),753-8 대,202872.2286,543628.1857
8295,이수역리가아파트104동앞(경보),105대,197693.7776,543252.0875
8297,세우촌공원빌라앞(경보),961-17대,198990.1625,542357.4701
8300,동작상떼빌103동(경보),712대,191789.7875,543033.55
8301,용수산서초점(경보),산94-1임,200155.2452,543785.9492
7618,독립문삼호아파트(연등),82 대,196376.0994,552454.1045
8302,정삼품묘(경보),918-19대,191823.2625,538651.55
8346,"위례서로(3,4공구)",378답,212482.8464,542870.6497
8409,IBK기업은행대림동지점(연등),685-18대,191065.1691,544186.1116
8423,종월2교서측,226-3 대,203583.9849,555299.5243
8424,천호3동우편취급국,56-36대,212087.965,548983.0075
8473,8번교차로,266-3전,213322.1765,543208.1687
8474,6번교차로,산71-11임,213474.6749,543310.7593
8488,굴레방다리(연등)2,129-44대,196112.6394,550837.5896
8489,상도롯데캐슬,154-30대,195140.2036,544592.4614
8493,한서초교,652대,195464.7172,550465.7805
8495,별빛어린이공원,569-25대,206385.6452,557754.0639
8545,칸타노체(연등),117-1 도,209338.3886,556895.0514
8547,망원지구대(연등),415-41대,191403.195,550460.0746
8624,꿈의숲 대명루첸아파트 103동(경보),612-9도,204205.5942,557909.3334
8625,하늘채 꿈의숲(경보),311-20도,204100.8585,557826.7361
8632,고은어린이집,204대,195214.3342,554004.6344
8661,월드컵대교남단,산2-1임,189595.3624,549869.0094
7974,인재개발원(연등)2,1436-11 대,202117.9988,542618.2734
7996,래미안아트리치,76-2도,205665.1791,556391.3268
7997,래미안아트리치(연등)2,404-1도,205729.617,556396.1167
8073,KKDC,272-11 학,185716.2697,551958.9196
8082,호텔엠펠리체,367-1대,185474.0933,551190.6425
8091,신동아파밀리에(경보),167-27대,211742.7058,548595.1075
8100,이대서울병원,964-2답,185432.6642,550869.5529
8151,영동대교북단연결로,,205197.2163,548129.066
8153,복지장안충전소,106-20대,205989.0252,553020.8395
8156,일원에코파크(경보)1,474-1 도,207800.6,544110.9375
8211,청담동 삼성생명빌딩(경보),89-13 대,203671.2838,547024.322
8213,조원로172(경보),1718 대,193033.4625,542973.9062
8238,참새어린이공원(경보3),390-5학,193143.9125,544254.2812
8261,본동SH빌아파트(경보),344-1임,195572.775,545667.5875
8262,이수힐스테이트106동앞(경보),102-17도,198356.8144,543824.0639
8263,사당휴먼시아아파트102동앞(경보),275-13대,197454.7624,542241.1543
8265,본동삼성래미안101동앞(경보),211-1도,195672.0375,545606.6
8266,진영빌딩앞(경보),1033-34대,198172.625,541915.5375
8370,서초센트럴아이파크아파트,1559-12대,201008.6805,543107.9483
8745,경인고속입구서측,57공,null,null
8757,노원정진빌딩,95-376천,null,null
8800,영동대교남단램프(연등),340천,null,null
8807,서정초교앞,927-7도,null,null
8808,발산나들목,1456-7 도,null,null
8809,내발산오가빌라,724-46도,null,null
7991,현대엠코타운,266-1대,195600.7875,544198.9625
7995,래미안베라힐즈201동,21-43대,194385.2149,555901.0869
7999,레미니스1단지입구(경보),442-11답,212042.0192,545344.6579
8027,용곡삼거리(연등)1,1496대,207609.3476,552214.5907
8028,월곡두산위브아파트(연등)1,225-11 도,203280.1536,556553.8785
8029,재동초교사거리(연등)2,11-130도,198675.2638,553308.4825
8030,강변맨션(연등),40-1007 철,196459.2665,547114.4325
8036,중곡제일시장(연등),167-20대,207321.2171,551533.2719
8043,대륭테크노타운12차앞(연등),319-25대,189720.6945,541097.2212
8057,신명초교입구(연등)2,81도,212955.0729,548882.7947
8063,염곡사거리(연등)2,330-4도,203761.4945,540650.4221
8199,MS빌딩,1012-40 도,205311.1612,544901.1405
8208,구로디지털단지역5번출구(경보),992-8대,191342,542891.2187
8217,대치지하차도(경보),352도,207036.1371,544436.9717
8218,대치지하차도(경보)2,350도,207351.1371,544350.7792
8224,돈암시장,209-1도,201482.7372,554632.5657
8229,삼성R&D센터(경보2),산21-35임,201959.8772,540831.8084
8234,신사시장(경보),475-84대,192669.35,542890.1937
8251,구리암사대교남단램프북측,,211855.6358,551866.0252
8269,백산초교앞2(경보),921-20대,191629.8125,538691.1875
8288,삼성R&D캠퍼스,산21-19임,202111.7375,540702.0866
8341,북아현119안전센터,1-145대,196110.1786,551254.6263
8385,길빛도서관,471-2학,202336.9684,556745.6526
8437,고원초교,76-10학,188058.9151,544179.3577
8477,신설17번,107-6답,215193.813,552336.16
8492,마포프레스티지101동,251-8대,195434.3632,550575.9402
8576,백운시장(연등),532-57임,201365.4585,561903.8974
8598,CU방배중앙로,927-3대,199349.6039,542481.7431
8613,고척초교사거리,134-58대,187383.1353,544503.9658
8614,서측RD입구사거리,152-8대,187494.8844,544663.2901
8615,공공청사입구삼거리,142-3대,187489.6849,544518.6194
8666,성산대교남단동측,35천,190300.7967,549459.5035
7981,테스트교차로,84-8천,193993.6879,548669.4464
8032,삼양입구사거리(연등)2,137-101대,202669.3593,557478.9905
8040,가산동주민센터(연등)2,133-38 대,190339.8099,542109.8898
8047,뒷벌어린이공원(연등)2,819-34 도,198866.1871,543452.9213
8050,목동파크자이107동앞(연등)2,330-9도,188430.3684,545693.9576
8052,문래현대홈타운(연등),30-2대,190477.6564,546668.3732
8054,호산나식당앞,819-34 도,198906.7217,543341.127
8064,염곡사거리(연등)3,349-9도,203773.5993,540735.0163
8065,영등포시장역(연등)2,92-7도,191698.4023,547013.8439
8071,항동하버라인9단지(연등),56-1답,184567.7462,542354.7656
8125,신원동482-5(경보),산1-3임,204639.8445,539390.3413
8290,드림요양병원(연등),42-1종,210732.2805,544205.1037
8333,에이스하이엔드타워9차(경보),685-535 철,189301.4375,542972.3
8339,원효대교남단(연등),85-5천,194479.7689,547032.7023
8353,영등포시장역(연등)3,29-1도,191621.6574,547114.9875
8405,개포래미안포레스트126동앞,,204977.9251,542127.1467
8408,북위례#3,323-218대,213783.822,543244.6148
8603,금부빌딩,1475-3도,187060.3066,551395.5391
8658,동작빌라앞,산32-59 도,197043.1559,542505.2116
8674,하나은행고척점,102-2도,187687.2541,544333.3031
7978,양진중후문,384-1전,208739.8309,549534.5563
7980,광장사거리(연등),266대,209052.7805,549581.7035
7982,에이스하이엔드타워5차,392-96도,189332.9545,542887.6562
7985,위례신안인스빌사거리(연등),393임,212638.7465,541773.3809
7986,위례포레샤인23단지,36 도,211872.3179,541987.1673
8022,래미안영등포109동,267-1 도,191738.8212,544990.1572
8114,삼성빌라(경보),166 학,213922.6456,549611.4815
8130,대원빌딩앞,779-6도,198625.3932,543492.2188
8192,성내삼성아파트(경보),137 대,211094.7375,548049.7187
8193,가양대교남단램프(연등),506-1천,187578.3078,551936.7485
8194,가양대교북단램프(연등),1548잡,188032.9255,552703.1826
8195,한남대교북단,410대,200970.13,547706.9357
8196,신내성원아파트101동,618대,208423.9338,556202.9338
8209,롯데하이마트상도점(경보),325대,195162.875,545074.0312
8210,강남N타워(경보),629-21 대,202873.4031,544530.6827
8247,구리암사대교남단램프,655-1천,212003.565,551654.0358
8249,신풍역출구(연등),3183-20 대,192185.8428,544519.0104
8349,서울금나래초교(연등),472-2 대,190721.7821,539891.8359
8356,"송파역1,4번출구앞",99-2학,209928.9722,544470.8373
8366,삼청파출소,97-1도,198335.2274,553558.5819
8369,명덕외고기숙사(연등)2,218-10답,185096.8077,550637.2265
8371,목동14단지(연등)2,1300 대,188659.5281,546286.8387
8381,신방화힐스테이트,260-37대,183674.8061,552017.8705
8439,경서농협수궁지점,산14-8 임,185263.5321,543880.7025
8491,으뜸부동산,62-13 도,195280.0763,550537.0678
8601,송파상운종점 단일로2,211-87도,213653.0108,543629.2859
8623,서울장월초교(경보),242대,204153.7122,557976.9116
8801,비비가구,11-23도,null,null
8805,월드컵대교남단북측,170천,null,null
8806,초안산지하차도,230-5철,null,null
8810,명보사거리(연등),22-2도,null,null
8811,월드컵대교남단서측,10-8 천,null,null
8812,개봉동작은굴다리,100도,null,null
8837,광남캐스빌,450-1도,null,null
7944,생명의전화(연등),222 대,203214.2515,556088.9334
7953,정의로삼거리,150대,210153.0362,543019.5748
7954,구로IC서측,685-223대,189032.4387,543243.2913
7955,신길주유소(연등),337-136 대,191775.3092,544450.4224
7957,율현초교삼거리,24-10 도,209664.3978,541635.2905
2658,문배동,1-4철,197427.731,548844.2306
2704,버들약국,738-29도,200036.2077,548584.7132
8086,명덕외고정문,92-4답,185405.2212,550622.4441
8107,고덕아르테온(경보),112-3 도,215084.3596,550473.9817
8110,고덕자이북문,121대,215026.4221,550470.6067
8111,고덕자이남문,124대,215072.975,550152.6062
8177,상현중(연등),산36임,196608.4019,543902.0268
8189,래미안영등포프레비뉴아파트103동앞(경보),282-20 도,191887.725,544975.3937
8252,구리암사대교남단램프북측(연등),,211774.9454,551990.2412
8253,가락중고교,162 대,210426.4987,544656.5309
8254,거마아리수올림터,5-18대,212998.1953,544390.3218
8255,가곡초교,96-2답,185534.3332,550609.8076
8256,잠실파크리오119동(연등),21천,209517.5393,546840.0671
8414,9번 교차로,657-11 도,213097.981,543062.7431
8425,문교초교,산197 임,191885.1766,540823.1397
8426,삼일자동차운전학원,697-2천,210780.7936,540832.8063
8538,천호대교남단진입램프,269제,210546.0448,549060.8921
8540,남명초교,311-14잡,187089.7105,546288.9555
8542,연가초교,5-152도,192718.9642,553293.8782
8551,돈암초교후문,80대,201180.4241,554949.9001
8562,양원성당,604 도,209349.5167,556556.6427
8579,태릉해링턴102동,215-24 대,207216.2374,558381.1445
8005,송천센트레빌,1288-2 도,202317.0885,556978.2176
8006,영훈초교,1288-2 도,202399.9645,556997.6322
8129,신촌금호아파트(연등),,193912.1602,550511.7656
8131,문래SKV1센터,8 대,190068.3091,546444.1448
8250,DMC쌍용아파트,369-21대,192831.8192,552917.2675
8335,항동중학교(S1),1-5대,184174.0706,542574.5272
8338,구로소방서(연등),327대,188033.4364,544264.2812
8350,녹번역e편한세상캐슬정문,산27 임,193959.4941,555637.4954
8351,우림빌딩,252-111대,201978.9851,560237.9537
8354,고덕아르테온328동앞,,215143.9539,550758.1582
8509,신당동공공복합청사,76도,201316.5174,551408.1309
8622,북악산산책로,산2-1임,198431.9412,554645.2938
8655,영도캐피탈,285-89 도,201185.3239,549035.9209
8147,잠실대교북단-01,723 도,207680.0399,547830.8902
8148,잠실대교북단-02,683-20대,207737.7859,547859.9669
8149,잠실대교북단-03,687-21대,207785.0102,547751.0408
8150,잠실대교북단-04,688-6대,207771.1104,547707.0791
8154,이랜드R&D센터,775-5 도,185647.828,552005.6253
8155,중앙보훈병원정문,598-2 전,213177.7852,547847.3643
8160,애지어린이집(경보),228-6대,212534.3125,548053.1562
8274,성현동주민센터앞,1736-110 도,195395.9314,543373.9882
1546,개봉1동사거리(연등),249-36대,186524.025,544736.5338
8279,원터공원,494대,213330.6328,550586.1453
8282,헬리오시티후문,313도,209057.8532,544459.2479
8291,봉천우성아파트103동앞(경보),1717 대,196456.5375,542943.7625
8296,클럽54골프연습장앞(경보),455-4대,198446.6375,542216.65
8604,늘사랑교회,32-35대,202524.4808,556620.6759
8606,수도방위사령부(연등),산100-3 임,198812.2401,541084.2676
8607,남한산성광장,271-5대,213876.668,543485.1198
8608,사당IC출구북관악,511-74잡,198575.854,541286.6306
8609,사당IC출구남수서,산164임,198722.6772,541085.2658
8610,길음롯데캐슬106동앞,510-103대,202299.582,556350.4246
8611,길음롯데캐슬116동앞,488-8대,202465.8242,556538.5953
8612,길음롯데캐슬118동앞,1288-2 도,202458.5654,556669.1654
8636,명지대사거리(연등),318-13도,192994.1122,553083.5648
8743,불암동아아파트(연등)1,95-293도,null,null
8762,수서신혼희망타운301동앞,344-1답,null,null
8789,영등포현대프라자,205-2 도,null,null
8833,새마을금고광장동지점,281-2도,null,null
8836,무량사입구,567-83천,null,null
7938,거여초교(경보),104-2 답,212406.9534,544991.623
7976,화물취급장(경보),700-5답,210829.9279,541468.9959
8090,강동파크빌(경보),191-78대,211592.125,548698.1625
8094,삼익세라믹APT102동,36대,203264.4991,561989.3694
8105,송파파크센트럴입구,182-2대,213236.175,543718.45
8121,다이치빌딩,901-22도,199627.1107,542771.6236
8142,신영소방서(연등),17-13대,196564.1098,556133.4371
8239,백운시장,532-31전,201389.4125,561800.0107
8243,송파레미니스앞,442-6답,212085.3762,545423.082
8244,영신초교,110-12대,192695.6356,545607.6606
8334,사랑의쉼터앞,187대,214765.0081,549727.7304
8336,항동초교후문,130-2대,184451.6845,542060.13
8343,신정뉴타운204동앞,601-3대,186150.8035,546350.9476
8344,신정뉴타운201동앞,544-8대,185940.6271,546254.9105
8345,신남초등학교,1055 대,186276.2291,546406.3986
8347,청운실버센터(연등),산1-1 임,197574.369,554081.3332
8363,래미안블레스티지후문,155 학,205515.6097,542568.0528
8386,성산대교북단램프,565-11천,190640.738,550874.0073
8393,과거현시교차로,346-1천,197909.9428,545860.8143
8442,보광초교삼거리,106-4대,199636.3033,548116.0132
8587,장위초교,238-100대,204256.2163,556831.1197
8700,위례솔초등학교,산64 잡,213380.5912,543103.9635
8701,연세로명물거리,134 학,194426.8372,550909.5533
8707,청운교회,754 대,204074.0853,544020.9056
8714,대림창고,289-32도,204971.7031,549189.9638
4181,우성맨션(연등)2,410-275도,201205.9607,559892.4466
7717,잠실유수지(경보)2,310-16대,207149.788,544723.7916
7718,고덕아이파크(경보)2,500도,213739.5603,551213.1205
7859,구룡터널입구(경보),산13-299임,206135.9137,540643.9761
7872,대치삼성아파트(경보),1011-8 도,205255.3984,544194.6995
8715,연은초교,242-111대,193363.333,554477.2816
7987,송파푸르지오,산39임,212552.9385,542459.4257
8009,고덕아이파크남문(경보),499 대,213703.0791,550912.8243
8108,고덕센트럴아이파크후문,,214751.6584,550457.7173
8123,고덕센트럴516동삼거리,,214868.665,550462.7602
8228,대명초교,256도,213483.11,549819.4862
8498,신도기연앞,1002-5학,190294.9641,540608.03
8500,장위꿈의숲703동,165-1대,204498.7426,557704.4296
8502,장위꿈의숲713동,305대,204173.9067,557729.628
8504,강일역앞,산8-1 임,215590.2095,550918.023
8522,서초그랑자이앞,1336대,202355.4923,543182.6726
8543,르엘대치정문앞,995 도,205759.7356,544687.9741
8572,가양대교북단램프2,,188185.7682,552990.2487
8584,대방동미소주택,391-29대,193514.7604,544425.2046
8588,e편한백련산,194-17도,193263.2675,555004.0541
8710,어린이대공원역(연등)2,98학,206534.0346,549718.8503
7961,우신종합동물병원,929-2대,186885.6519,547040.3267
7971,강동롯데캐슬134동앞,304-1답,212370.9783,550920.2866
8085,#49,910 도,185232.9543,550754.5705
8168,서초삼성물산(경보1),1394도,202290.6,544011.1687
8173,천호대교북단(연등),188-27대,209580.3403,549373.2204
8175,등촌1-10단지(연등),167-2구,185775.0374,551543.8983
8180,송정역(연등),18-104대,183413.2652,551315.3203
8185,영일오피스텔(경보),1154 대,197264.575,541766.7937
8220,신석어린이집,250-15대,194435.2375,549210.9399
8226,네이처힐301동앞,산 22-10 임,202362.5997,540526.0216
8245,잠실대교남단램프,7대,208602.4608,546338.824
8246,천호대교남단램프,481-9천,210302.6447,549114.7239
8372,마젤란아파트,1505-6제,207387.4683,554070.5465
8397,성산대교남단,177 천,190112.4616,549784.0525
8476,시립서북병원,24-49도,192099.2673,556215.6414
8637,위례대로18단지삼거리,산71-14임,213599.1756,543120.6105
8639,승리교,75-38대,193780.9473,542367.0262
8653,신길동홍어거리입구,188도,192200.5698,545729.6965
8680,위례중앙푸르지오입구삼거리,,212454.1061,541657.7841
4226,배명중,156도,208539.3115,544203.3241
4232,영인운수,266도,184224.7103,549601.6354
7881,래미안대치팰리스202동(경보),1019-10 대,205346.9426,543857.5388
8681,길음롯데캐슬,499-30대,202359.3191,556428.1884
8699,위례서이로연결도로삼거리,산21임,212064.603,542677.0984
8813,한성대입구사거리(연등)1,89-1 도,null,null
8814,BK타워삼거리,641-2 도,null,null
8828,반포래미안원베일리앞,1-1대,null,null
8830,봉영여중(연등),325-11도,null,null
8113,롯데캐슬베네루체709동,,214767.8344,549783.1355
8115,도란도란교(연등),56-2대,200627.582,554248.9181
8118,고명초등학교앞,15대,212909.8967,550251.29
8240,극락정사앞,148-7 공,195707.0305,545467.6089
8287,서초젠트리스(경보),산43-1임,205121.3926,539580.1817
8368,명덕외고기숙사(연등)1,195-8답,185141.0594,550633.1154
8515,신금호역(연등)1,122-1도,201768.2748,550626.8093
8599,잠실대교남단진출램프,239천,208342.9224,546775.661
8631,남가좌아이파크102동(연등),319-25도,192998.3617,552977.4501
8654,코스트코양재,216-1잡,203298.8202,540250.8373
8656,금옥어린이집,349-234차,201108.2034,549987.3698
8695,명인갈비,542-48대,192808.48,551871.8439
8696,창동동진빌리지,299대,203670.3377,561239.3229
7979,숭문고,3-62 대,195168.1125,550098.0501
7983,마곡트루엘오피스텔(C3),754-6 도,184661.0514,552101.574
7984,송파IC진출입램프,245-15 도,211358.3713,541814.5925
8127,BMW서비스센터,450대,191460.9795,551896.5053
8167,서초삼성물산(경보2),858 도,202361.925,544038.9937
8181,우리은행강남역지점앞(경보),619-7 대,202350.0375,544436.6937
8188,래미안영등포프레비뉴아파트110동옆(경보),299-1 학,191679.3875,545051.1687
8190,대성DPolis(경보3),459-21 장,189056.925,542217.3812
8191,대성DPolis(경보1),459-16도,189157.8875,542168.5812
8197,버들2교(연등)2,397-14전,210468.543,542061.4219
8198,송정역,614-73대,183205.0446,551343.8407
8200,아주초교(연등)2,86대,206616.7319,545192.5714
8201,대명초교입구연등(경보),102도,213684.875,549402.7687
8202,힐스테이트암사(경보),509대,211110.45,549854.1437
8203,KT신사지사(경보),456 대,202566.55,547379.4812
8219,임오빌딩,487-365대,192742.0281,551008.8481
8232,상현중1(경보),산36임,196632.0894,543881.6831
8323,피자헛삼거리,산117-1임,204578.7203,558030.0337
8357,잠현초등학교앞(연등),471천,209232.5118,546905.1739
7902,망원우체국(연등),257-8대,191816.9582,550934.5776
8455,힐스테이트리슈빌강일505동,52-8답,215443.9383,552795.4777
8458,신설10번,,215575.3248,552601.1592
8459,신설9번,,215491.8529,552574.2755
8461,강빛중학교정문,112-10 전,215206.1848,552713.2886
8475,송파IC지하차도,57-2도,211449.3957,541276.7641
8539,천호대교남단진출램프,481-9천,210310.0672,549149.3531
8618,휘경1동주민센터(연등),85-101도,205716.5925,554870.0084
8665,한솔아파트101동앞(연등),1-19천,190064.4005,549495.5452
8667,성산대교남단동측B,36천,190363.9077,549418.4084
8702,자양1파출소,393-1,206788.0229,548610.7133
8723,599모터스,1514학,null,null
8728,심미아파트(연등),1090도,null,null
8729,화곡복지아파트,662-13도,null,null
8730,경동시장(연등),47-1도,null,null
8732,성북초교(연등)2,63-11 도,null,null
8733,쌍용남산플레티넘,27-3도,null,null
8075,캐스트윈,323-1답,185523.2009,551575.2939
8079,LG에스엘씨,422-61도,185001.3233,551349.9361
8081,마곡필네이쳐,789-10 도,185560.6386,551283.1338
8102,미주고시원(연등),30-32대,198031.5207,549917.264
8126,아현시장,137-5대,196050.4969,550649.5504
8161,선사로6길(경보),350-3도,210532.1375,549086.9187
8163,서부경찰서(연등)1,27-21대,193009.5041,555847.1872
8164,고덕그라시움145동,169도,214908.287,550966.2001
8427,창도초교후문,660도,204438.3653,562733.8729
8438,고원초교(연등),76-147대,188055.6392,544207.6642
8441,바다마을아파트앞,143-49 도,192586.2494,544864.8888
8460,신설7번,127-2 구,215278.2388,552495.7394
8463,"신설14,15번(연등)",,215496.9904,552526.2686
8464,신설11번,113-2전,215181.5317,552414.883
8466,화곡터널남단(연등),409-8대,186406.8752,548254.1686
8467,북위례#4,572도,213906.3535,543324.095
8490,교보생명,40 도,197991.8158,552452.0581
8517,광진교북단(연등)1,188-15도,209637.082,549639.1009
8520,파리공원앞,901-9 도,189206.1938,548464.1625
8563,포레샤인17단지출입구,276답,213045.8435,542785.3376
8577,양원S1블록101동(연등)1,599 도,209383.1952,556637.9834
8578,양원S1블록101동(연등)2,604 도,209412.8519,556638.6427
8583,서울숲IT밸리,13-207 대,204470.3682,549712.8222
8670,성은예배당,382-1천,206354.2744,555287.928
8673,한신더휴103동,3-819도,202890.2264,557810.2491
8676,방배제일은행,725대,199029.5487,543959
8706,태평양파크빌라트,88-2 대,210852.0936,545985.4793
8708,의생명연구센터,805-32 도,203981.5844,543804.5054
3827,녹색환경교육센터,142-2천,189850.6454,548971.8575
8716,홍은새마을금고,11-542대,195375.9473,555501.1761
8717,구룡초교(연등),649 대,204687.1497,542360.9975
8746,면목한의원,630 도,null,null
8775,한강밤섬자이,12-7 도,null,null
8845,광운대입구(연등),122-12 도,null,null
8846,답십리초교입구,439-97 도,null,null
8849,KT강남지사,801-7 도,null,null
8233,철산교하부(경보),426-5 장,189190.0375,541819.4187
8235,인헌중학교(경보),1655-10대,197065.2,541414.6812
8236,참새어린이공원(경보1),390-5학,193107.85,544269.7187
8237,참새어린이공원(경보2),390-5학,193095.6625,544253.0312
8327,서울금나래초교(경보2),426-3답,190888.0679,539840.7942
8360,독바위역(연등)1,16-103대,194088.9916,557654.2567
8391,창신초교(연등),20-136 대,201364.6196,553057.2604
8472,마천동교회,229-2 전,213888.0358,544095.6789
8501,장위꿈의숲707동,316-5 대,204281.6526,557811.3508
8503,꿈의숲교회,171-35도,204448.9617,557546.9414
8513,도화현대110동,139-214대,196130.5332,548964.029
8514,도화현대110동(연등),155대,196057.9169,549019.3132
8568,청원빌딩,5-174대,196397.9118,548855.9674
8586,강빛초등학교(원형교차로),119-6 답,215091.7691,552680.5818
8638,신화아파트앞,산197-31임,192656.5047,541959.1531
8671,중화2동굴다리(연등),314-42도,206705.7584,555280.674
8675,고척아이파크몰,102-8 도,187593.4196,544415.0156
8690,증산2교남단(연등),352-1 천,192222.8758,553764.941
8694,용문시장1문,88-1학,196521.7131,548616.9713
8697,북서울꿈의숲동문(연등),산28-4 공,203914.3089,557722.0073
7930,도원래미안삼성아파트(연등)2,5-713철,196335.3573,548878.7144
7935,공항지구대,614-1대,183117.4359,551449.7667
8362,공작아파트,84천,193741.9751,547440.6233
8365,방배3치안센터(연등)2,988-1대,199949.5155,542151.401
8373,면목아이파크108동,284-13도,207178.7849,553762.2998
8396,백련산해모로아파트(연등),109-22대,192945.7153,555171.1119
8421,74반점,423-95대,201128.607,560920.432
8422,홍능주유소(연등),산1-157임,203788.8776,554266.6933
8428,창경초교정문,20-7도,203048.8164,561748.934
8429,은평직거래장터,106-24도,192895.4752,554902.7784
8430,역촌초교후문,22-12 주,192488.8802,555869.9623
8443,보광초교삼거리(연등),106-2대,199610.6022,548174.9041
8553,구로SKV1센터,,183803.4395,541929.3303
8591,역삼초교(연등)2,741-41 대,202977.6042,543795.1487
8620,공릉역(연등)1,366-3대,206423.4781,558502.7895
8627,1번교차로,266-1답,213221.1896,543138.2886
8640,대림초교입구,391-230대,193396.7162,544492.356
8641,프린스빌라,산145-12임,206421.1989,562883.6228
8642,공릉한보아파트,189 학,207061.4974,558646.7902
8643,신성빌딩,624-107 대,203998.4791,563512.8384
8679,위례신안인스빌사거리,393임,212693.5561,541779.9699
8682,성우하이츠빌앞(연등),258-586대,202637.5826,558432.5551
8734,군자동주민센터,55-1도,null,null
8735,경원타운빌,669도,null,null
8737,노들로서부간선도로진입부,1-22 천,null,null
8738,성산대교남단서측,10-2천,null,null
8739,까치산역,662-5도,null,null
8741,선아유치원,129도,null,null
8742,잠실대교남단진출램프(연등),1-1천,null,null
8747,휘경SK뷰104동,120-10도,null,null
8748,보람동물병원,700도,null,null
8750,상봉역(연등),160-4 도,null,null
8754,블래스아파트삼거리,224-4 도,null,null
8755,패밀리타운아파트입구사거리,308-2도,null,null
8756,수서행복주택아파트입구,196-1 도,null,null
8758,상계롯데캐슬정문,91-3 도,null,null
8760,수서행복주택101동앞,324-1답,null,null
8761,수서행복주택103동앞,332-3답,null,null
8763,은석감리교회,385-13 도,null,null
8764,한울소공원,385-13 도,null,null
8766,도봉119안전센터,637-4 도,null,null
7933,서울식물원,17-4유,185475.1043,552125.2336
7936,가양3단지(연등)2,439-1제,187189.0918,551666.6669
8000,가래여울지하차도,22전,214989.0517,552878.8943
8074,에스오일TS&D,296-1답,185546.1798,551767.1224
8078,LG생활건강,350답,185315.6296,551456.3955
8157,인암빌(경보),293-61대,204068.423,551261.2759
8204,논현동청년주택(경보),33-22 대,203828.9397,545628.7348
8270,시립은평병원(연등),232-3 대,193197.9247,554712.6467
8272,사이언스파크어린이집,671-2 답,185032.7234,551630.5275
8280,원터공원(연등)1,494대,213271.8094,550585.7568
8310,문교초교(연등),산116-2임,191843.475,540885.525
8311,유원강변아파트103동앞(경보),324천,195727.5,546140.5125
8317,전한의원앞,822-23도,198718.7,543492.6875
8328,상일어린이집,212대,214633.5763,550599.7435
8359,홍제삼거리(연등),223-20대,195293.4505,554058.246
8364,흑석어린이집,79-35대,196500.3625,544458.9
8471,힐스테이트리슈빌강일507동(연등),109-5전,215270.4868,552735.0644
8506,"네이처힐5,7단지앞",277전,202097.9651,540313.6694
8507,영문초등학교앞,19 대,190009.5329,546664.1252
8534,연희IC(연등)1,132-50대,193803.3032,551775.2638
8683,월튼힐타운,산146임,206263,563029.0788
8684,SH스카이101동,468-43학,201084.4673,558709.9921
1902,여의도광장,2-11도,193468.7651,547482.0271
7913,목동14단지(연등)1,281-24 도,188653.7154,546147.4254
8693,옥수삼성아파트후문(연등),250대,201245.1343,549025.0454
8711,용두교앞(연등),982-1대,203229.9541,553182.987
8712,잠실대교북단진출램프,692학,207862.403,547635.4287
8841,test6수정,535 도,null,null
7931,사이언스파크1차,328-3답,185334.8484,551598.1643
8002,e편한세상아파트101동입구(경보),886-26도,199772.2644,542783.9137
8003,방배한화아파트입구(경보),884-21 대,199817.9393,542800.8758
8117,래미안솔베뉴105동앞,489학,212933.4441,550478.0236
8119,고명초등학교앞(연등),317-23대,212916.8286,550312.7296
8222,우성아파트102동(연등),271-1 대,202337.7595,562002.9442
8223,쌍문초교후문(연등),285-5대,202126.8575,560960.7884
8225,SRT수서역,723 대,209187.8795,542816.1698
8241,종암사거리(연등),90-861대,202874.6015,555888.1189
8413,4번 교차로,산71-45 임,213649.0267,543448.3433
7998,왈츠식물원(경보),180-4대,214497.0047,549303.0723
8077,센서텍(연등),319잡,185651.0896,551557.4692
8080,범한기술원(#31),367-1대,185487.069,551291.5035
8139,행운부동산(경보1),979-6도,195077.4808,542188.7988
8283,삼성1파출소(경보),93 대,205339.9793,546170.5877
8303,신풍지구대앞(경보),3056대,192215.4625,544406.2
8304,한우리정보문화센터(경보),1435-19 대,202132.0125,542558.6
8307,한신휴플러스101동앞(경보),190-3대,195650.2875,545531.7125
8320,강남역아이파크2차오피스텔(경보),200-3 대,202141.3875,544775.9375
8329,보라매SK뷰아파트201동앞(경보),897-2대,192796.8423,544889.1675
8564,서울맹학교,64 대,197527.0989,548314.3025
8581,태릉해링턴110동,119도,207435.9847,558411.164
8619,천호대교북단램프,188-2대,209586.88,549406.2362
8649,태승빌딩,480 공,202965.1648,547571.0405
8650,서초네이처힐1단지앞,167-2답,201878.4106,540501.7544
8664,한솔아파트101동앞,1-26천,190041.4428,549469.1225
8678,현성빌딩앞,85-1수,193662.4198,545750.1254
8709,망우금호어울림,80-2 도,209549.2681,555833.2891
8725,성원빌딩앞,812-28 도,null,null
8749,국회대로공원,951-7도,null,null
8751,개포5단지앞사거리,197-1 도,null,null
8752,개포초교삼거리,197-1 도,null,null
8768,서강대교북단램프(연등),149-1천,null,null
8769,서강대교북단램프,149-1천,null,null
8770,창4동어린이집,759 도,null,null
8771,상계주공1501동,660도,null,null
8772,상계푸르지오104동,140-257천,null,null
8773,당고개지구공원,65-42천,null,null
8726,G스퀘어앞,222-15도,null,null
8776,용문동어울림센터,38-9도,null,null
8782,정의공주묘(연등),465-2구,null,null
8783,힐스테이트청량리,47-39 도,null,null
8784,휘경동롯데102동,146-75구,null,null
8785,회현119안전센터,39-7도,null,null
8786,국민안전교육연수원,407-28도,null,null
8788,문정초교정문,12-2도,null,null
8790,황학동벼룩시장,160도,null,null
8791,남산육교,235-1도,null,null
7928,장우오피스텔,30-84대,198382.0042,550031.6482
8001,e편한세상아파트입구(경보),903-17대,199743.3301,542678.1484
8104,에스씨텍(경보),60-26장,189957.6039,541571.9239
8138,남대문중학교(연등),500학,204868.7171,557574.3305
8271,창원빌딩,133-12대,212844.2924,543960.5841
8273,양재빌딩,99-5천,203559.8596,541626.6128
8313,상도롯데캐슬아파트101동앞(경보),211-444대,195042.5429,544150.3289
8315,반포쇼핑타운3동앞(경보),72-2대,200250.1125,545182.4125
8316,한일공인중개사앞(경보),758-3도,198977.9375,543621.025
8321,대우아파트놀이터(경보),산41-1 임,212872.5125,551055.7375
8322,독산테니스장앞(경보),882-19대,191670.5625,541729.9
8324,대륭20차(경보),998-17대,190061.2135,540820.7123
8431,현아트빌,457-24대,192900.0472,542943.3617
8567,용문시장2문,12-14도,196579.8711,548495.8434
8731,성북파출소,63-11 도,null,null
8736,송파시그니처입구,689-8 대,null,null
8835,미림여고(연등)2,298-2도,null,null
8838,수색초교정문,131-2전,null,null
7962,잠실2동주민센터앞,22-3 학,207824.5182,545793.2913
7966,안골마을,247전,205543.1557,539618.0177
7967,선유초교,23-6대,190568.1576,548118.9992
7992,롯데캐슬골든힐스,1280 대,201362.4423,556575.4013
8010,연희파크푸르지오,404-11 대,193683.9792,552954.0557
8116,신장위교회,157-5대,204554.6057,557630.8435
8120,코끼리마트앞,927-36도,199286.3885,542599.7496
8122,송파성광교회(연등),251-2 대,210175.1897,547809.8529
8133,백련산해모로106동,101-20대,193197.3225,555074.1825
8134,응암2동주민센터(연등),194-17도,193209.2641,554933.6661
8143,구립양지어린이집앞,산12-2 임,197493.375,543336.9937
8165,고덕그라시움후문,217대,214056.78,550811.852
8337,광운대입구,402-1도,204980.9965,557485.6888
8352,영등포교회앞,29-26도,191741.9822,547005.0963
8398,삼일빌딩앞,145-9대,200022.8074,551457.3256
8402,위례지하차도상부,354-11 도,211730.694,541730.5787
8403,한남대교남단진입램프,386 천,201379.0995,547250.8969
8406,퍼스트클래스삼거리,산50임,213172.1503,542738.493
8432,일광빌딩,1469-8도,193014.4661,542969.7701
8433,신림신도브레뉴,702-9천,192134.7217,542766.5626
8434,영원초교정문앞,647-1 대,191408.8683,545646.3169
8533,와우교,100-41대,193906.1666,550728.1167
8541,여의도지구대,84-1천,193552.4761,547871.5299
8621,신내역시티프라디움101동,318-29 전,209072.2376,556644.7141
8646,서대문소방서구조대,76-14도,194237.2094,552464.3951
8704,63빌딩(연등)4,86-1천,194686.417,546811.083
7929,삼연빌딩,277-72도,205049.3169,549417.054
7932,서울식물원남측(#15),775-3 도,185388.7191,552002.1348
7934,코오롱타워,307-1전,185358.4843,551791.451
8145,서교천주교회(연등)2,328-28대,193547.9355,550423.5302
8158,화랑삼거리(연등),103-70 철,207962.8863,558139.9271
8242,은평뉴타운129동,221-30전,192883.655,559313.6564
8248,도림교회앞(연등),618-354대,190907.2183,545521.714
8277,지봉로8길입구(연등)1,57-62도,201386.8966,552794.6938
8278,잠실올림픽아이파크,445-1 도,210071.3371,547257.5199
8289,서울강림교회(연등)2,312대,187846.6315,546380.7398
8390,에이스하이엔드타워5차(연등),390-269 도,189346.9889,542848.9817
8420,제이플라츠(연등),371-9도,189516.1514,542372.0914
8497,서울고교,1515-14대,200362.2569,542668.3712
8518,반포주공66동(연등)2,1335-4천,198752.2044,544934.653
8523,신내SKV1센터,산2-1임,210007.6614,557146.681
8525,양천공원앞,318-8대,188436.5499,546606.696
8535,김안과병원,133-1대,191254.6472,546644.172
8552,행복숲어린이집앞,176-4도,212005.5049,543918.9448
8560,당현초교후문(연등),744도,205062.6533,560923.5825
8561,양원S1블록104동,604 도,209463.4116,556707.8892
8705,한진그랑빌아파트(연등)1,317대,203309.7268,558619.5559
8718,인왕초교,266-233대,null,null
8721,송파파인타운2단지(연등),117 대,null,null
8740,국민건강보험공단강서,709 도,null,null
8765,구룡사거리,,null,null
8792,광장그랜드빌앞,570도,null,null
8793,태영프라자,410-17도,null,null
8794,안천초교앞,1088-5도,null,null
8795,안천초교앞(연등),1088-5도,null,null
8796,대우미래사랑아파트앞,647-4도,null,null
8797,더사랑하는교회앞,212-3도,null,null
8798,한국콜마종합연구원,188-3도,null,null
8799,연신내역7번출구,487-2도,null,null
8802,월드컵대교북단램프1,487-342천,null,null
8803,월드컵대교북단램프2,487-137천,null,null
8804,SK기린주유소앞,280-5도,null,null
8815,BK타워삼거리(연등),641-2 도,null,null
8816,푸른솔어린이집,647-3 도,null,null
8817,솔밭로입구,1693-39도,null,null
689,56사단,284-5도,194240.0093,561188.9695
8819,test,250-10도,null,null
8820,방배119안전센터,504-2도,null,null
8821,성현동주민센터앞(연등),738-69 천,null,null
8822,비즈밸리입구,232도,null,null
7975,도란도란교,125대,200703.3514,554225.9271
7988,연결,302-20천,196439.5885,546400.2061
7993,흑석복지센터앞,259천,196609.0458,545487.9443
8020,신한카드,282-1 도,191009.4231,548337.5564
8021,금천롯데캐슬1차(연등)2,1009-73대,190828.424,540231.8072
8132,백련산SK뷰아이파크,110-30대,192879.9911,555201.9399
8135,KKDC(연등),272-11 학,185759.2188,551927.9774
8136,마곡필네이쳐(연등),789-10 도,185620.8056,551278.136
8137,남대문중학교,500학,204806.685,557646.7507
8144,네이처힐501동앞,147-1답,202304.9961,540282.1123
8159,한남대교램프,490천,201278.3025,547306.1714
8212,두산초교후문(경보),333-5대,190329.525,540809.5312
8215,세움교회(경보),297-47대,194345.7,545210.3062
8264,나비소공원(경보),527 대,195006.5037,544852.7375
8267,경남교수아파트앞(경보),4533-1 천,192228.3463,544083.2428
8276,잠실대교북단-04(연등),692학,207821.0705,547622.6661
8281,원터공원(연등)2,307대,213444.7451,550593.9415
8340,서초래미안(경보),30-22잡,201620.037,544258.0784
8379,맥파이빌딩(연등),664-26도,186782.0349,547934.623
8468,신림4-5동교,1454-20 대,193287.6384,542888.0831
8469,개포래미안122동,660-3 대,204893.7062,542037.7301
8470,개포래미안122동(연등),660-3 대,204876.6687,541950.279
8645,쌍문119안전센터,309-3학,202349.6977,560966.7194
8652,영동대교남단램프,340천,204933.3981,547551.3357
8686,상계역3번출구,172대,206466.6453,562364.8975
8687,신림빗물펌프장,700-2도,191843.864,542833.9346
8774,봉원빗물펌프장,145-3천,null,null
7994,유진빌라트앞(경보),554-2도,210837.801,549610.5114
8140,행운부동산(경보2),913-32대,195075.7308,542154.3613
8152,천호대교북단,322-4대,209421.884,549425.5358
8162,레미니스2단지입구(경보),444-16답,212242.4329,545180.8503
8275,혜화동로터리(연등),22-19대,200078.8046,554040.2466
8298,대우효령아파트102동앞(경보),921-22도,199375.9,542275.6625
8299,방배3차대림아파트(경보),612-49대,199325.0177,543790.5155
8305,남성지구대(경보),163-46대,197698.2,542728.5625
8306,중앙대메디컬센터앞(경보),172-12 도,196572.6061,545419.1743
8331,항동퍼스트빌601동,115전,184200.1387,542033.2015
8361,공작아파트(연등),84천,193691.6371,547503.2414
8377,위례파출소앞,491임,212888.1773,542086.8479
8378,가산센트럴푸르지오시티,142-45도,190337.1693,541694.1387
5746,문래한신아파트앞,43-1도,189815.8151,546695.9622
7918,마곡배드민턴장,74답,185097.1625,552581.2625
7924,염리초교후문,161-7대,195111.6295,549174.8888
8410,송원초교,90대,206208.9537,550415.6339
8412,영등포푸르지오아파트206동앞,423-98도,191577.6646,545992.213
8415,7번 교차로,산60-10 임,213529.1956,543222.4439
8416,창1동주민센터(연등),335-2 도,203961.5383,561020.9871
8456,신설6번,110-3전,215168.7008,552459.6705
8510,경복궁(연등)2,165-10 대,198159.0614,552870.9612
8519,송파호반써밋아파트,산41-1임,212631.5727,542874.837
8536,양화대교남단,56-2천,191009.4634,548595.9726
8537,신동아럭스빌앞(연등),1018-1대,200098.727,541873.8009
8571,CU교대역점앞,1738-4도,201559.2841,543940.6065
8573,가양대교북단램프2(연등),,188206.3907,552969.251
8574,양원S1블록101동,604 도,209393.5171,556612.9546
8698,국민은행화양,73-35천,205652.354,549852.348
7958,은평성모병원정문,산100-44임,192553.3228,559426.7994
7963,웃말공원앞,225-1도,210790.629,544809.6012
7965,상도노빌리티101동앞,215-109대,195304.1082,545128.8588
7968,보라매나산스위트앞,425대,193310.7638,543434.2141
8093,남산적십자,111도,198941.6945,551102.9078
8095,문영퀸즈파크,636-89 대,188643.5763,544063.1775
8146,밀알학교(경보),50 대,207346.3138,542964.4291
8257,고덕센트럴502동,121대,214601.4969,550315.1199
8375,월계중정문,산82임,204659.8509,559088.8247
8376,시티파크103동,2-4공,197264.4913,547379.2113
8380,망우택시미터,524-14 종,208289.3409,554397.6487
8384,LG베스트샵군자,668도,206987.9695,550769.5379
8399,상곡초교(연등),641학,205451.1642,562545.5389
8407,호반가든하임아파트,270답,213451.9116,543001.2106
8440,당중초교,57-3유,190154.9609,547414.5156
8524,국립정신건강센터후문(연등),168-2대,207387.2656,551686.1676
8565,동일초교(연등)1,660도,204785.6498,562757.7744
8626,신내역금강펜테리움,44-9 도,209704.013,556713.589
8644,창동북한산아이파크,727-13 구,203682.177,562163.244
8647,효자동삼거리(연등),1대,197673.7898,553721.6742
8648,은곡유치원,산50-9임,208600.7006,540855.9612
8651,웅산빌딩앞,75-8대,193820.2022,542401.088
8662,양화교동단,153-1수,189573.8829,549856.758
8663,아리수정수센터,163-3제,189507.1458,549953.5627
8689,보라매운수,701-11도,191721.2209,542676.3203
8692,상계역(연등)2,156-183도,206354.1893,562305.8317
8744,반포르엘201동,112도,null,null
8753,개포7단지앞사거리,197-2 도,null,null
8778,호반써밋14단지후문,657-9 도,null,null
8779,위례장지터널상부,산33-12 임,null,null
8780,산기슭공원삼거리,산138-6도,null,null
8781,래미안서초에스티지아파트(연등),1380 도,null,null
8824,창동문화산업단지,1-12 도,null,null
8825,서울에너지공사,901-8 도,null,null
8826,수색초교후문,129학,null,null
8827,우석빌라,150-196도,null,null
8829,신반포어린이집,1-1대,null,null
8832,신내IC진출램프,73-1 도,null,null
8834,명신초교(연등)2,225-279대,null,null
8839,DMC롯데캐슬113동,358-3대,null,null
7990,래미안베라힐즈208동,4-247대,194368.5865,556203.2232
8083,대방디엠씨티2차앞,239-18 대,185743.0032,552144.8098
8166,서초삼성물산(경보3),858 도,202328.9876,544129.4187
8169,배봉초교(연등)2,산32-20임,205915.7057,553229.0026
8171,영동대교북단연결로(연등),204-16도,205168.1033,548143.4842
8172,불암도서관(연등),593대,207228.8897,560714.7899
8174,휘경SK뷰(연등),112-12대,205788.3815,554985.8766
8176,범일운수(연등)2,230학,192298.0995,538967.6197
8178,서초더샵1단지앞(연등)2,221 전,205657.7049,539467.3633
8184,팬코(연등),1081답,185702.8526,551267.7289
8186,흑석롯데캐슬(연등),340-10 도,196533.0095,545009.1495
8187,한국자동차유리(경보),304-45학,197517.9625,541806.9562
8259,아크로리파크107동앞(경보),1-1대,199560.5375,545161.6875
8449,명진카센터,609-1 대,201137.8991,554743.7671
8453,신설12번,107-2답,215296.4062,552461.3849
8454,신설5번,123-2잡,215141.6503,552538.7445
8457,신설16번,,215591.0198,552562.5371
8462,"신설14,15번",,215467.6313,552517.4325
8465,힐스테이트리슈빌강일507동,108-6전,215330.5607,552756.5562
8546,신내힐데스하임정문,599 도,209322.6483,556680.3826
8508,북가좌1동주민센터,304-23대,192095.6214,552740.4481
8544,칸타노체,65-13 도,209281.0542,556917.0971
8777,성북풍림아이원101동(연등),83-137 도,null,null
8787,유성하우스,215-179도,null,null
7960,구의래미안입구,60-8공,208076.7223,549547.5428
7964,강동유정유치원앞,47잡,215435.6972,550117.2198
7970,신암중후문,255-2전,211700.5899,550777.0106
7973,율현초교정문(경보),346-1도,209510.9929,541658.9865
7989,교차로연결용,302-20천,196485.1264,546421.7402
8037,통의파출소,1-1 사,197717.1195,553050.5326
8045,독산4동삼거리(연등1),997-22도,191426.2516,541302.4732
8053,백제고분(연등),15도,210202.0806,545455.5131
8055,선린초교(연등)1,30-4대,212865.0832,547696.4542
7340,월계역신도브래뉴(경보),320-12공,205141.6448,558763.5675
7343,초안산쌍용102동(경보),산24-1임,203948.7932,559069.8851
7351,신묵초교입구,242-3대,206495.7655,556290.5175
7648,수유시장앞(경보),163-2대,202247.2254,558953.1799
7651,K마트(경보),255-7 전,213932.7533,543956.3849
7652,가락시장 강동수산(경보),479대,209719.5883,543833.7847
7656,마천역(경보),191-46대,213461.1482,543915.5582
8060,씨티극장(연등),800-31 도,202316.1153,544617.566
8066,은정초교(연등),276-1도,188231.7818,545676.4726
8097,도봉시장(연등),642대,204123.4378,563771.568
8101,올림픽대교남단램프,255-1천,209488.339,547884.982
8141,항동중앙교회(S3-1),197-2 도,184124.2327,542082.7577
8205,가락수산물시장(경보)1,600 대,209519.2202,543585.5274
8358,르네상스호텔(연등),691-21 대,203750.5385,544882.3195
8388,만복기사식당,431-33대,191155.5822,550665.6501
8400,포레나노원1단지,641학,205413.087,562726.2582
8418,래미안리더스원아파트입구,1337대,202456.8534,543342.8038
8600,송파상운종점 단일로1,300-39대,213554.5516,543690.2874
8635,가재울성천교회,159-10대,192727.9011,552337.8953
8685,금화왕돈까스,1356 대,203057.7927,556993.0326
7940,김포공항내,886 잡,182263.182,551446.0136
7942,상암카이저팰리스앞,1653 대,190384.7429,552750.0467
7948,수유1파출소(연등)3,55-7도,201573.4963,558991.8901
8004,강남자동차검사소(경보),480천,210591.7915,541048.6296
8034,세종초교(연등),143-11대,206377.8878,550371.6651
8041,거여치안센터(연등),133-9대,212815.976,543882.2754
8051,문래동사거리,54 대,190917.8501,545970.3785
8092,교일학원강북,205 대,201644.7139,560150.8638
8103,한일모터스,60-32장,190017.3918,541409.2719
8124,마포세무서,1-29 대,194667.1394,549717.6199
8128,신촌금호아파트,49-31대,193993.9437,550439.1639
8382,고덕센트럴푸르지오,613전,215130.7071,550980.9356
8383,위례서로정식도로(#2),342-1학,212603.0939,543238.5225
8394,양재시프트(연등),75-5전,202984.8034,541562.91
8411,영림초교정문앞,1012-8도,191387.5499,543041.7963
8444,올림픽대교남단하부,386 도,209642.0169,547726.8582
8499,장위꿈의숲701동,316-5 대,204368.1689,557878.5376
8558,힐스테이트신촌103동,1-1348대,195766.1559,551444.6782
8585,보라매자이아파트,393-60대,193524.5166,544309.3475
8590,이비스호텔,158-7 대,205074.2655,545115.0691
8668,신무문,1대,197825.475,553805.0651
8669,춘추관,산5-16임,198175.6771,553768.2963
8720,한솔동의보감,979대,null,null
8722,한국금거래소,50-5 대,null,null
8727,욱빈타워,306도,null,null
8823,여의도삼부아파트(연등),2-1도,null,null
8831,한영프라자(연등),723-6도,null,null
8840,압구정토끼굴(연등),495 도,null,null
8843,test11081,535 도,null,null
8844,효문중,437-9 도,null,null
8847,새샘근린공원,439-97 도,null,null
8848,신답경남아파트101동,645-1대,null,null
8850,플러스빌,534-12도,null,null
8851,노들로신길역앞,15-3도,null,null
8852,당산초교앞,37-1천,null,null
7947,수유1파출소(연등)2,55-7도,201567.119,559102.492
7949,동작사회복지관,13-2학,194116.6894,545158.0531
8025,공진초교후문,1290전,184266.9467,551017.471
8033,삼양입구사거리(연등)3,137-95대,202635.7397,557451.3099
8062,염곡사거리(연등)1,341-6대,203898.9104,540772.3241
8070,항동하버라인10단지(연등),82-4대,184522.7034,542127.4172
8072,여의도지구대(연등),84-1천,193548.3821,547842.6947
8109,고덕센트럴아이파크정문,,214738.6497,550116.9246
8112,롯데캐슬베네루체702동,131대,214619.9024,550015.753
8206,서부샛길삼거리,459-18 체,189084.9,542141.6885
8207,사당대림아파트5동앞,167-6대,197632.45,542889.0062
8216,대치지하차도(경보)1,306유,207157.0896,544427.9242
8260,오일기업(경보),327-23장,189781.175,540954.0125
8392,강남한양수자인426동앞(연등),173-1구,209940.3066,541552.0012
8401,포레나노원2단지,680대,205458.332,562427.6553
8404,개포래미안포레스트입구,649 대,204633.3347,542312.9258
8417,진주문순복음교회,625-35 도,201360.3845,560114.4713
8419,신정이펜하우스3단지(연등),1322-1 공,184725.02,546044.242
8435,대한민국역사박물관,1-57대,197980.076,552746.2246
8446,역촌빛교회,49-11대,192093.1668,556103.4012
8049,목동파크자이107동앞(연등)1,276철,188332.0236,545573.2799
8059,신암중후문(연등),258 전,211820.769,550782.6503
8258,세이브마트(경보),597-48도,192807.8,541639.15
8342,고덕그라시움105동앞,,214380.0109,550760.635
8554,힐스테이트신촌115동,197-14대,195622.23,551184.7969
8556,힐스테이트신촌정문,189-19대,195753.6265,551294.2994
8559,정덕초교입구,538-119대,201287.8037,555227.3227
7844,더청담아트홀(경보),81-5 대,203851.5724,547048.7628
7852,신사동 에이랜드(경보),426 대,201989.1517,547117.8259
7857,양재초교(경보),산46-2임,202938.5877,541619.7176
7544,완구시장입구,59대,201243.4181,552558.4266
6880,C-6,381-3답,184461.3622,551421.5078
6892,국사봉터널남측,1712-21 도,195204.1748,543358.2147
7746,체성회(연등),60대,204334.9805,554079.1049
7774,공무원연금매점(경보),12 대,206502.2969,543400.8505
6828,형성물류창고앞,,212698.9344,545187.7124
7171,양천구의회(연등),314대,188214.5113,546541.7675
7194,화곡고등학교(연등),709-27대,185281.2017,549843.5618
7199,삼환아파트후문(연등)1,232-16도,187042.8417,543880.4436
7643,서교동(연등),206-2대,192901.1467,550479.8892
7798,국회의사당(연등)2,1대,192732.9601,547599.6011
7385,삼선빌딩(연등)1,4-4대,198030.1873,550947.0082
7449,파트너스2(연등),226-6대,210674.3015,542711.6797
7206,여의도역(연등)2,23-11도,193323.3953,546884.4304
7425,서울금나래초교,441-6 대,190857.1222,539941.8194
6979,청량리119안전센터,65-76대,204655.1885,554179.7319
6911,큰별어린이집,9-22도,196931.512,545013.0187
8526,덕의초교후문,1-73 공,187264.9959,545260.1289
7977,한양빌라,335-8대,206442.8322,552148.0985
8605,신내힐데스하임501동,299철,209222.7314,556717.8961
8332,항동지식산업센터,산52-1 묘,183859.0325,541982.8658
8367,청권사앞,산23-14 임,199919.8309,542467.8076
8494,마포프레스티지302동,9-99대,195284.0224,550414.2945
8672,합정역3번출구,465-7대,192591.6148,550189.6532
8767,만물유통,951-4도,null,null
8308,극동아파트길(경보),258-1수,195703.6375,545778.4375
8314,상도롯데캐슬아파트102동앞(경보),211-492 대,195033.7625,544097.7125
8724,"네이처힐3,4단지앞",718 도,null,null
8589,기업은행공릉(연등)2,737대,207030.6218,558311.8157
8374,면목아이파크110동,1507-15제,207295.6555,553758.6924
8389,서이초교(연등)2,1330 대,202394.8798,543504.3837
8214,서초참누리에코(경보),525-3전,201351.5529,539661.2813
8688,강남빌딩,686-48대,191530.6156,542674.6212
7939,혜성빌리지(경보),116-8대,212371.0008,544589.4128
7959,은하약국,819도,203905.4088,553137.3342
8326,서울금나래초교(경보1),1059대,190923.7535,539963.6695
8842,test1108,535 도,null,null
8436,광화문동측,1-1 사,198071.8249,552904.2004
8445,상계푸르지오106동,산150-1임,206547.4768,562765.1585
8448,길음초교앞,1357 대,201503.9718,557040.9409
8451,사랑의쉼터앞(연등),187대,214761.8144,549666.4259
8480,쌍문3동어린이집(연등),산83-1 임,202852.0413,561275.4447
8484,강동리엔파크901동앞,422전,215887.5088,550836.4455
8485,강동리엔파크신설2,471-3전,215885.6122,550708.1211
8486,강동리엔파크11단지,산22-35임,215849.411,550638.8067
8496,공릉대아아파트,749 대,206292.5436,558139.4367
8555,신촌푸르지오1단지후문,190-1학,195707.3171,551252.2031
8557,힐스테이트신촌삼거리,1-1785도,195821.6784,551335.2058
8594,현대유치원앞,512-2 도,196411.1162,543622.6045
8595,신길3치안센타앞,215-7대,192124.8789,545458.4882
8691,반포쇼핑타운4동,,200367.2595,545232.0104
7941,개운초교앞,104-114도,202508.561,555824.7361
8031,래미안베라힐즈208동(연등),281-12 도,194300.9093,556230.3207
8039,종로4가(연등)4,127-1도,199801.2421,552421.9733
8044,대방역(연등),4898천,193351.8401,545920.4581
550,개봉동,160-2도,187317.4261,544222.1718
597,포스코사거리,154-3 대,205004.8908,545266.7338
6337,천왕초등학교,산34임,185698.7528,542518.8166
6380,은평스카이뷰자이103동(연등),산69임,192993.5804,559451.742
6388,삼양중앙감리교회앞,,201363.8513,557675.6697
6468,구기동정류장,,196365.7006,556384.7519
6421,신당삼성아파트(연등)1,,201590.734,551157.9863
6523,가양대교북단램프,1548잡,188007.9163,552724.418
6411,삼각산아이원120동(연등),695-7대,201677.7246,557402.4618
6577,구로선경오피스텔앞,,190521.6881,544295.3041
7519,더?포레스트203동,739 종,208323.771,542486.2647
7554,도봉파크빌3단지,,204344.7251,565387.003
6644,천왕이펜하우스6단지,,186012.205,542217.5597
6652,천연교회앞,100대,196367.0953,552020.0192
5826,은일로즈힐아파트,995-18대,185586.0252,546327.0738
5834,인방빌딩앞(경보),,186023.3041,551880.5944
5842,가양5단지상가(연등),,186970.3609,551594.5747
8569,북서울교회(연등),466-23대,208743.8066,555100.678
8580,공릉2동어린이집,737대,207244.5196,558308.7147
8285,목양침례교회(연등)2,342-3답,205229.5553,539343.1766
8309,숭의여고정문(경보),503대,193755.9393,545317.6244
8312,유원강변아파트102동앞(경보),324천,195718.1125,546161.225
8318,반포IC진출램프,28-4 도,201697.75,544872.525
8319,반포자이117동앞(경보),33-7 대,201382.025,545525.4
8478,사직공원,174-1대,197246.8586,552898.242
8479,상원초교(연등)2,산102-1임,205324.4547,563278.2095
8481,농심본사,1190도,192838.1004,544236.5511
8482,신설8번,53-5답,215394.1562,552541.2442
1682,동작상떼빌104동앞(연등),700도,191814.147,543201.4955
7185,올림픽공원북2문(연등)1,435-1대,211366.5262,547153.2873
7090,안국선원,1-23 학,198682.6969,553698.3823
8582,답십리초교정문,250-12대,204952.164,552157.0744
8592,대한민국헌정회앞,1-1도,192963.9408,547966.3681
8593,위례북로삼거리,372-2도,213767.2395,543559.5686
7945,묵동장로교회앞,378대,206440.7475,556888.6267
8026,당산초교(연등),113-2천,190794.9983,548977.5317
8106,고덕초교(경보)1,155-1 전,214397.1152,551213.4083
8170,아차산역삼거리(연등),81-6대,207826.8649,550496.0426
8179,성락빌딩앞(연등)3,251-2대,191108.2119,544942.1525
8182,은행나무오거리(연등),173-2대,191855.1136,539117.7356
8183,태화복지관앞(연등),산10-1임,208185.3417,542838.4707
8230,삼성R&D센터(경보1),101-2전,202006.9375,540722.6937
8231,미림여고입구(경보),808-133천,194215.6753,541344.9407
8483,신설13번,53-8답,215408.0605,552496.6258
8487,강동리엔파크신설4,산22-6임,215866.2109,550497.0655
8521,11번교차로,296학,212911.7677,542834.0428
8597,대방초등학교앞,769-1대,192802.7592,544695.9395
8616,창동주공17단지앞,756-43천,204793.289,560408.2513
8617,휘경1동주민센터,86-9대,205770.5683,554808.4339
8069,한일유엔아이아파트(연등),701-2도,189082.9319,542986.0478
8268,백산초교앞1(경보),907-28대,191525.7625,538692.8
8286,목양침례교회(연등)1,342-4답,205260.1314,539370.9214
8325,세광사앞(경보),산118-4수,191797.3929,540632.9307
8330,보라매SK뷰아파트109동앞(경보),769-1대,192751.0726,544683.2484
8348,파워엠빌딩,1279천,204068.2361,542123.3689
8387,한남대교북단동측램프,399-20 철,201005.7767,547752.6267
8447,신화초교(연등),482-17대,203621.889,559153.6152
8628,DMC센트럴자이103동,산24-4임,191428.4717,553406.3652
8853,양평교차로,21 전,null,null
7946,솔숲어린이공원,192-467 도,201300.9388,556191.8644
7951,시흥사거리(연등)2,872-29대,191221.6026,539419.3225
7956,휘문고교(연등),1001-3 대,205647.7683,545039.8959
7969,강동한강현대103동앞,135-3전,211580.1306,550759.4936
7972,강남한신휴플러스804동앞(경보),산3-1임,209657.9077,541261.7236
8007,목동파크자이107동앞,276철,188366.5213,545616.1669
8008,항동초등학교,124-5 도,184360.8223,542025.5067
8024,동대문육아지원센터앞(연등),539도,204255.8619,552506.5674
8035,시민교회(연등),,207559.4416,550592.4162
8038,귀빈빌딩(연등),산1-1임,197779.5276,556672.5472
8042,구로1교서측(연등),1057-59대,190873.8707,543313.4336
8046,래미안솔베뉴앞,317-4대,212738.8309,550369.1153
8067,진흥아파트(연등),1391도,202117.4371,544233.9773
8068,탄천교(연등),479대,209378.2297,543946.3321
8450,시립서북병원(연등),25-21 대,192095.9711,556172.2323
8452,래미안영등포프레비뉴103동앞,269-18대,191874.0937,544983.4157
8532,쌍용하이츠빌라앞(뚝방길),85-7도,208007.6191,544396.6668
8677,송곡여고,604 도,209333.9388,556378.6928
7937,강일중후문(경보),380-7 답,212178.9026,550677.4127
7943,불광중(연등),산8-1임,193964.4863,557980.1286
7950,신흥초교,794-6대,191865.4381,540009.2647
7952,종로프라자약국(연등),1647대,191581.357,542383.2362
8013,청량리역롯데캐슬,620-67도,203951.6881,553101.6079
8015,항동하버라인10단지,79전,184554.6662,542203.0041
8017,신길역앞(연등),29천,192690.477,546432.1088
8018,버들2교(연등)1,623 대,210577.1184,541887.6424
1462,영서중,289-20도,190407.3308,543350.7743
1508,SK윈윈주유소,365대,191146.9717,544761.287
1515,구일초교앞,682-13도,188706.0895,543671.6207
1562,우신고후문,산1-45임,184545.3486,544038.9532
1571,광명교사거리,3-8도,186376.7225,542494.5362
1615,대림119안전센터(연등)1,420-11대,191563.6338,544341.9348
1624,디지털프라자영등포점,210학,192132.964,545282.9604
1666,숭실대정문,421 대,196162.808,543988.4494
1674,신길영광교회,4939 대,192418.1099,544511.1713
986,대원고정문,18-24대,207678.9982,551558.2055
8549,세계로병원앞,289-7종,212535.461,543028.4274
8602,송파상운종점 단일로3,364-4대,213721.7589,543587.0161
8629,국민은행역삼중앙,726-7 대,203379.9622,544014.7251
8630,서광셀프주유소,803-12 도,203110.7422,543912.3447
8634,한강빌리지앞,430 대,195906.5353,544475.7782
8657,경희의료원,1-5 학,204637.8482,554785.0684
8659,강일동성당앞,454-1전,215750.5311,550961.8768
8660,고덕자이남문(연등),112-3 도,215158.4325,550167.99
8056,선린초교(연등)2,30-4대,212905.5945,547658.4077
8058,신사역(연등),503-6 대,201640.2997,546259.2689
8061,압구정역(연등)2,456 대,202519.1898,547418.1146
8076,센서텍,319잡,185595.2767,551564.8051
8096,문영퀸즈파크(연등),1258대,188649.0482,544155.6923
8099,서울시니어스타워,690-2 학,186051.1936,550978.1312
8294,이수역리가아파트101동앞(경보),산12-2 임,197569.5375,543372.9875
8355,고덕아르테온314동앞,516-8전,215174.6101,550659.7271
8890,청량리역롯데캐슬정문,588-57 도,null,null
6009,오류동가스충전소(경보),,185627.4923,543691.5621
6052,영일고교(연등),,187934.8496,549927.9115
6058,휘경동청년주택,255-22 도,205205.1739,554402.0331
6098,구파발역정류장,60-13답,192663.597,559714.5614
6105,강일리버파크5단지입구,347-3학,215671.4079,551941.4796
6113,강일리버파크6단지입구,366-22전,215526.7165,551588.5472
6155,삼양동주민센터(연등)1,55-7도,201589.7685,558774.1867
6164,양천고(경보),,186282.2552,545460.5644
6205,구파발역,산100-21임,192839.3368,559621.0975
6212,은평힐스테이트입구(경보),,193945.8293,558814.9102
6220,신도림디큐브시티,,190034.8589,545441.1627
6268,신림종합사회복지관,808-161천,192883.3992,540641.3909
6276,송파성광교회,,210252.0646,547767.6322
6316,나사렛기념관(경보),,188519.982,549727.9497
6323,목동14단지,,188721.7056,546177.7085
5649,삼각산아이원108동,,201509.1006,557399.9418
5657,스페이스본정문,180대,197348.0549,552738.7198
8048,거여카센타,41-7대,212918.6261,544175.6249
8893,반포대교남단(연등)2,128-2도,null,null
8889,신내역시티프라디움정문,584-1 도,null,null
8891,여의도공원(연등),2-11도,null,null
8892,가산어반워크,459-16도,null,null
8874,개포1동우체국,647 도,null,null
8505,진양상가(연등),159-1도,199679.1864,551363.2852
8511,양재초교후문,산53-3임,202714.4862,541603.0536
8512,이룸뉴캐슬앞,1677-3천,191701.9321,542540.3666
8527,대방중교앞,4300-30대,192443.1651,544008.7719
8529,마장진출램프,792 대,203094.3078,552522.1333
8530,잠실유수지앞(뚝방길),353도,207057.7056,544746.2262
8531,잠실우성아파트(뚝방길),135도,206307.4044,545204.0214
8566,한강로동주민센터,242-4도,197246.6848,547620.1046
8633,SK양평주유소,10 학,190601.1571,547916.0477
8012,흑석지구대앞,480천,196468.4316,545582.7933
8014,항동하버라인11단지,179 전,184352.5791,542127.3657
8016,항동하버라인9단지,31 공,184533.9554,542433.2473
8019,서울은명초등학교(경보),90-1대,192880.5164,555350.574
8088,명덕외고기숙사,193-2구,185215.8049,550639.9369
8089,유플러스마곡사옥(#30),775-3 도,185299.2524,551314.3839
8292,월드아트힐(경보),591-1대,199600.7125,543839.5
8293,래미안아파트102동앞(경보),산21-1임,197401.525,543383.4125
8395,백련산해모로아파트,103-24대,193039.329,555138.7378
8516,신금호역(연등)2,1-72 수,201801.7708,550535.9072
8528,마장진입램프,792 대,203180.2657,552556.2724
8548,원가정의학과의원,630-4대,192950.8131,554154.4042
8550,강덕초등학교,259-10대,214248.0647,550968.0601
8570,우체국사거리,79-4장,190645.9579,547760.6029
8575,일민유치원,353대,195553.9844,548307.6768
8596,위례포레샤인13단지,산33임,212165.6374,542656.9796
8703,공무원연금매점(연등),611-1 대,206625.4822,543324.3209
8713,공항모터스,793대,183458.8012,552033.1447
8719,한솔동의보감(연등),852-2 도,null,null
8759,상계푸르지오102동,1355-2 도,null,null
8818,김포공항진입로,547-3도,null,null
8858,청계상회,10도,null,null
8864,DMC파인시티자이103동,122-4대,null,null
8865,DMC파인시티자이103동(연등)1,411-22 도,null,null
8868,서대문경찰서,1-3도,null,null
8869,서대문역(연등),138-0 도,null,null
8886,DMC롯데캐슬102동,411-18 도,null,null
8856,영동대교남단(연등)2,77-4 도,null,null
8876,목동현대하이페리온201동앞,961-4 도,null,null
8860,고일초등학교,130도,null,null
8866,DMC파인시티자이103동(연등)2,365-26 대,null,null
8872,광진교남단진입램프,481-9천,null,null
8875,목동제일교회앞,324-3도,null,null
8857,장위지웰에스테이트,270-1천,null,null
8871,올림픽대교남단진입램프,253천,null,null
8883,동호대교남단서측,374천,null,null
8882,동호대교남단동측,374-1천,null,null
8855,광진교북단(연등)2,320-4도,null,null
8888,해군중앙성당,4936-1 도,null,null
8887,반포IC진입램프,20-34 도,null,null
8877,e편한세상효제,155-1도,null,null
8854,청파동,43-5도,null,null
8873,항동어린이집,1-10도,null,null
8859,고덕초등학교,150도,null,null
8861,남서울빌딩앞,1373도,null,null
8863,힐스테이트청계,1223-1도,null,null
8867,전농2동주민센터,30-1도,null,null
8870,"교대역13,14출구",1748-19도,null,null
8878,"목동10,12단지(연등)2",326-4도,null,null
8862,파고다타워앞,858 도,null,null
8880,신사동복합청사앞,494 도,null,null
8879,흑석한강푸르지오110동앞,336-7 도,null,null
8881,영도초교후문(연등),902-4도,null,null
8884,올림픽대교남단램프(동),255-1천,null,null
8885,조이라이프앞,60-35 도,null,null
