교차로코드,교차로명칭,X좌표,Y좌표
1302,삼성산성지,37.45859843,126.92962460
1304,난향삼거리(연등),37.46101514,126.92562418
1327,대우당약국,37.45083230,126.90591514
1454,수동물병원(연등)2,37.49671277,126.88762223
1300,삼성동자치회관,37.46390447,126.93165098
1305,인헌초교,37.47624175,126.95906027
1309,금천경찰서(연등)1,37.48141038,126.91226543
1328,은행나무사거리,37.45224585,126.90599933
1329,은행나무사거리(연등),37.45182555,126.90697325
1330,관악농협,37.45071181,126.90971689
1355,문성골길입구(연등),37.47497465,126.90346006
1479,다정슈퍼,37.48971604,126.90026824
1363,미성초교(연등),37.47750765,126.91369850
1307,낙성현대홈타운,37.47960979,126.96376689
1308,호림박물관입구,37.48250597,126.91837872
1310,제이타워웨딩,37.48104761,126.91021942
1403,남문시장입구,37.47127994,126.90055706
5103,법장사,37.61483489,127.08435956
1311,금천수요양병원,37.48039366,126.90663838
1410,금천구청역,37.45597410,126.89472575
1417,디지털학교,37.47261129,126.89559051
1686,상도터널,37.50417516,126.94953309
1687,한국금융안전(연등),37.48715756,126.91103667
1688,문창초교,37.48761339,126.91243173
1480,다정슈퍼(연등),37.49061835,126.90127263
1331,범일운수(연등)1,37.45044320,126.91147888
1695,압구정현대아파트,37.52809830,127.03018586
1699,청담초교,37.52702917,127.04378264
1702,강남을지병원(연등),37.51893029,127.02621513
1332,동일여고,37.45005777,126.91417161
1700,청담초교정문(경보),37.52772986,127.04405858
1706,학동(연등)2,37.52265498,127.03737028
1333,벽산6단지입구,37.44980736,126.91795072
1334,도성교회,37.44998225,126.91964574
4695,우면교(경보),37.47341480,127.02997097
1431,제일제당앞,37.49977029,126.87459125
1335,관악벽산타운1단지,37.45244314,126.92080002
1336,난곡사,37.45872947,126.92222122
1337,중앙사약국,37.45392421,126.90323131
1338,시흥초교후문(연등),37.45369956,126.90614331
1689,래미안영등포110동,37.50517210,126.90543652
1707,학동(연등)1,37.52345952,127.04133472
1428,신도림SK뷰,37.50771516,126.88640932
1340,시흥초교후문,37.45502339,126.90590305
1341,안씨묘입구(연등)2,37.45623682,126.90566032
1455,동구로초교(연등)2,37.49397784,126.88985491
1342,안씨묘입구,37.45723674,126.90548650
1439,오류역입구,37.49627661,126.84435107
1456,동구로초교,37.49284745,126.89074710
1708,경원하이츠텔,37.52386813,127.04466640
2931,강서구청사거리(연등),37.55716417,126.85301361
1709,원앙예식장,37.52456834,127.05029915
1343,법원단지,37.45950541,126.90500623
1710,영동대교남단(연등)1,37.52484300,127.05279599
1345,시흥4동사거리,37.46274716,126.90405008
1716,강남케이블TV,37.51628568,127.03819418
1457,동구로초교(연등)1,37.49165369,126.89180473
1430,중앙유통단지,37.50116936,126.87724367
1711,논현역(연등),37.51156362,127.02279274
1717,삼성해청아파트,37.51767830,127.04375844
1348,정훈단지(연등),37.46544383,126.90223884
4209,북부시장,37.63528824,127.03175168
1718,강남세무서(연등)2,37.51791263,127.04509075
1349,독산4동사거리,37.46646543,126.90172679
1350,독산4동사거리(연등)1,37.46776534,126.90198826
4310,도봉구청,37.66818634,127.04614174
1351,독산4동사거리(연등)2,37.46885852,126.90232147
1690,한남대교남단,37.52291820,127.01989046
1352,독산4동삼거리(연등2),37.46987601,126.90267640
1356,문성골길입구,37.47623231,126.90360428
1481,대림1동새마을금고(연등)2,37.49276981,126.90366617
1353,남서울주유소(연등),37.47235163,126.90319505
1719,강남세무서,37.51815085,127.04642012
3611,하계중,37.64024752,127.07315283
1354,남서울주유소,37.47391803,126.90335794
1357,서원빌딩,37.47804201,126.90375620
1367,난곡119안전센터,37.47589908,126.91616367
1691,가로수길교차로(연등),37.52345429,127.02103236
1482,대림1동새마을금고,37.49337607,126.90434683
1301,신우초교,37.46159360,126.93196136
1358,문성중(연등)1,37.47651890,126.90599761
1360,문성중,37.47673725,126.90767020
1440,오류동삼거리,37.49484514,126.84109800
1376,은천교회,37.48805957,126.92194796
1361,난곡중(연등),37.47712452,126.91064454
1380,신사동주민센터앞,37.48486222,126.91396735
1458,구로3동새마을금고(연등)2,37.48627102,126.88744477
3946,목동초교,37.52290817,126.87289495
1382,신림현대아파트앞,37.48521589,126.90895301
1364,난곡우체국앞,37.47770536,126.91533344
1392,디지털2단지,37.47792342,126.88805097
2287,삼익그린아파트,37.55471052,127.14892822
1396,제이플라츠,37.48111084,126.88129623
1676,신풍역출구,37.50007329,126.91073521
1406,두산로입구삼거리,37.47048264,126.88785634
1365,난우지구대,37.47974454,126.91495711
1366,국민은행난곡,37.47674929,126.91566286
1409,독산역롯데캐슬아파트,37.46207458,126.89150375
1677,약산약국(연등),37.51119408,126.91270308
1459,구로3동새마을금고,37.48694305,126.88800203
1368,난우초교입구,37.47526444,126.91678490
1725,논현경복아파트(연등),37.50795459,127.03600879
1400,가산동주민센터,37.47749279,126.89157134
1720,강남세무서(연등)1,37.51839167,127.04797277
1401,두산아파트,37.47578438,126.89302887
1806,관세청입구,37.51822957,127.03525953
1678,약산약국(연등)2,37.51095628,126.91178077
1411,금천경찰서,37.45671826,126.89747774
1412,시흥동오피스빌딩,37.45356424,126.89755293
1679,영등포공원(연등),37.51356538,126.91096458
1460,구로3동한신아파트,37.48828633,126.88956275
1954,금천교,37.46485869,126.88394465
1369,세이브마트,37.47398548,126.91758226
1413,안양천삼거리,37.45489049,126.89131497
1370,남강중,37.47253248,126.91927136
1371,관악우림시장,37.47004213,126.92000523
1692,가로수길교차로,37.52411344,127.02235137
1721,청담진흥아파트,37.51924976,127.05260896
1414,안천초교,37.45768984,126.88979712
1712,논현지구대,37.51226986,127.02517003
1463,대림역,37.49224670,126.89571132
1415,독산한신아파트,37.45715542,126.88855651
752,서울여고,37.54597817,126.94629859
1303,국제산장아파트,37.46007957,126.92735787
1432,동양미래대학교,37.49958781,126.86751503
1372,영광교회,37.46699697,126.92049408
1374,봉림교(연등)2,37.48535039,126.92419445
1726,아크로힐스논현아파트,37.50916643,127.04007281
1416,문성중(연등)2,37.47690041,126.90901369
1727,삼성2동주민센터앞,37.51095107,127.04612292
1419,독산현대아파트입구(연등),37.46654255,126.89332966
1464,대림역동측,37.49295966,126.89697803
1471,IBK기업은행대림동지점,37.49825946,126.89844493
102,양남사거리,37.52226942,126.89002155
1375,창대카센터,37.48648945,126.92297319
1377,주생빌딩(연등),37.48945833,126.91852461
226,박석고개,37.62687372,126.91985511
1729,삼성힐스테이트2단지앞,37.51240255,127.05109275
1378,주생빌딩,37.48911017,126.91693669
1433,한마을아파트,37.49663580,126.86276289
1472,대림3동사거리(연등)2,37.49699564,126.89897679
1420,빅마켓금천점(연등),37.46989694,126.89611205
1693,광림교회,37.52493635,127.02401231
1421,난곡치안센터,37.47144460,126.91981294
1379,한양빌딩앞,37.48801498,126.91505309
1402,가산두산아파트,37.47495331,126.89374833
525,중계역,37.64556160,127.06389320
1422,벽산5단지입구,37.44990745,126.92090806
1730,봉은공원,37.51353573,127.05635850
1701,영동호텔,37.51759879,127.02310548
1423,시흥사거리(연등)1,37.45478750,126.90151929
1694,광림교회(연등),37.52606609,127.02628825
1731,봉은사앞,37.51383679,127.05803023
6538,연세대(연등),37.56004952,126.93794763
1404,가산디지털단지역,37.48167359,126.88299683
1442,동부제강앞(연등),37.49245874,126.83570963
1443,동부제강앞,37.49206684,126.83422048
1714,국제빌딩앞,37.51332069,127.02857024
6625,오륜주유소,37.50940763,127.14069386
1703,삼화콘덴서,37.52042982,127.03049898
1405,삼성물산,37.47422787,126.88612456
1704,삼화콘덴서(연등),37.52083783,127.03175379
1444,동부제강입구,37.49162765,126.83266529
1426,가산디지털단지역(연등),37.48063569,126.88335504
1434,영화아파트,37.49694249,126.85963793
1450,오금교남단,37.50723170,126.87469607
5961,칠궁,37.58458204,126.97275872
1473,대림우성2차아파트(연등),37.49596313,126.89941601
1474,대림1동공영주차장앞,37.49327896,126.90119825
1427,신도림대우푸르지오,37.50924645,126.88849656
1722,봉은초교,37.52049795,127.05838065
1383,조원아파트사거리,37.48369820,126.90761643
1475,대림공원,37.49168740,126.90245718
1680,신길우성2차아파트(연등)1,37.49921434,126.90995181
1445,동부제강입구(연등),37.49139327,126.83150333
6222,목화예식장(경보),37.52482529,126.89137397
6295,시흥IC,37.47895246,126.89894811
1681,신길우성2차아파트(연등)2,37.49903245,126.91256226
5660,장지프라자,37.47733457,127.12771383
1446,온수역입구(연등),37.49088122,126.82753776
1476,대림우체국,37.49002393,126.90435250
1344,법원단지(연등),37.46093625,126.90473148
1384,공단우체국,37.48369864,126.89860287
1385,공단우체국(연등)1,37.48385527,126.89708115
1696,압구정파출소,37.52912214,127.03528926
1723,르메르디앙서울호텔,37.50557465,127.02817945
1728,삼릉초교,37.51151396,127.04809561
1447,온수역입구,37.49021906,126.82587782
1448,유한공고,37.48916397,126.82449925
1429,신도림주민센터,37.50571496,126.88359881
1697,압구정한양아파트,37.52878901,127.03693304
1715,학동치안센터,37.51469957,127.03301708
1449,유한공고앞,37.48874011,126.82362392
5403,새우개고개,37.61940475,127.10467827
1362,미성초교,37.47739039,126.91278078
1386,디지털1단지,37.48457831,126.89537660
1388,대명전자삼거리,37.48234239,126.89348198
1451,구로미성아파트,37.50570346,126.87658792
1483,대림1동주민센터,37.49544547,126.90668909
1381,신림현대아파트앞(연등),37.48567563,126.91063715
1389,구로남초교,37.48406084,126.89041374
1407,독산1동천주교,37.47043332,126.89021418
1452,구로미성아파트(연등),37.50451226,126.87801556
1346,시흥4동사거리(연등)1,37.46387726,126.90328430
1408,독산역,37.46652883,126.88955888
1724,삼정호텔정문,37.50654816,127.03139327
1477,구로1교,37.48767471,126.89791088
1391,영일초교(경보),37.48449433,126.88307337
1435,한국컨벤션웨딩,37.49727681,126.85528700
1436,한영대학교,37.49789284,126.85239011
1441,온수삼거리,37.49321618,126.83745859
1705,도산공원(연등),37.52216573,127.03595745
1347,정훈단지,37.46463887,126.90278161
1437,오류IC,37.49760146,126.84695529
1683,동작상떼빌104동앞,37.48765458,126.90840490
1478,신대림한솔파크입구,37.48870908,126.89914772
1393,디지털3단지,37.47582674,126.88080834
1438,오류IC(연등),37.49680468,126.84563289
1425,벽산밸리5차,37.47704711,126.88498403
1397,독산초교,37.46647331,126.89956688
1398,한일유엔아이아파트,37.48562586,126.87650546
1306,서울대교수아파트,37.46855847,126.95793741
1698,갤러리아압구정(연등),37.52819497,127.03919085
1286,국회단지길입구,37.48619468,126.93937572
1287,국회단지길입구(연등)1,37.48628085,126.93810050
1288,GS슈퍼마켓(연등),37.47890886,126.95018504
1289,영락고교입구(연등),37.47918295,126.94749761
1290,영락고교입구,37.47933583,126.94588678
1291,E편한세상서울대입구,37.47948526,126.94448102
1312,구로전화국(연등),37.47964445,126.90259266
1314,구로디지털단지역,37.48449144,126.90278557
1315,독산고개,37.47577612,126.89859787
1316,독산고개(연등),37.47375465,126.89842813
1317,군부대앞,37.46088879,126.89812604
1318,문일중고,37.45139293,126.90185311
1319,유통상가정문,37.44378870,126.90377455
1321,박미삼거리(연등)1,37.44728656,126.90340751
1264,충무교,37.47415427,126.93554255
1322,유통상가정문(연등),37.44262357,126.90361470
1323,SK주유소,37.43742549,126.90304281
1324,석수역,37.43603574,126.90301619
1325,백산초교,37.44897839,126.90476809
1326,백산초교(연등),37.44988155,126.90568154
1453,수동물병원,37.49860664,126.88603458
1292,관악성모의원,37.47966244,126.94236554
1293,쑥고개,37.47840771,126.94000964
1294,삼성동주민센터(연등)2,37.47013274,126.93320708
1295,삼성동주민센터,37.46926919,126.93273701
1296,삼성동주민센터(연등)1,37.46781252,126.93194108
1297,미림여고(연등)1,37.46627234,126.93140562
1298,미림여고,37.46540501,126.93144479
1299,삼성동자치회관(연등)1,37.46466759,126.93150301
1684,한국금융안전,37.48713866,126.91002564
1484,대림1동주민센터(연등),37.49452262,126.90564072
1485,대림역북측,37.49443486,126.89453586
1487,거리공원입구오거리,37.50259205,126.89340227
1490,우리유앤미아파트(연등)1,37.49805474,126.88248492
1491,구로초교,37.49564343,126.88259889
1493,구로4동우체국(연등),37.49175492,126.88383691
1494,구로4동우체국,37.49054196,126.88406403
1495,구로시장(연등)2,37.48934922,126.88436896
1496,구로시장,37.48845508,126.88457727
1497,구로시장(연등)1,37.48719458,126.88508692
1498,가마산지하차도(연등),37.49058589,126.88154714
1499,가마산지하차도,37.49202655,126.88212409
1500,구로경찰서,37.49369890,126.88577449
1501,구로경찰서(연등),37.49434706,126.88707615
1502,구로구청구의회(연등),37.49488064,126.88809773
1503,영림중(연등),37.49615265,126.89055629
1504,영림중,37.49696375,126.89210095
1505,신영초교(연등),37.49847132,126.89502724
1506,신영초교,37.49900783,126.89605757
1507,SK윈윈주유소(연등),37.50129691,126.89895597
1509,신도림우성아파트,37.51251966,126.88667570
1510,신도림우성아파트(연등)1,37.51154794,126.88536485
1511,신정교(연등),37.51516783,126.88183573
1512,구로현대아파트,37.48712500,126.87743889
1513,구로1동파출소앞,37.49124844,126.87475650
7471,대일외고,37.61308561,127.01310792
1395,우림라이온즈1차,37.48007664,126.88170616
1399,광명대교남단,37.48515580,126.87358369
1461,영서중(연등),37.48889180,126.89047228
1488,거리공원입구오거리(연등)4,37.50211590,126.89365510
1516,구일초교앞(연등),37.49379457,126.87177409
1517,수동물병원(연등)1,37.49949433,126.88752296
1518,구로보건소,37.50039795,126.88925836
1519,신구로초교,37.49971124,126.88990856
1520,거리공원,37.50090160,126.89014918
1521,구로등기소,37.49899582,126.89173761
1523,태진운수,37.49903382,126.89246365
1524,한국SGI회관앞,37.50226583,126.88906426
1525,태영아파트정문,37.50482280,126.88722416
1526,미래초교,37.50435272,126.88775491
1528,구로노인종합복지관(연등),37.50486313,126.88884921
1529,구로노인종합복지관,37.50566006,126.89031038
1530,신도림풍물시장,37.50706581,126.89299445
1531,대림코오롱아파트,37.50794672,126.89494118
1533,구로롯데아파트,37.50272421,126.88447105
1536,고척시장(연등),37.50423485,126.86154701
1537,덕의초교(연등),37.50606813,126.85820731
1538,덕의초교,37.50558260,126.85704906
1540,고척119안전센터(연등)2,37.50507539,126.85577539
1541,고척근린공원,37.50399870,126.85294870
1542,세곡초교,37.50332069,126.85116747
1544,세곡초교(연등),37.50289041,126.85001694
1545,훼미리약국,37.50264048,126.84932368
1547,개봉1동사거리,37.50156017,126.84655270
1548,거성푸르뫼아파트(연등)2,37.50122844,126.84559945
1549,거성푸르뫼아파트,37.50096422,126.84480044
1550,거성푸르뫼아파트(연등)1,37.50048853,126.84350288
1552,동부골든아파트(연등)1,37.49991037,126.84208238
1553,동부골든아파트,37.49875237,126.84042752
1554,아이천국어린이집(연등),37.49791012,126.83950800
1555,아이천국어린이집,37.49703487,126.83964871
1556,오류동교회,37.49613295,126.84022486
1558,수궁동주민센터,37.49324254,126.83161189
1559,연세중앙교회,37.49323782,126.83427490
1560,수궁동성당(연등),37.49463172,126.83076676
1561,수궁동주민센터(연등),37.49320287,126.82916144
1564,온수역8번출구(연등),37.49264164,126.82351088
1387,대륭포스트타워,37.48583731,126.89634070
1489,거리공원입구오거리(연등)2,37.50222402,126.89269559
1557,연세중앙교회(연등),37.49324998,126.83577444
1565,온수역,37.49192280,126.82186390
1566,성산타운,37.48831295,126.83682294
1567,,37.48506463,126.83977112
1569,동부제강후문,37.48967182,126.83403919
1572,너부대교,37.47892579,126.84546828
1573,천왕차량사업소,37.47605753,126.84510857
1574,개봉현대아파트,37.49167360,126.85596110
1575,개웅초교입구,37.48811017,126.85629018
1576,대원주유소,37.48639605,126.85641795
1577,강동아트센터,37.50050988,126.85793755
1578,광성카센타,37.50199461,126.85912423
1579,광성카센타(연등),37.50388899,126.86058266
1580,개봉새마을금고,37.50110309,126.85092308
1581,구로변전소,37.49798870,126.88401395
1582,오류2치안센터,37.49102279,126.84076144
1583,오류지하차도,37.49257866,126.84061410
1584,오류남초교정문,37.48955984,126.83979601
1587,개봉현대홈타운210동,37.49138311,126.86350442
1588,군악대,37.50185632,126.97969951
1589,명수대현대아파트,37.50704434,126.96661296
1590,중앙대병원입구(연등),37.50860543,126.96380050
1591,한강대교남단,37.51357897,126.95605483
1592,수산시장입구,37.51343987,126.94671927
1593,노량진대성주유소,37.51376267,126.94426966
1594,동작경찰서앞,37.51367443,126.94250876
1595,청탑학원,37.51345316,126.93864162
1596,기독교TV앞,37.51326785,126.93659890
1597,솔표빌딩,37.51322977,126.92915328
1598,성애병원,37.51335408,126.92222052
1599,신길삼거리(연등)1,37.51504723,126.91770590
1600,대신시장,37.51216357,126.91696398
1602,영등포공원,37.51435444,126.91162424
1603,도림동자치회관,37.50955014,126.90777201
1604,도림초교,37.50852660,126.90550743
1605,도림사거리(연등)2,37.50743840,126.90300245
1606,신길우성1차아파트(연등),37.50575239,126.89906607
1607,성락주유소앞(연등),37.50520997,126.90238956
1608,성락빌딩앞(연등)1,37.50359848,126.90166210
1609,성락빌딩앞,37.50299427,126.90046687
1610,신길대성유니드,37.50097780,126.90282090
1713,논현지구대(연등),37.51280302,127.02692391
1535,고척시장,37.50338700,126.86208638
1611,대영중고,37.50232898,126.90433225
1612,대영중고(연등),37.50161156,126.90478362
1613,대영초교,37.50022322,126.90576956
1614,신길광장공원,37.49965008,126.90537711
1617,대림시장,37.49061332,126.90779687
1618,평강교회(연등),37.49431481,126.90886372
1619,평강교회,37.49579121,126.90845526
1620,썬프라자(연등),37.49789166,126.90818731
1621,신풍역(연등),37.50189733,126.91016765
1622,수녀원,37.50383118,126.91015422
1623,사러가시장앞,37.50584865,126.91101740
1625,신길터널입구,37.50528394,126.91276897
1626,한성아파트,37.50417343,126.91839678
1627,한성아파트101동앞,37.50412957,126.92033041
1628,대방대림아파트,37.50964447,126.92417633
1629,성남고교입구,37.50612018,126.92273812
1630,신길우성2차아파트,37.49913264,126.91101982
1631,대길초교,37.49859493,126.91370538
1632,기상청입구(연등)1,37.49746700,126.91891274
1633,기상청입구,37.49719558,126.91756091
1634,경남교수아파트,37.49659420,126.91428207
1635,대림우성아파트,37.49440403,126.91088827
1636,범한택시(연등)2,37.49986178,126.92252136
1637,범한택시,37.49982921,126.92407747
1638,범한택시(연등),37.49987626,126.92254139
1639,보라매삼성아파트,37.49490001,126.92735067
1640,신대방삼거리역(연등)2,37.49852937,126.92812736
1641,성대시장(연등),37.49977827,126.93051587
1642,성대시장,37.50048024,126.93195033
1643,동광교회,37.50213099,126.93457439
1644,영화초교,37.50879931,126.93213227
1645,국민은행상도,37.50425628,126.93789635
1646,노량진초교,37.51010579,126.94019567
1647,동작등기소,37.50519055,126.94149914
1648,서울도시가스,37.50524570,126.94456112
1649,대림쇼핑센터,37.50482482,126.94624503
1650,상도지구대,37.50416750,126.93928839
1651,상도지구대(연등),37.50275483,126.93995194
1653,상도아이파크아파트,37.50067902,126.94168270
1654,신상도초교정문,37.49979512,126.94297829
1656,신상도지하차도앞,37.50170094,126.94573199
1657,대림쇼핑센터(연등),37.50444422,126.94661265
1551,동부주유소,37.55163063,127.04728895
1563,온수역8번출구,37.49295880,126.82477190
1658,상도건영아파트,37.50717567,126.94810519
1659,강남초교(연등),37.50476582,126.95077046
1660,강남초교,37.50487513,126.95198082
1661,강남초교정문,37.50596893,126.95216277
1662,궁전빌라,37.50133421,126.94922960
1663,숭실의원,37.49881493,126.95141388
1664,상도1동주민센터입구,37.49755314,126.95251267
1665,관악현대아파트(연등),37.49237745,126.95648228
1667,숭실대후문,37.49493003,126.95890460
1668,상현중,37.49472960,126.96083921
1669,중대부속초교,37.50561841,126.96101428
1670,은로초교,37.50271218,126.96062908
1672,길성그랑프리텔,37.49994868,126.91859042
1673,영진시장,37.50002086,126.91626941
7474,마포대교북단램프3,37.53691246,126.94135634
981,우신초교앞(연등)1,37.51181889,126.90993083
982,신풍역,37.50014690,126.90887855
983,신도림역,37.51024515,126.89037399
984,르네상스호텔,37.50262775,127.04275825
985,성동교,37.55148995,127.04411333
987,당고개노인복지관,37.67043587,127.08129897
988,원남동사거리(연등),37.57699981,126.99718886
989,서래마을입구,37.49991950,126.99797620
990,방배신동아아파트,37.48230001,127.00218210
991,서울고교(연등)2,37.48146838,127.00505764
992,래미안아트힐(연등),37.47821703,127.00665788
994,올바로병원,37.48610628,127.00412540
995,효령아파트(연등)2,37.48103472,126.99627660
996,방배그랑자이,37.47700503,127.00061008
997,방배3치안센터(연등)1,37.47973944,126.99884503
998,e편한세상아파트입구,37.48328773,126.99650490
1000,방배래미안타워,37.47436863,126.99118692
1001,대항병원,37.47544355,126.98745569
1002,평화약국,37.47666546,126.97768993
1003,방배우성아파트,37.47323944,126.98241513
1004,방배래미안아파트,37.47192652,126.98312708
1006,수도방위사령부,37.46791862,126.98665067
1007,그린자원,37.47373099,126.99394061
1008,KEB하나은행방배동,37.48552526,126.99501742
1009,남성초교,37.48386542,126.97748304
1010,반포대교남단,37.50972033,126.99881428
1011,이수자이아파트앞,37.48441702,126.97934416
1534,고척중,37.50064413,126.86360204
1585,소천지,37.49725864,126.86209946
1601,약산약국,37.51157502,126.91455164
1012,범진여객,37.48330482,126.97452985
1013,국민은행남성,37.48407826,126.97242231
1014,국민은행남성(연등)2,37.48441653,126.97190133
1015,남성역,37.48598304,126.96879326
1016,남성역(연등)1,37.48683719,126.96780264
1017,이수초교,37.47828640,126.98265791
1018,동작고,37.48129558,126.96594439
1019,사당5치안센터(연등),37.48837041,126.96620551
1020,동양시스템,37.50710676,127.12963541
1021,함지박사거리,37.49283613,126.99045550
1022,방배열린문화센터,37.48895448,126.99289538
1023,동국한방병원,37.49010907,126.99216141
1024,동국한방병원(연등),37.49106192,126.99156456
1025,서울성모병원정문,37.49973374,127.00404632
1026,서초경찰서,37.49557104,127.00580834
1027,서울성모병원정문(연등),37.49900102,127.00422666
1028,서초경찰서(연등),37.49409320,127.00653429
1029,효령아파트(연등)1,37.48016561,126.99360437
1030,효령아파트,37.48058692,126.99490933
1031,서울메트로뒤,37.47721374,126.98667943
1032,서초3동우체국,37.49014772,127.00847011
1034,효창운동장,37.54363519,126.96237494
1035,방배초교입구,37.48580067,126.98600212
1036,정금마을,37.49377780,126.98273015
1037,경문고교,37.49089456,126.98263244
1038,서래초교앞,37.49674550,126.98791048
1039,유경약국,37.49404559,126.98621000
1040,뒷벌어린이공원,37.49142597,126.98682334
1041,서초중앙국민은행,37.48672224,127.01523299
1042,교대부속초등학교,37.49018353,127.01429135
1043,법원후문,37.49555901,127.01322467
1044,사법연수원,37.49845338,127.01257455
1045,디에이치라클라스정문,37.50015092,127.01223124
1046,궁전가든,37.50260905,127.01149134
1047,뉴코아아울렛(연등),37.50976527,127.00769517
1048,뉴코아백화점,37.51082066,127.00708534
1049,반포3동주민센터,37.51278118,127.00606787
1050,아크로리버뷰아파트,37.51502034,127.00826294
1052,이수교KCC 스위첸2차아파트,37.49724560,126.98328687
1053,사당삼성생명,37.48009605,126.98184706
1051,신동초교,37.51709310,127.01049810
1054,잠원청구빌라트앞,37.51880731,127.01221832
1055,방배경찰서,37.48141358,126.98192823
1056,방배경찰서(연등),37.48285099,126.98200032
1057,이수역(연등),37.48560842,126.98416275
1058,로고스교회,37.48751613,126.98524009
1059,사당극동아파트입구,37.48685457,126.97407213
1060,사당5치안센터,37.48937838,126.96573139
1062,한남대교남단(연등)2,37.52209141,127.01886001
1063,잠원동주민센터,37.51523586,127.01379384
1064,내방역(연등),37.48711371,126.99174748
1065,하이웨이빌딩,37.51508262,127.01622767
1067,매일상가,37.51377086,127.01331076
1068,경원중학교,37.51200687,127.00965377
1069,기린한방병원,37.51064715,127.01981022
1070,주홍교,37.50967410,127.01654582
1071,반포자이,37.50856729,127.01300728
1072,반포역,37.50812082,127.01158833
1073,시청역2호선(연등),37.56344896,126.97502707
1074,시청역2호선,37.56292680,126.97350925
1076,반포르엘107동,37.50837285,127.00329898
1077,전원마을입구,37.46614954,126.98789498
7468,419민주묘지역,37.64945121,127.01372743
1079,계성초교입구,37.50402076,126.99807525
1080,신반포역,37.50322853,126.99513758
1081,반포교회,37.50188745,126.98958287
1082,시청뒤(연등),37.56814822,126.97921922
1083,반포주공66동,37.50317781,126.98604832
1084,서초소방서(연등),37.49821880,126.99095494
1085,서초소방서,37.49821992,126.99221505
7476,복선교(연등),37.60131154,127.02259645
1087,북가좌초교사거리(연등),37.57853473,126.90876632
1088,가좌전화국(연등),37.58545766,126.91532142
1089,응암대림시장(연등)2,37.58741061,126.91656723
1090,응암오거리(연등),37.58913942,126.91846576
1092,충암고교(연등)1,37.58632847,126.92198530
1093,응암푸르지오(연등)2,37.59883791,126.92581399
1094,시립은평병원,37.59291801,126.92303349
1095,백련산힐스테이트310동(연등),37.58773029,126.92266819
7478,서울드래곤시티,37.53237843,126.96145704
1097,프랑스학교,37.49611284,126.99819249
1099,대법원,37.49112254,127.00541402
1103,남부터미널(연등)1,37.48468965,127.01456841
1104,서초해링턴플레이스,37.48543847,127.01823778
1106,디월트고객체험센터,37.48636915,127.02117158
999,도구로입구,37.47882539,126.98968747
1061,한신종합상가,37.51989404,127.01402625
1107,한국상담대학원대학,37.48710870,127.02359582
1108,무지개아파트(연등)2,37.48804360,127.02673815
1109,무지개아파트,37.48850370,127.02823373
1110,서초문화예술정보학교,37.48902925,127.02991962
1111,중림삼성아파트,37.55901526,126.96503453
1112,무지개아파트(연등)1,37.48969611,127.02764522
1113,만리시장(연등),37.55147564,126.96236835
1114,STX빌딩,37.55365269,126.97419166
1115,서이초교,37.49199458,127.02658426
1116,래미안서초에스티지아파트,37.49318398,127.02603501
1118,유니세프앞,37.58110538,126.97368897
1119,진흥아파트,37.49690933,127.02422321
1120,서초초교,37.49846355,127.02349523
1121,서초초교(연등),37.49917355,127.02313718
1122,서초푸르지오써밋,37.50168225,127.02194736
1123,서초롯데캐슬아파트,37.50093250,127.02230617
1124,서초롯데캐슬아파트(연등),37.49993508,127.02277019
1126,서원초교,37.50188195,127.01542097
1127,서초아르누보호텔,37.49579710,127.02056957
1128,인재개발원,37.48296457,127.02282094
1129,서초IC,37.48366214,127.02803803
1130,한전아트센터,37.48617689,127.02933167
1131,외교센터앞,37.48394210,127.02985116
1132,서초구민회관,37.48232009,127.03631354
1133,영동1교,37.47371041,127.03868409
1134,영동1교(연등),37.47182562,127.03862722
1135,시민의숲,37.46975944,127.03911072
1136,교육연구정보원(연등)1,37.55524486,126.98086159
1137,남산도서관,37.55224050,126.98154919
1138,청계산입구삼거리,37.46316732,127.04577241
1139,염곡치안센터,37.46135359,127.05003568
1140,탑성마을,37.45879992,127.05600089
1141,내곡파출소,37.45533773,127.06499091
1142,어린이병원,37.45645967,127.06895239
1143,샘마을,37.45735209,127.07184520
1144,서울연희초교,37.56987478,126.93331896
1146,헌인릉입구(연등),37.46008547,127.07997523
1148,헌인릉입구,37.46064357,127.08172624
1149,헌릉IC교차로,37.46340485,127.09015748
1150,5163부대,37.45898674,127.08001327
1151,하나로마트양재,37.46227250,127.04586364
1152,대일농원,37.46004323,127.04663277
1005,경찰특경대,37.46271578,126.98793830
1066,신동초교정문,37.51625778,127.01197643
1105,신세계백화점,37.55952079,126.98014365
1153,세원마을입구,37.45454828,127.05067298
1154,본마을입구,37.45320116,127.05141201
1155,청계산입구,37.44492165,127.05756479
1156,새정이마을,37.43482405,127.06598500
1157,양재IC,37.46478707,127.04177065
1158,트럭터미널(연등),37.46154545,127.03728890
1159,트럭터미널,37.46068537,127.03604030
1161,을지로4가(연등)5,37.56651809,126.99557280
1162,어린이교통안전교육장,37.47054468,127.03194220
1163,홍익지구대(연등),37.55284022,126.91218137
1164,교육문화회관(연등),37.46903822,127.03332907
1165,홍익지구대,37.55186615,126.91248740
1166,메세나폴리스몰,37.55045227,126.91288908
1167,교육문화회관,37.46758151,127.03474423
1168,애오개역,37.55251048,126.95623678
1169,에이스빌딩,37.47539716,127.04149210
1170,수협은행양재(연등),37.47994315,127.04110569
1171,해바라기마트,37.55858409,126.91787427
1172,일동제약앞,37.47697612,127.03681906
1173,양재초교,37.47465136,127.03240916
1174,양재초교(연등),37.47426060,127.03148752
1175,KT연구원입구(연등),37.47377570,127.03064428
1176,KT연구원입구,37.47306713,127.02956724
1177,우면치안센터,37.47164554,127.02719314
1178,동대문역사문화공원(연등),37.56625667,127.00653761
1179,우암초교,37.47051044,127.02549242
1180,경성고(연등),37.56213924,126.91939684
1181,경성고,37.56121003,126.91783832
1182,대화프라자,37.47124166,127.02463018
1183,망원역(연등),37.55673135,126.90949451
1184,대화프라자(연등),37.47175887,127.02402549
1185,서강쌍용예가,37.54754467,126.92987101
1186,KT연구개발본부,37.47137432,127.03109883
1187,홍대입구역(연등),37.55473286,126.92207981
1188,한국교총,37.46771719,127.02834765
1189,벌떼교회,37.46604823,127.02680647
1192,선암IC,37.46033236,127.02016109
1193,새순교회,37.48848613,126.98831439
1194,효령아파트(연등)3,37.48174009,126.99265551
1195,사당극동아파트입구(연등),37.48580697,126.97548964
1098,방배중학교앞,37.49509595,126.99793251
1100,서초고,37.48958304,127.00458876
1102,서초중입구,37.48359008,127.00890931
1125,서초제일약품,37.50346363,127.02109051
1145,하림각(연등),37.59911168,126.96036465
1160,코스트코,37.46273302,127.03598195
1199,까치고개(연등),37.47618436,126.96587925
1200,낙성대입구(연등),37.47794425,126.96135843
1201,원당초교입구(연등),37.47932145,126.95782636
1202,원당초교입구,37.48006501,126.95582698
1203,LG전자,37.48152695,126.95045882
1204,관악전화국,37.48182604,126.94752243
1205,청룡길입구,37.48196204,126.94609621
1206,봉천역,37.48219525,126.94365181
1207,홍은중학교(경보),37.59281023,126.93460959
1208,홍은3가압장(경보),37.59000893,126.93537191
1209,관악청년회의소,37.48449725,126.93694892
1210,남산적십자(연등)2,37.55889979,126.98739370
1211,관악우체국(연등),37.48457700,126.93239449
1212,서대문문화체육회관(경보),37.58096092,126.93276619
1213,관악청년회의소(연등),37.48345486,126.93927308
1214,봉림교(연등),37.48396383,126.92702193
1215,봉림교,37.48373505,126.92584401
1217,내신부동산,37.47601770,126.96441792
1218,낙성주유소,37.47697674,126.96197039
1219,내신부동산(연등),37.47649124,126.96320199
1220,낙성사거리,37.47789674,126.95952472
1221,믿음약국,37.47880329,126.95720032
1222,봉천로사거리,37.48202335,126.95320870
1223,진광공업사,37.48238764,126.95077655
1224,진광공업사(연등),37.48254253,126.94919844
1225,현대시장입구(연등)2,37.48267760,126.94782635
1226,현대시장입구,37.48279779,126.94646353
1227,오장동사거리(연등),37.56561965,127.00235624
1228,현대시장입구(연등)1,37.48296760,126.94495837
1229,은천치안센터,37.48308366,126.94377647
1230,병천순대(연등)2,37.48315607,126.94307430
1232,병천순대(연등)1,37.48361219,126.94112530
1233,대림부동산,37.48422773,126.93975062
1234,을지로5가(연등)2,37.56775894,127.00218060
1235,대림부동산(연등),37.48524270,126.93752030
1236,보라매치안센터,37.48744014,126.93220450
1237,당곡초교입구,37.48843515,126.93016825
1238,롯데백화점관악,37.48988460,126.92536175
1240,녹두3거리(경보),37.56118698,126.99809139
1241,미도파빌딩(경보),37.55965702,126.99620952
1242,충무초교(경보),37.56215003,127.00109085
1243,신림119안전센터,37.48995634,126.92266514
1244,관악현대아파트,37.49084085,126.95644209
1245,봉천동아아파트,37.49053488,126.95514655
1246,관악우성아파트,37.48643731,126.95687563
1247,봉천로사거리(연등),37.48362458,126.95451457
1248,관악구청(연등),37.47820278,126.95225704
1249,청룡초교,37.47572121,126.95266305
1250,관악소방서,37.47395633,126.95303895
1251,관악소방서(연등)2,37.47269857,126.95307319
1252,서울대정문,37.46756816,126.94975409
1253,신림중(연등)1,37.46855384,126.94624543
1254,신림중,37.46973732,126.94476323
1255,삼성교,37.47089632,126.94146314
1256,화랑교(연등),37.47061143,126.93969880
1257,화랑교,37.47081880,126.93894334
1258,신성교,37.47094905,126.93768377
1259,신성교(연등),37.47088629,126.93684502
1260,미림여고입구(연등),37.47114706,126.93516197
1261,미림여고입구,37.47145533,126.93393039
1262,신림3교,37.47231839,126.93341653
1263,양산교,37.47372247,126.93402209
4897,아차산공원,37.55079890,127.10084480
4898,광장중학교,37.54680457,127.10220549
4899,필동사무소(경보),37.56014108,126.99613270
4900,장충교차로(경보),37.55951847,127.00594645
4901,두산타워(경보),37.56921811,127.00945896
4902,남산왕돈까스,37.55671057,126.98571919
4903,중국영사관,37.55649009,126.98495847
4905,골드뱅크(경보),37.56448129,126.99173467
4906,오장동수협(경보),37.56449992,127.00042773
4907,풍전호텔(경보),37.56424349,126.99567113
4908,삼익아파트(경보),37.55968750,126.99098175
4909,을지로5가(연등)1,37.56678991,127.00027207
4910,리틀톰스피자(경보),37.57925755,126.98674454
4911,재동초교사거리(연등)1,37.58011345,126.98504459
4912,감사원앞,37.58642380,126.98527953
4913,삼청동3R(경보),37.58697483,126.98165970
4914,삼청터널(경보),37.59343306,126.98211918
1196,녹천교동측,37.64549196,127.05687844
1197,남산적십자(연등)3,37.55827990,126.98733382
1198,까치고개,37.47562273,126.96726251
1231,병천순대,37.48325096,126.94218709
4915,칠보사(경보),37.58822488,126.98198952
4916,금융연수원(경보),37.58534719,126.98201694
4917,총리공관(경보),37.58417742,126.98192835
4918,경복고교(경보),37.58508061,126.97139213
4921,사직터널전(경보),37.57487553,126.96781284
4922,종로구청(경보),37.57246086,126.97923524
4924,신국세청(경보),37.57431813,126.97934579
4925,낙원상가(경보),37.57256352,126.98935471
4926,세종문화회관뒤(경보),37.57163145,126.97484707
4927,삼청동사무소(경보),37.58489801,126.98207114
4928,매동초교(경보),37.57707443,126.96768733
4929,덕수초교(경보),37.56859371,126.97416310
4930,이화여고(경보),37.56465428,126.96866840
4931,예원여고(경보),37.56657603,126.97104736
4932,교육연구정보원(연등)3,37.55395727,126.97962845
4933,중림동삼성아파트(경보),37.55852110,126.96630237
4934,남산케이블카(경보),37.55502138,126.98389809
4936,상사마을,37.58305211,126.79835881
4937,개포도서관(경보),37.48340479,127.06344602
4938,꿈의숲동문주차장입구,37.62118940,127.04565779
7470,금호펌프장(연등),37.54541690,127.02461933
4940,서울역광장,37.55405758,126.97298443
4942,성수공고앞,37.54023184,127.04964686
4943,황산IC,37.54932119,127.18250682
4944,염창역,37.54701789,126.87533223
4945,양평성원아파트,37.53352693,126.89408476
4946,남부고용노동지청앞(연등)2,37.52513396,126.88949944
4947,왕십로전풍호텔(경보),37.56258967,127.03337285
4968,숭신초교앞(경보),37.57177503,127.01847504
4969,갈현우남아파트(연등),37.61840814,126.90608994
4970,성광한의원,37.55102162,127.02560088
4971,성동교회,37.55337356,127.02483300
4972,금호광장(경보),37.54835689,127.01661525
4973,금호초교입구(경보)1,37.55336906,127.02052675
4974,서대문사회복지관,37.57082614,126.91967082
4975,유승약국,37.61102827,126.92175716
4976,도봉파크빌2단지,37.68394839,127.05134674
1239,티마크호텔,37.56282664,126.99307545
4904,영락교회(경보),37.56332980,126.98883075
4977,서울강림교회(연등)3,37.51699854,126.86491821
4979,왕십로안전공단,37.56509262,127.02462657
4980,할머니보쌈,37.56952160,127.02344771
4981,타이어뱅크영등포점,37.52712561,126.89923193
4982,영등포선거관리위원회,37.52866662,126.90793660
4983,등빛도서관(연등),37.56104035,126.84173521
4984,가양하수처리(경보),37.58220598,126.81948790
4985,목동하이페리온2(연등),37.52678780,126.87003859
5000,중곡1동사거리(연등),37.56285986,127.08073916
5001,이촌건영아파트(연등),37.51890358,126.97716874
5002,중앙사약국(연등)1,37.45341751,126.90401403
5004,강서보건소앞,37.54948282,126.86769218
5005,신강초교(경보),37.52612568,126.84069581
5006,현대프라자(연등),37.51873473,126.86037554
5007,방화동성상가,37.57882651,126.81241803
5008,덕남빌딩,37.52698892,126.85882270
5009,신서고,37.52408391,126.85930365
5010,목동영광교회,37.52558102,126.86029030
5011,신한은행신월동지점,37.51804036,126.84182838
5012,개화사거리(연등),37.57292501,126.80249504
4956,사가정배봉,37.57870568,127.06925797
5013,경찰병원(연등),37.49568592,127.12266958
5014,송파경찰서(연등)1,37.50147129,127.12763544
5015,성내2교(연등),37.49906057,127.14495270
5016,녹색환경교육센터(연등),37.54142169,126.88468304
5018,성내5교(연등),37.50179726,127.13766864
5019,명신초교,37.58214190,127.01497710
5020,성내4교남단,37.49930501,127.14140416
5021,서울빌라앞,37.50550164,127.13708376
5022,한산중학교앞,37.52807258,127.13929435
5023,성일초교후문(경보),37.52883152,127.12742935
5024,양지시장(경보),37.55555642,127.13511807
5025,상일파출소,37.55594666,127.16557143
5027,고덕중학교(연등),37.56025996,127.16352047
5028,한국노총회관(연등),37.52127941,126.92656493
5029,경인고속입구(연등),37.53071261,126.89372814
5030,목동주차장(연등)1,37.52870697,126.87648106
5031,CBS앞(연등)2,37.52891120,126.87449064
5033,중원주유소,37.56620815,127.07756525
5035,컨벤션센타,37.56495599,126.80536712
5036,종암초교후문,37.58271910,127.03142858
4919,단군성전,37.57576738,126.96561544
4920,인왕산길(경보),37.57691937,126.96464072
5037,양강초교옆(경보),37.52438921,126.84700959
5038,양천신협본점,37.52355292,126.84228880
5039,신원초교(경보),37.52917289,126.83113566
5040,강서교육청(연등),37.54214278,126.82904537
5041,동방아파트(경보),37.52233650,126.84719929
5042,강월초교(연등),37.51627496,126.83479261
5043,현대아파트109동앞(경보),37.51765152,126.87612748
5044,신정교남단(경보),37.51798199,126.87473514
5046,목동14단지(경보),37.51575852,126.87186549
5047,정랑고개(경보),37.51116976,126.84862905
5048,영등포여상앞길(경보),37.52451476,126.85922163
5049,신기초교앞(경보),37.51165473,126.85420048
5050,신서고(연등),37.52286903,126.85951462
5051,목일중학교앞(연등),37.51368999,126.87473492
5053,목동사거리(연등),37.53270826,126.86609695
5054,봉영여중,37.50920636,126.86160066
5055,목1파출소(경보),37.53050712,126.87087537
5056,목동트윈빌,37.53131613,126.87728499
5057,목2동극동아파트(경보),37.53841922,126.87106023
5058,목2동바이더웨이(경보),37.53974230,126.86863616
5059,목2동빵굽는마을(경보),37.54665946,126.87164862
5060,목2동대림혼다(경보),37.54320914,126.87004948
5061,목동운동장(경보),37.53024011,126.88541681
5062,목동롯데아파트,37.54753213,126.86864100
5063,목4동제일약국(경보),37.53934561,126.86588857
5064,목동1단지130동앞,37.53981953,126.88166744
5065,월촌초등학교앞(연등)3,37.53918423,126.87623166
5066,영도초교후문,37.53589353,126.87264531
5067,양평한신아파트,37.54123951,126.89123687
5068,공영용산1주차장(경보),37.53184094,126.96424803
5069,성남어린이공원(경보),37.54323459,126.98955973
5070,성북풍림아이원101동,37.59457321,127.02414315
5073,우이초교앞(연등)2,37.64340644,127.01617599
5074,우이초교앞(연등)1,37.64234333,127.01652794
5075,우이3교서측(연등),37.63614749,127.03547493
5076,흥천사입구(연등),37.59759448,127.01466287
5078,종로구민생활관앞(경보),37.58985219,126.99917575
5079,범양에어콘(경보),37.56073476,127.01599426
5080,흥인초교(경보),37.56111271,127.01502256
5081,파라다이스A(경보),37.56213746,127.01684051
5082,무악슈퍼(경보),37.56119138,127.01103370
5003,공항아파트,37.56525338,126.81654506
5077,내발산주공,37.55433773,126.84189424
5083,약수하이츠A(경보),37.55410750,127.01159020
5084,광희초교(경보),37.56662727,127.01572657
5086,밀알성도교회(경보),37.56276887,127.01598551
5087,고려페인트(경보),37.55980893,127.01539097
5088,논골사거리(연등),37.55559989,127.02383495
5089,옥정초교(경보),37.54241984,127.01585445
5090,구옥수PB(경보),37.54636689,127.01322523
5091,장충초교(경보),37.55948930,127.01180325
5092,한양여전입구(경보),37.55740836,127.05117235
5093,사근하이츠(경보),37.56113162,127.04817654
5094,옥수하이츠(경보),37.54122692,127.01654958
5095,성동보건소(연등)2,37.56657247,127.03205822
5096,동대문APM(경보),37.56802034,127.01365942
5097,성동자활센터,37.54543992,127.01548193
5098,옥수사회복지관(경보),37.54095704,127.01294404
5099,묵2동현대아파트,37.61028345,127.07294724
5101,성동문화회관(경보),37.55878736,127.03548469
5102,석관펌프장,37.61360286,127.06587096
5104,신안아파트,37.61449996,127.07921479
5105,먹골파출소,37.61444226,127.08161929
5107,면목성원아파트(연등),37.57866221,127.09131836
5108,면목7치안센터,37.58662307,127.08814524
5109,우성상가,37.52227842,126.83359581
5110,양천고,37.50893769,126.84416742
5111,서울여대(연등),37.62633165,127.09509752
5112,서진아파트,37.62298821,127.07225062
5113,DMC첨단산업센터,37.58492864,126.88438885
5114,수색역서측,37.57623834,126.89950269
5115,성산현대아파트,37.57121031,126.90794480
5116,서울가좌행복주택,37.56964187,126.91143594
5117,성산2-1공영주차장,37.56479595,126.90737145
5118,태릉가스충전소(연등),37.61807079,127.07262093
5119,공릉배수지(연등),37.63764865,127.08137508
5120,기업은행공릉(연등)1,37.62491707,127.07976869
5121,미성아파트,37.52556336,127.01939737
5122,서울시설공단북단,37.57273556,127.03799249
5123,상계초교입구(연등),37.65683675,127.06559272
5124,공릉중(경보),37.62233370,127.08296592
5125,옛집영양탕,37.67399804,127.08478237
5126,공릉초교(연등),37.61954742,127.07337627
5127,호수아파트앞(경보),37.54192857,126.93567869
5052,129번종점앞(경보),37.50998208,126.86828823
5072,이문우체국,37.59914867,127.06178816
5106,동성3차아파트,37.60879781,127.09554355
5128,롯데마트양평점(연등),37.52556406,126.89225021
5129,월계현대아파트(경보),37.61782322,127.06394228
5130,하계2차현대(경보),37.64560613,127.07175255
5131,방학대상타운(연등),37.66699990,127.04607818
5132,신도봉시장(연등),37.67129111,127.04246658
5133,창북중교입구,37.64661671,127.03934897
5134,창동역서측,37.65274504,127.04605979
5135,청풍마트,37.62770423,127.04416099
5137,자운고,37.65937501,127.05101191
5138,도봉유원아파트,37.68185506,127.05076076
5139,남광약국(경보),37.48250644,126.91444033
5140,사직공원(연등),37.57594747,126.96932453
5141,환경운동연합(경보),37.57815146,126.96941154
5142,갤러리아펠리스입구,37.51020414,127.09457775
5143,래미안아파트(경보),37.48973751,126.97102966
5144,장지공영주차장,37.46887457,127.13123187
5145,온곡중,37.65985502,127.06534232
5147,잠원초교,37.50114943,126.99751301
5148,한양대후문(경보),37.55400261,127.04417463
5149,신수동사거리(연등),37.54485679,126.93535595
5150,노원구민체육센타(경보),37.64770050,127.07105259
5151,흥국사,37.65700107,126.94210838
5152,삼육대(연등),37.63877870,127.10862875
5153,당산초교(경보),37.53862555,126.89456134
5154,강서교육청,37.54145532,126.83026434
5155,곰달래사거리(연등),37.53000611,126.83758981
5156,쌍문삼성래미안,37.64633884,127.02675821
5157,꿈의숲효성해링턴,37.61655564,127.03402108
5158,강일중입구(경보),37.55678696,127.13491630
5159,"강일4,5,7단지",37.56600452,127.17759115
5160,화곡6동장궁갈비,37.55299872,126.85152574
5161,기독신학교(연등)2,37.60325829,126.91036991
5162,상수도사업본부(연등),37.56071077,126.96786520
5163,대원고,37.56217806,127.08719479
5164,강북삼성병원(경보),37.56848859,126.96849286
5165,용비교,37.54479349,127.03326631
5167,우이2교,37.64157384,127.03318487
5168,미화빌딩,37.55307676,126.93719907
5169,성산2교(연등),37.56408448,126.91287930
5170,중암교(연등)2,37.57136535,126.90170207
5100,대경정산고(경보),37.55593121,127.01739118
5171,서광타워온누리약국(연등),37.55438887,126.94590535
5172,서교천주교회(연등)1,37.55327356,126.92602725
5173,마포구치매지원센터(연등),37.55086206,126.94418509
5174,대흥치안센터(연등),37.55231603,126.94539900
5175,강변북로(경보),37.54465709,126.92391731
5176,밤섬현대아파트(경보),37.54189004,126.93288698
5177,목동교전(경보),37.53169606,126.88511674
5178,내곡터널앞(경보),37.44751856,127.07702312
5180,서울시교육청(경보),37.56996099,126.96599194
5181,감리교신학대학(경보),37.56791978,126.96301967
5182,동명여중(경보),37.56858098,126.96168823
5183,독바위역(연등)2,37.61776996,126.93318026
5184,북한산온천,37.65414644,126.93940630
5185,입곡삼거리,37.65041251,126.93654921
5186,광화교삼거리,37.47438783,126.84490546
5188,동아유치원,37.50824565,126.94361559
5189,여의도주유소(연등)1,37.53148935,126.92316686
5190,망원2주민센터입구(연등),37.56211393,126.90465480
5191,교육연구정보원,37.55480810,126.98181257
5192,신촌기차역남측,37.55789747,126.94280751
5193,KT&G복지재단,37.54629886,126.94181682
5194,마포세무서(연등),37.54727403,126.93873126
5196,성산초교앞(연등),37.55381013,126.91032325
5197,구수동사거리(연등),37.54503131,126.93121083
5199,이조빌라(연등)1,37.56593763,126.91894337
5201,하나은행망원(연등)1,37.55752560,126.90575020
5202,서울가좌행복주택(연등)2,37.56899283,126.91311410
5203,극동3거리(경보),37.55079284,126.92041916
5204,성산현대아파트(연등),37.57173760,126.90701565
5205,월곡1동축협(연등),37.60651354,127.03679263
5206,옥인시범(경보),37.58252775,126.96138634
5207,인왕초등학교(경보),37.58948604,126.94568550
5208,창서초등학교(경보),37.55699100,126.93458730
5209,연희맛길(경보),37.56607728,126.92876851
5210,제일모터스(경보),37.56736327,126.91914046
5212,추계초교(경보),37.56427300,126.95352539
5213,학여울R(경보),37.49687195,127.06999340
5214,한강공예공고뒤(경보),37.53930601,126.89772736
5216,북악산길(경보),37.59313713,126.96656124
5217,독립문초교(경보),37.57368948,126.96038740
5218,당산현대5차(경보),37.52979705,126.90164659
5219,문래현대홈타운,37.51964660,126.89096160
5220,이문고가(경보),37.60452575,127.06738638
5195,하나은행망원(연등)2,37.55697894,126.90309707
5221,도림초교(연등),37.50779616,126.90600216
5222,흥원사(경보),37.50404644,126.92424991
5223,홍제3교(경보),37.58792823,126.93640946
5224,증산펌프장(경보),37.57841594,126.90287951
5225,현저교회(경보),37.57729045,126.95507258
5226,천호동공원앞,37.54364399,127.12518864
5227,제일정형외과앞,37.53218676,126.86191109
5229,금천로(경보),37.44935056,126.92190226
5230,허준박물관(연등)1,37.56828490,126.84971957
5231,현대홈타운105동앞,37.55710625,127.13797094
5232,청운아파트(경보),37.59069621,126.96514208
5233,서초중입구(연등),37.48341447,127.00793468
5234,금호어울림아파트,37.53289640,126.86757192
5235,현대블루핸즈앞,37.52353200,126.89036256
5236,남태령정상,37.45807259,126.98861265
5238,정릉램프,37.57260455,127.03576414
5239,환경연구원,37.46410246,127.03453949
5240,기아대교(광명),37.43870419,126.89928519
5241,옥수빗물펌프장,37.54145418,127.01942487
4365,상곡초교,37.66299164,127.06164859
4367,청원고교(연등),37.66519565,127.06198622
4368,상계보람아파트201동,37.66462159,127.06478663
4369,온곡초교입구,37.66446612,127.06615612
4370,온곡초교입구(연등),37.66420053,127.06713921
4371,상신교회,37.66156261,127.07061055
4372,상계보람110동,37.66147590,127.06570146
4374,상계보람204동,37.66574835,127.06642367
4376,온곡초교(연등)2,37.66709346,127.06663284
4377,온곡초교,37.66783959,127.06672266
4378,상경중학교,37.66729856,127.05351288
4379,상계1214동,37.66755879,127.05857511
4380,상원초교후문,37.66841324,127.05999360
4381,청원학당,37.66705175,127.06196587
4382,청원학당(연등)1,37.66679948,127.06375844
4383,상원초교,37.66884919,127.06054191
4384,상원중(연등)1,37.67099767,127.05764592
4386,수락터미널,37.67853718,127.05361187
4387,우성아파트102동,37.65756035,127.02472503
4388,유화유치원,37.66022091,127.02770646
4389,정의공주묘,37.66174358,127.02341492
4390,방학신동아아파트,37.66177442,127.02757038
4391,방학한화아파트,37.66214000,127.03147015
5198,성산주유소,37.56747666,126.90953895
4392,방학성원아파트(연등)1,37.66234278,127.03305165
4393,방학성원아파트(연등)2,37.66148883,127.03483113
4394,쌍문청구아파트(연등),37.66052092,127.03491964
4395,신한은행방학,37.66286298,127.03737278
4396,동부센트레빌아파트앞,37.66282348,127.04088913
4397,방학생명교회,37.66401800,127.03497233
4398,방학축협,37.66488979,127.03604216
4399,창4동현대아파트,37.66125858,127.04750620
4400,월천초교(연등),37.64857843,127.05243510
4402,거성학마을(연등)1,37.66649677,127.03837119
4403,청원학당(연등)2,37.66785089,127.06067908
4404,창동삼성아파트입구,37.64853699,127.04782578
4405,누원초교(경보),37.68571117,127.04953265
4406,상경초교(경보),37.67104913,127.05099952
4407,동묘앞역(연등)2,37.57393225,127.01878459
4408,두물다리,37.57103689,127.03330012
4410,상경초교(연등),37.67069897,127.05424967
4412,상계주공15단지(경보),37.66722690,127.05451234
4413,노원천주교(경보),37.66439757,127.05294606
4414,동일초교(연등)2,37.66433189,127.05616697
4415,상계주유소(연등)1,37.65801139,127.07165090
4416,신상중(경보),37.65177449,127.06278451
4417,창동운동장(연등)2,37.66053373,127.04904352
4418,녹천역(경보),37.64394058,127.05198980
4420,김수영문학관,37.66018949,127.02422628
4421,신학초교(경보),37.66034807,127.02466601
4422,원약국,37.66654511,127.03429556
4423,도깨비시장(경보),37.66537758,127.03551976
4425,중의하이트빌라(경보),37.64772524,127.03870637
4426,금호빌라,37.64951237,127.04193152
4427,한영프라자,37.65492878,127.04072972
4428,창동초교(경보),37.65492838,127.04380648
4429,자운초교(경보),37.65890925,127.04846389
4431,상계두산주공1단지(경보),37.67825532,127.05359581
4434,상계역입구(경보),37.65974107,127.07234684
4435,중계주유소(경보),37.65532710,127.05890189
4437,노원구청뒤3R(경보),37.65492088,127.05708729
4438,정의여중R(경보),37.65111503,127.03661325
4439,창도초교3R,37.66422270,127.04863248
4440,대상타운현대201동(경보),37.66605826,127.04765528
4442,창도초교(경보),37.66330630,127.04868275
4444,대림3동현대3차아파트(경보),37.50582369,126.89418879
4448,구로삼각공원,37.50159181,126.89152132
4373,홍익중고입구(연등),37.59249447,127.00244570
4449,세곡동사거리(연등)1,37.46486501,127.11014236
4450,구로3동새마을금고(연등)1,37.48764212,126.88868175
4451,벚꽃로1(경보),37.49517630,126.87999241
4452,서울전동차사무소(경보),37.48748454,126.87787045
4453,칠성3차아파트(경보),37.48906858,126.87661031
4454,구일우성아파트앞,37.48982746,126.87592204
4455,구일중학교,37.49545334,126.87356741
4456,동아3차아파트,37.50970550,126.88271836
4457,신도림초등학교,37.51194866,126.88258743
4458,신도림빗물펌프장(경보),37.51282058,126.87985072
4459,국민일보사(경보),37.54599861,126.93427743
4461,오금교(경보),37.50747133,126.87502996
4462,중앙유통단지(경보),37.50189573,126.87672426
4463,SK텔레콤(경보),37.50047898,126.87257660
4465,고척초교입구,37.49870815,126.85679847
4466,고척대우아파트(경보),37.50222204,126.85602116
4467,대우아파트109동(경보),37.50360686,126.85641339
4468,고척2동부동산가이드(경보),37.50729405,126.85436055
4469,오류중(경보),37.50727040,126.84496751
4470,개봉시장(경보),37.50226264,126.85034892
4473,개봉고가남측하단(경보),37.49363375,126.85614594
4474,개봉역앞,37.49381652,126.85812826
4476,삼호아파트앞,37.49386314,126.85616802
4477,개봉30번종점(경보),37.48814862,126.85698671
4478,개웅교(경보),37.48376812,126.85391616
4479,망우3동주민센터,37.59175429,127.09806965
4481,개봉3동사무소(경보),37.48627036,126.85419079
4482,광덕교차로,37.48867233,126.83601473
4484,수궁동성당,37.49518991,126.83043006
4485,궁동주유소,37.49772498,126.82918892
4486,오류고등학교,37.49884688,126.82909621
4487,원명초교앞(경보),37.50047185,127.01600494
4488,양화교밑,37.54703718,126.88054141
4489,봉천고개(경보),37.49158147,126.95625190
4490,구암초교,37.48857500,126.94626424
4491,봉천삼성아파트입구(경보),37.48817600,126.95230290
4493,관악봉성교회(연등),37.48642189,126.95813069
4494,낙성대역앞,37.47723182,126.96313746
4496,인헌아파트입구(경보),37.46813543,126.96121189
4497,낙성현대아파트,37.47475896,126.95910644
4498,은천아파트입구(경보),37.46933232,126.96531704
4499,문성터널(경보),37.47896597,126.92503196
4500,승리교(경보),37.48051879,126.92981518
4424,금성관광(경보),37.64845695,127.03825876
4464,일이삼전자타운(경보),37.49769573,126.86299326
4501,서울대매점앞,37.46715234,126.94807988
4502,쓰레기집하장(경보),37.48996690,126.92011060
4503,삼성산정산(경보),37.46100577,126.92338607
4504,연건119안전센터,37.57951528,127.00217424
4505,한강현대아파트(경보),37.50651867,126.96812224
4506,중앙대병원서측,37.50774122,126.96095376
4507,중앙대중문앞,37.50650486,126.95707576
4508,재향군인회(연등),37.57423936,126.99751671
4509,한국생명과학연구소,37.58930006,126.99737037
4510,혜화역(연등)1,37.58385152,127.00161661
4511,혜화역(연등)2,37.58187250,127.00198605
4512,서울대병원앞,37.58072899,127.00211094
4513,서울사대부속초교,37.57683669,127.00243589
4515,청계9가(연등)2,37.57121288,127.03044580
4516,신동아아파트입구,37.57398277,127.03242756
4517,동진교,37.57391841,127.02875641
4518,신설동역(연등),37.57510764,127.02423570
4519,청계8가(연등)2,37.57275407,127.02334968
4520,지봉로8길입구(연등)2,37.57427723,127.01568793
4521,창신초교,37.57634509,127.01553640
4522,창신3동주민센터,37.57808735,127.01536335
4523,쌍용아파트,37.58152326,127.01227895
4524,종로6가,37.57111231,127.00648657
4525,동진빌딩,37.57636789,127.02552155
4526,안암교,37.57708030,127.02805786
4527,용두동사거리(연등),37.57870466,127.03029934
4528,필현빌딩,37.57116917,127.01579299
4529,신설동역앞(연등),37.57448562,127.02561774
4530,서울시동부병원,37.57551208,127.03060913
4531,성균관대입구,37.58304042,126.99878675
4532,신서초교(연등),37.52238599,126.86408205
4533,목동힐스테이트,37.52173020,126.85827194
4534,신월보람아파트,37.52982665,126.83484997
4536,신강초교,37.52550702,126.84106212
4537,서룡빌라,37.52152232,126.84003258
4538,강서초교,37.52225389,126.84306968
4539,양강중(연등)3,37.52358827,126.84884258
4540,창천교회,37.55897800,126.93694708
4545,다복마트,37.52740422,126.85604287
4546,팔래스힐,37.52763221,126.85444205
4547,마포소방서(연등),37.54914297,126.93286463
4548,신정배수펌프장(연등),37.52565584,126.87686597
4549,CBS앞(연등)3,37.52771796,126.87526972
4550,목동부영그린타운(연등)1,37.53652348,126.88297176
4551,목동1034동앞,37.51754987,126.85407606
4552,양천구자원봉사센터,37.51909579,126.85339778
4553,양강중(연등)2,37.52515171,126.85032537
4554,목동4단지,37.53271644,126.87116101
4555,목동4단지(연등),37.53297535,126.87314607
4556,국민은행암사,37.55142711,127.12801479
4557,월촌초등학교앞(연등)2,37.53840204,126.87366502
4558,월촌초등학교앞(연등)1,37.54090177,126.87593338
4560,양정중,37.53578271,126.88786409
4561,양정고(연등),37.53340100,126.88765360
4562,갈산초교삼거리(연등),37.51213602,126.87068799
4563,양천구청역(연등)2,37.51299764,126.86676531
4564,궁동터널입구,37.50707530,126.83821126
4565,목동509동,37.53344068,126.88387388
4567,목동812동(연등),37.52075404,126.86860248
4568,세신교회,37.51548621,126.86359836
4569,신정3동우체국,37.51286367,126.85354174
4570,강서교육지원청입구(연등),37.53957291,126.83250153
4571,광영여고(연등),37.53919957,126.82207384
4572,목동5단지상가,37.53330860,126.88059871
4573,양강중(연등)1,37.52426445,126.85175546
4575,해동카도크,37.54367276,127.05902336
4576,수락현대아파트,37.67488641,127.05800123
4578,난곡GS칼텍스,37.47297666,126.91887114
4579,관악우림시장(연등),37.47062125,126.91992642
4580,건영유치원,37.48509754,126.91531640
4581,힐스테이트뉴포레,37.48343963,126.90539504
4582,힐스테이트뉴포레103동,37.48443630,126.90546215
4583,구로이마트후문(경보),37.48460343,126.89857267
4584,에이스하이엔드,37.48143989,126.89244365
4585,구로한일카센터,37.48052991,126.89130567
4586,가리봉사거리,37.48179607,126.88669625
4587,가산동교차로(경보),37.48566989,126.88097066
4588,벽산디지털밸리,37.47609959,126.88531506
4589,독산진도2차아파트,37.47038653,126.89182342
4590,빅마켓금천점,37.47008776,126.89489428
4591,독산진도2차아파트(연등),37.47028787,126.89382588
4592,두산초교(경보),37.46654794,126.89180812
4593,현대아파트입구(경보),37.46261101,126.89219730
4595,가산동주민센터(연등),37.47683860,126.89211935
4596,가산초교(경보),37.47709255,126.89624414
4597,흥일초교(경보),37.46260989,126.90705786
4598,문교초교(경보),37.46656474,126.90810637
4535,곰달래사거리,37.53005534,126.83832097
4599,금천스포츠(경보),37.46388784,126.90671444
4600,여성발전센타(경보),37.46268155,126.90551028
4601,백산초교(경보),37.44714379,126.90438609
4602,동일여고(연등),37.45009978,126.91602262
4603,토끼굴입구(경보),37.45045948,126.92104554
4604,수경약국(경보),37.48395259,126.99121610
4605,방배초교(경보),37.48667914,126.98783405
4606,방배제일은행(경보),37.49507507,126.98903668
4607,방배4동성당,37.49373047,126.99345992
4608,서울카쎈타(경보),37.48923416,126.98644039
4609,방일초교(경보),37.48593993,126.99802918
4610,이수초교(경보),37.47876518,126.98527989
4611,서문여고(경보),37.48752360,126.98495461
4612,방배경찰서(경보),37.48049114,126.98255385
4613,세우촌공원(경보),37.47943954,126.98757664
4614,서래초교앞(연등),37.49617714,126.98830875
4615,사당5동주민센터,37.48502329,126.96763752
4616,신남성초교(경보),37.48783965,126.96466038
4617,사당대림아파트후문(경보),37.48859467,126.97242883
4618,내외약국(경보),37.48505179,126.97632789
4619,남사초교(경보),37.48180222,126.97950691
4620,연세사랑병원앞,37.47585850,126.98598064
4621,새영교회앞(경보),37.47644464,126.97520584
4624,대성빌라(경보),37.48261614,126.96678289
4625,삼호그린아파트(경보),37.48661358,126.96552748
4626,천동초교정문앞,37.54115505,127.13809820
4627,삼일초교(연등),37.48748818,126.97499593
4628,보훈병원,37.52916089,127.14329841
4629,달마사공원,37.49917047,126.95992914
4630,상도6구역(경보),37.49813496,126.95928947
4631,흑석동부센트레빌2차,37.50188343,126.96025834
4632,상현중(경보),37.49388297,126.96028298
4633,수산시장길(경보),37.51615143,126.94318639
4634,신동아아파트길(경보),37.51047859,126.95116795
4635,극락정사(경보),37.50816936,126.95156772
4636,영본초교앞,37.50856956,126.94913356
4637,신동아리버파크후문(경보),37.50630839,126.94749205
4639,노량진5거리(경보),37.51059886,126.94471532
4640,한성교회입구(경보),37.50396017,126.94549186
4641,상도현진빌라,37.49749951,126.94324452
4642,국사봉중학교(경보),37.49332934,126.94365895
4644,대림한숲타운(경보),37.51127221,126.92911588
4645,신길초교,37.51098513,126.92661977
4646,캠프그레이(경보),37.51195451,126.92641647
4647,영화초교(경보),37.50845081,126.93225729
4648,공군복지단(경보),37.50787393,126.93029342
4649,제비공원(경보),37.50635864,126.92626517
4650,대방골4R(경보),37.50555459,126.92429391
4651,성남중고교(경보),37.50459783,126.92527683
4652,성남고후문(경보),37.50279435,126.92655011
4653,우석학원(경보),37.50281842,126.92542839
4654,대방교회앞(경보),37.50407900,126.92269737
4655,서울공고뒤(경보),37.50284448,126.92416479
4656,범한택시(경보),37.50034788,126.92408440
4657,대림초교(경보),37.50031047,126.92530953
4658,문창중(경보),37.49766155,126.92095708
4660,신대방2노인정(경보),37.49777347,126.92215520
4661,덕우약국(경보),37.49841749,126.92403465
4662,보라매자이103동앞,37.49887320,126.92533997
4663,보라매병원앞,37.49270674,126.92490713
4664,보라매후문(경보),37.49187108,126.92302435
4667,잠수고가(경보),37.50560493,127.00108306
4668,반포쇼핑4동(경보),37.50723512,127.00384694
4669,반포르엘201동(연등),37.50958243,127.00269186
4670,반원초교,37.50936713,127.00463493
4671,신반포아파트(경보),37.51213646,127.00644597
4672,하나유치원(경보),37.51516929,127.00999896
4673,매일상가(연등),37.51346180,127.01258626
4674,신반포13차아파트,37.51694772,127.01439240
4675,뉴타운상가삼거리,37.50892378,127.01134185
4676,고속도로지하통로(경보),37.50793308,127.01703343
4677,서리풀터널앞,37.49079878,127.00437291
4678,청구빌라(경보),37.48776495,127.00440339
4679,롯데빌리지나동(경보),37.48492409,127.00361232
4680,서원초교(연등),37.50155941,127.01600989
4681,원명초교(경보),37.49970309,127.01675168
4682,반포센트럴푸르지오써밋(연등),37.50117582,127.01684924
4683,반포센트럴푸르지오써밋,37.50077227,127.01782341
4684,서초래미안,37.50024564,127.01926403
4685,삼성아파트입구(경보),37.49739760,127.02070332
4686,유원아파트입구(경보),37.49551916,127.01834185
4687,금호아파트입구(경보),37.49522258,127.01736070
4689,서초삼성스위트아파트,37.49528080,127.02500821
4690,서일초교(경보),37.48441703,127.02211935
4691,대동공업사(경보),37.48368702,127.02256522
4692,우암초교(연등)2,37.47103583,127.02627465
4693,우면치안센터(연등),37.47218894,127.02801587
4694,한국통신개발원(경보),37.47247759,127.03010941
4638,신동아리버파크(경보),37.50666636,126.94213680
4696,한국통신정문(경보),37.47076451,127.03047284
4697,구청야적장(경보),37.47266464,127.03241391
4698,광일카센타(경보),37.47597163,127.03982674
4699,KEC앞삼거리,37.47707554,127.04287003
4700,언남고교(경보),37.47383382,127.04348077
4701,서초우체국,37.46963068,127.04143559
4703,양재근린공원,37.47080732,127.04315146
4704,명성카센타(경보),37.47237382,127.04674437
4705,원터마을입구(경보),37.44348217,127.05846001
4706,관현사입구,37.43729812,127.06342419
4707,헌인주차장(경보),37.46380505,127.08207198
4708,성한산장(경보),37.46166590,127.08198150
4709,헌릉IC,37.46184951,127.08535402
4710,세곡동진출램프(경보),37.46016853,127.08175659
4712,제니스병원,37.54657070,127.08695916
4713,한보미도111동(경보),37.49168676,127.06837501
4714,한보미도105동(경보),37.49150811,127.06477734
4715,도곡1동사무소(경보),37.48928188,127.04002362
4716,역삼우성아파트(경보),37.48855312,127.03749532
4717,언주초교,37.48648078,127.03794599
4718,영동세브란스(경보),37.49234882,127.04761955
4719,신사중(경보),37.52422404,127.02044787
4720,강남경찰서(경보),37.50895312,127.06675945
4722,범안빌딩(경보),37.50844374,127.03338798
4723,논현동브라운스톤,37.51517940,127.04205197
4724,대치초교,37.49063781,127.06151218
4725,개포1차우성(경보),37.49018533,127.06177002
4726,우성캐릭터199(경보),37.48633519,127.05277926
4727,도성초교사거리(연등)1,37.50152554,127.05383341
4728,강남수도사업소,37.48327137,127.04760298
4729,대치중(경보),37.48393483,127.04712693
4730,청담공원(경보),37.52139524,127.06174414
4731,올림픽대교건영A(경보),37.52749855,127.05323250
4732,청담대교서측(경보),37.51829609,127.06510257
4733,강남병원(경보),37.51256915,127.06699245
4734,한양타운(연등),37.52576274,127.03995814
4735,파천교주차장(경보),37.52552791,126.91414901
4737,여의도치안센터(연등)2,37.51725854,126.93304946
4738,여의도성모병원후문(경보),37.51783087,126.93731327
4739,재동초교사거리,37.57914887,126.98509506
4740,윤중초교(경보),37.51952752,126.92385968
4741,전경련회관(경보),37.52214901,126.92134609
4742,여의도HP빌딩,37.52292517,126.92362693
4743,국회의사당(연등),37.52793429,126.91805511
4688,서초초교(경보),37.49897110,127.02518116
4721,현대테니스(경보),37.50593360,127.06729312
4744,렉싱턴호텔(경보),37.53049373,126.92251488
4745,국회서문갈림길(경보),37.53336826,126.91182778
4746,국회서문(경보),37.53175108,126.91155197
4747,갑을아파트삼거리,37.53557871,127.11276792
4748,씨티극동아파트(경보),37.53937706,127.11715124
4749,풍성초교(경보),37.52604781,127.11230753
4750,풍납한미은행(경보),37.52993522,127.11460503
4751,풍성중3R(경보),37.52478955,127.11117705
4752,잠실고앞,37.52303736,127.10715666
4753,잠실나루역(연등),37.51758925,127.10551904
4754,,37.49761346,127.11483227
4755,가락하모니마트,37.50098795,127.12388618
4756,가락대림아파트(경보),37.49885031,127.11817031
4757,가원중(경보),37.49082507,127.12388579
4758,동산교회앞,37.50007477,127.12318543
4759,하이마트(경보),37.49405100,127.13309680
4760,경남레이크파크(연등)1,37.51109868,127.10701465
4761,송파2동삼성A(경보),37.50495916,127.12029199
4762,한양카센타(경보),37.50342557,127.11613060
4763,세륜중고앞,37.50837722,127.13048616
4764,오륜주유소(경보),37.50844355,127.14051907
4765,위례성길(경보),37.50798628,127.13674520
4766,국제음악예술단(경보),37.50199955,127.13419258
4767,오금목련공원(경보),37.49894097,127.13833702
4768,메이필드호텔,37.54914604,126.81648205
4769,진양빌라(경보),37.50035646,127.13943163
4770,오금아남아파트(경보),37.50251463,127.13688684
4771,거여초교(경보),37.50433536,127.14032000
4772,보람파크빌리지,37.51054669,127.12115486
4773,교통안전공단(경보),37.51181204,127.12189396
4774,방산초교앞,37.50915937,127.12024835
4775,방이코오롱103동(경보),37.50875965,127.12289748
4776,문정래미안아파트,37.49123276,127.12896211
4777,문정제일은행,37.48626275,127.12491558
4778,문정건영A(경보),37.48186557,127.12656172
4779,장지교회,37.47971160,127.12683855
4780,한미자동차학원(경보),37.48228247,127.12996687
4781,아이코리아,37.48085468,127.13317587
4782,장지동주민센터앞,37.48678449,127.13315078
4783,문정지하차도위(경보),37.48785696,127.13095457
4784,영풍초교(경보),37.49658129,127.14259782
4785,송파상운종점,37.49305074,127.15248233
4736,광장아파트(경보),37.52012673,126.91915106
4786,효동주유소,37.49284183,127.14918398
4787,신명초교입구(연등),37.54201838,127.14740940
4788,거여우체국,37.48930995,127.14283735
4789,거여미주103동(경보),37.49127040,127.14565580
4790,거원중(경보),37.48811552,127.14568305
4791,571번종점(경보),37.49101087,127.15741674
4792,송파소방서(경보),37.49939717,127.14201692
4794,신촌기차역,37.55861804,126.94280911
4795,금옥초교(경보),37.54577305,127.01781832
4796,왕북초교(연등),37.48559491,127.08741332
4797,일원대청306동(경보),37.49474385,127.07831672
4798,대모초교(연등),37.48174380,127.08663182
4799,강남공고(경보),37.48138704,127.08427222
4800,푸른마을110동(경보),37.48356418,127.07969378
4801,상록수A103동(경보),37.48167728,127.08014979
4803,수서프라자(경보),37.48849316,127.10214186
4804,세종고(경보),37.49015527,127.10137330
4805,수서초교(경보),37.49124472,127.10093003
4806,수서중(경보),37.49085442,127.10370077
4807,수서전화국(경보),37.48834549,127.09837368
4808,대진전자공고(경보),37.49085049,127.09687734
4809,개포6단지앞삼거리,37.48720883,127.07076270
4810,구룡초교입구,37.48037308,127.05262051
4811,개포주공1단지57동(경보),37.47904702,127.05819006
4812,늘푸른공원,37.49058432,127.07722615
4813,일원초교후문,37.48962562,127.07536081
4814,개포현대1차아파트,37.48192091,127.05493126
4815,개포우성3차아파트(연등),37.48404810,127.05746949
4816,구룡터널북단(경보),37.47455109,127.06020512
4817,영동3교(경보),37.48433717,127.05200870
4818,잠실1단지136동,37.51623734,127.08448293
4819,505동앞,37.51456445,127.09156553
4821,국민은행개포남지점(연등),37.47897630,127.04909005
4822,포이한라아파트(경보),37.47707173,127.05567287
4823,강남동산교회,37.47933014,127.05070069
4824,삼전중앙교회(경보),37.50350228,127.08008834
4825,삼전현대아파트앞,37.50006579,127.08775773
4826,삼전우성4차107동(경보),37.50161119,127.08343702
4827,석촌초교입구,37.50036863,127.10503127
4828,석촌동한빛은행(경보),37.50008120,127.10418173
4829,남현교회,37.49894666,127.10052379
4830,엄마손백화점,37.50137962,127.10825550
4831,석촌지하차도(경보),37.50233427,127.09878009
4793,마천교(경보),37.49999702,127.14619928
4832,가락제3기동대(경보),37.48292121,127.11400074
4833,광평교~3기동대(경보),37.48837173,127.10967053
4834,가락쓰레기처리장(경보),37.47724235,127.12108480
4835,가락수산물시장(경보),37.49268514,127.10625677
4836,탄천교(경보),37.49355063,127.10476870
4837,수서진출램프(경보),37.49246317,127.09553891
4838,양재6R~수서IC(경보),37.49143624,127.09077542
4839,장지IC하향,37.46962841,127.12452682
4840,올림픽대로북2문(경보),37.51791988,127.06994385
4841,연신초교(경보),37.62587171,126.92799839
4842,예일초교(경보),37.60950956,126.91494344
4843,불광중(경보),37.62323989,126.93043114
4845,불광삼익아파트,37.62029479,126.93204006
4846,역촌동성당(연등),37.60567032,126.91272520
4848,갈현동성당입구,37.62093148,126.91652709
4849,갈현1동주민센터앞,37.62349578,126.91699986
4855,신화콘크리트(경보),37.65032826,126.93550659
4856,동화판넬(경보),37.65021288,126.93378926
4859,교육복지통합센터,37.56203709,127.05744015
4860,성수우방아파트앞,37.54839155,127.05118118
4861,광남유치원(연등),37.54212124,127.10175622
4862,광장동청구A(경보),37.54334676,127.09555285
4864,신안교통(경보),37.54802515,127.04535708
4865,대왕금속(경보),37.54208221,127.04876944
4867,현대쇼핑센터,37.53899603,127.04727612
4868,성수대우아파트,37.54773563,127.05093221
4869,대림창고(경보),37.54216701,127.05624655
4870,중랑하수처리장(경보),37.55283825,127.06403301
4871,뚝도시장(경보),37.53754486,127.05431327
4872,현대서비스앞,37.54639928,127.05769729
4873,도성개발(경보),37.55178112,127.06299965
4874,세명약국(경보),37.53881484,127.06691205
4875,광진두산위브파크,37.54890624,127.07068432
4876,양지슈퍼(경보),37.55435247,127.07511661
4877,군자동사무소(경보),37.55500638,127.07635074
4878,영신약국(경보),37.55683121,127.07823115
4879,대호슈퍼(경보),37.55744100,127.07662879
4880,용인상사,37.56067954,127.07840844
4881,동인상운(경보),37.56186963,127.07904577
4882,경원탕(연등),37.56113520,127.08449381
4883,현대하이츠빌라(경보),37.55569677,127.09222153
4884,중곡119안전센터,37.56696557,127.08638431
4885,청기와빌라(경보),37.55353733,127.09738681
4471,천일사(경보),37.50044761,126.85120810
4886,동의초교(연등),37.55450576,127.09677620
4888,동의초교,37.55389271,127.09776254
4891,명성여고(경보),37.54284388,127.08610596
4892,운호빌딩(경보),37.53883405,127.08926570
4893,성동초교(경보),37.53239411,127.08891186
4894,광양중(경보),37.53043404,127.08502169
4895,한양빌라,37.53399600,127.09007295
4896,정립회관(경보),37.54935991,127.09900531
3127,명지대앞,37.57964819,126.92404423
3129,북가좌초교(경보),37.57893924,126.90809139
3130,서부여객(경보),37.58227913,126.90917077
3131,남가좌삼성아파트(경보),37.57982031,126.91638567
3132,은평구청재활용센터(경보),37.59144238,126.88500071
3133,서영공인중개사(경보),37.58079028,126.90532977
3134,신사현대아파트(경보),37.59336364,126.90764416
3135,초원교회(경보),37.59717301,126.90974354
3136,기독신학교(연등)1,37.60047168,126.91025051
3137,녹번동평화교회(경보),37.60624274,126.93124941
3138,소년의집입구(연등),37.60063856,126.92697338
3139,충암고교(연등)2,37.58639000,126.92284037
3140,충암고교(경보),37.58514648,126.92299560
3142,서울중랑우체국,37.59589494,127.08382052
3143,상봉지하차도,37.59707874,127.08809632
3145,국민망우삼거리,37.59919750,127.09734124
3146,태창빌딩,37.60062217,127.10611182
3147,동부제일병원,37.60047227,127.10826985
3148,망우검문소,37.60032958,127.11198992
3149,우리은행태릉역지점,37.61554546,127.07635992
3150,대아빌딩,37.61422822,127.07677567
3151,묵2동(연등),37.60965796,127.07795422
3152,묵2동,37.60823477,127.07821384
3153,우리은행중화(연등),37.60631937,127.07858456
3154,우리은행중화,37.60537213,127.07873090
3155,현대자동차면목,37.58481607,127.07981527
3156,중화역,37.60159017,127.07945822
3157,태릉시장,37.59956149,127.07990444
3158,면목4치안센터,37.57415643,127.08003446
3159,신묵초교,37.60655793,127.07679525
3160,금보당,37.60804507,127.07652443
3161,영진밧데리,37.60157931,127.07774453
3162,중흥초교(연등),37.60163340,127.08117310
3163,중흥초교,37.60187927,127.08363570
3164,봉화삼거리(연등)1,37.60320995,127.08781999
3165,봉화삼거리,37.60293326,127.08709870
4889,구의수원지후문(경보),37.54637916,127.09808529
4890,구의수원지(경보),37.54545797,127.09780011
3144,망우지구대,37.59871539,127.09508233
3166,주택관리공단,37.60228599,127.08500058
3167,신현중교,37.60463667,127.09087746
3168,신내LG아파트,37.60416190,127.09022636
3169,신현중교(연등),37.60506187,127.09149730
3170,중랑구청,37.60583423,127.09273747
3171,중랑구청입구,37.60638181,127.09367559
3172,중랑구청입구(연등),37.60663362,127.09443304
3173,중랑구청사거리,37.60688462,127.09525880
3174,신내동성아파트(연등)1,37.60754423,127.09674526
7469,공덕오거리(연등)2,37.54448211,126.94975366
3176,신내동성아파트(연등)2,37.60804678,127.09882271
3177,능산사거리(연등),37.60827282,127.10016458
3179,능산사거리,37.60838902,127.10099412
3180,중랑초등학교,37.58916339,127.07353088
3181,면목2치안센터,37.59000629,127.07606314
3182,면목2치안센터(연등)2,37.59055492,127.07777140
3183,대화이앤엘,37.59182588,127.08241291
3184,상봉2치안센터,37.59217655,127.08395657
3185,송파2치안센터,37.50230521,127.11707024
3187,체육대,37.51753995,127.13185181
3188,올림픽공원동2문,37.51579442,127.13066150
3189,혜원사거리,37.59416379,127.09320358
3190,예수제자교회,37.59462096,127.09536977
3191,북서울교회,37.59509703,127.09742559
3192,면목한신아파트,37.58587919,127.07651766
3193,면목한신아파트(연등)2,37.58629347,127.07833818
3194,면목2공영주차장입구,37.58710740,127.08192827
3195,면목사거리,37.58759100,127.08406999
3196,월드컵동문,37.56945738,126.90024929
3197,한국동물메디컬센터,37.58803860,127.08615527
3198,면목역,37.58837218,127.08759301
3199,동원시장(연등)2,37.58890813,127.08989635
3200,동원시장,37.58930334,127.09164928
3201,동원사거리,37.58971537,127.09362823
3202,동원사거리(연등)1,37.59004693,127.09504884
3203,면목아이파크102동,37.58131162,127.08134209
3204,유수지주차장,37.58113647,127.08336634
7472,마포대교북단램프1,37.53821180,126.94363272
3207,용마한신아파트,37.58063145,127.09311689
3186,혜원탕,37.59353198,127.09032729
3205,사가정역,37.58072706,127.08845451
3208,소망약국,37.59458826,127.08599811
3209,면목초교,37.59170672,127.08672778
3210,면목역(연등),37.58899732,127.08740501
3211,면동초교,37.58464064,127.08842137
3212,면남초교,37.57794898,127.08584758
3213,면목4동주민센터,37.57498708,127.08528826
3214,50번종점,37.57303416,127.08419164
3215,대승빌딩(연등),37.57158250,127.08144704
3216,대승빌딩,37.57136286,127.08339640
3217,파인힐모텔,37.57083224,127.08615221
3218,코오롱하늘채아파트,37.57183198,127.08615170
3219,용마산역,37.57377559,127.08683320
3220,용마폭포공원,37.57548286,127.08837510
7473,마포대교북단램프2(연등),37.53739651,126.94305558
3222,면목성원아파트,37.57737779,127.09010167
3223,용마한신아파트(연등),37.57975496,127.09240252
3224,동남빌딩,37.58191022,127.09340258
3225,용마금호타운,37.58298272,127.09353432
3226,중화중교,37.58601020,127.09496938
3227,서일대학,37.58797788,127.09604069
3228,새마을금고서일대점,37.58939768,127.09678557
3229,주함해븐아파트,37.59351796,127.09904358
3230,망우소방서,37.59749842,127.10031078
3231,망우사거리(연등)1,37.60053979,127.10043911
3232,능산지하차도,37.60577776,127.10087131
3233,신내차량기지,37.61296090,127.10132864
3234,신내차량기지(연등),37.61382644,127.10140507
3236,신내지하차도,37.59980726,127.09710274
3237,중화초교,37.60397236,127.09559419
3240,동성3차아파트(연등),37.60928349,127.09576103
3241,동성아파트앞,37.61037461,127.09612955
3242,서울의료원정문,37.61297769,127.09640243
3243,봉화지구대,37.61443725,127.09604403
3244,중랑소방서,37.61565328,127.09509846
3245,봉화산역,37.61769631,127.09064658
3246,두산대림아파트,37.61892802,127.08783206
3247,원묵초교,37.61782762,127.08704311
3248,중랑구립도서관(연등)1,37.61687543,127.08639178
3249,중랑구립도서관,37.61610691,127.08590205
3250,중랑구립도서관(연등)2,37.61560754,127.08530410
7475,마포대교북단램프4,37.53652346,126.94168381
3252,원묵중학교(경보),37.61827008,127.08350274
3253,신내우체국,37.61700724,127.09017833
3254,금성초교(연등),37.61566798,127.08921812
3255,금성초교,37.61496618,127.08878685
3256,신내진로아파트(연등)1,37.61621050,127.09200779
3257,신내진로아파트,37.61576288,127.09292261
3258,봉화지구대(연등),37.61487415,127.09498849
3259,봉화초교삼거리(연등),37.61425493,127.09188003
3260,봉화초교삼거리,37.61340550,127.09125917
3261,미림유치원,37.61663691,127.07953722
3262,미림유치원(연등),37.61778588,127.07897952
3263,면목펌프장,37.57873460,127.08137674
3264,홈플러스면목,37.57953842,127.08237689
3265,면목삼팔파출소,37.58301163,127.08393098
3266,남북교회,37.58444780,127.08354288
3267,청호맨션,37.59044806,127.08527693
3269,이마트상봉점,37.59730534,127.09290078
3270,이마트상봉점(연등)2,37.59607530,127.09303494
3271,혜원여중고후문,37.59205113,127.09342160
3272,동원사거리(연등)2,37.59030744,127.09359072
3273,면목본동파출소,37.58785702,127.09425341
3274,중랑으뜸새마을금고,37.59612664,127.07213202
3275,카포스칠성,37.59511896,127.07232303
3276,가윤예식장,37.49293953,127.12505079
3277,리더스빌딩,37.59032689,127.07326148
3278,럭키면목쇼핑센터(연등),37.58781330,127.07374312
3279,럭키면목쇼핑센터,37.58698736,127.07420303
3280,동서학원(연등),37.60039569,127.08754440
3281,동서학원,37.60181351,127.08733819
3282,신내대성아파트,37.60228739,127.09675913
3283,신내초교,37.60502389,127.09773422
3284,동원중교,37.60358570,127.10735896
3285,신내변전소3R(경보),37.61049379,127.09465582
3286,금란교회,37.60042981,127.10373495
3287,묵2동주민센터(연등)1,37.60975239,127.07619786
3288,두리마트,37.61373385,127.07542501
3289,묵2동주민센터(연등)2,37.61186921,127.07579371
3290,중랑경찰서(경보),37.60575897,127.07693533
3292,태릉시장사거리,37.59935414,127.07816590
3293,중화2동굴다리,37.59678581,127.07572201
3294,유니온모텔(경보),37.61645307,127.07559570
3295,한국아파트,37.61485141,127.07330753
3296,OK기사식당,37.60764965,127.07321621
3297,제일시장입구,37.60478018,127.07386615
7479,양화대교북단램프1,37.54854825,126.91004497
3299,천일카센타(경보),37.59937462,127.07309131
3300,이화교밑,37.60150534,127.07422405
3301,롯데햄,37.59868759,127.07248834
3302,원우카센타(경보),37.59783888,127.07180223
3303,상봉지구대,37.59150359,127.07305113
3304,보현정사(경보),37.60471449,127.08994168
3305,은혜치과,37.58415223,127.08837299
3306,면목우체국(연등),37.58171819,127.08862124
3307,무궁화약국,37.57950207,127.08738656
3308,학림빌딩(경보),37.57248987,127.08387355
7481,양화대교북단램프2,37.54825476,126.91076898
3310,면목동신교회,37.58097495,127.08534377
3311,수경빌딩,37.58085577,127.08666260
3313,면목두산아파트601동(경보),37.57797021,127.08041810
3315,대림혼다(경보),37.61594490,127.07753022
7484,양화대교북단램프3(연등),37.54664233,126.90851307
3317,한마루교회,37.60155395,127.07638734
7533,마곡센트럴타워,37.56053110,126.83010702
3319,신내동새마을금고,37.60608019,127.09819984
3321,송곡관광고,37.60632148,127.10590880
3322,모든자동차공업사(경보),37.60353451,127.10216085
3323,남서울정육점(경보),37.60013782,127.09855866
3324,카포스신내,37.61406152,127.10046923
3325,중랑공영차고지,37.61318288,127.10429066
3326,중랑구민체육센터,37.61557310,127.08732641
3327,동일교회(경보),37.61102503,127.09417174
3329,중랑구청후문(경보),37.60656346,127.09199624
3330,동양당(경보),37.61571030,127.07906079
3331,장안중(경보),37.59973441,127.08149240
3332,보전당(경보),37.59385009,127.08766282
3333,중랑초교(경보),37.58880173,127.07659530
3334,샹제르망제과점(경보),37.59453591,127.10113262
3335,면목골(경보),37.58724832,127.08509926
3336,면목청소년수련관(경보),37.57300815,127.08624231
3337,능산지하차도(경보),37.60494560,127.10081642
3339,면목한신아파트(연등)1,37.58563600,127.07533132
3341,양원경노인정(경보),37.60924498,127.10654471
3343,용두4교(연등),37.57407277,127.03613557
3344,용두공원(연등),37.57346423,127.04026360
3345,용답동,37.56756414,127.05175569
3346,용답동우체국,37.56204417,127.06083771
3347,대우증권,37.56115138,127.06673545
3348,대명신협,37.57868525,127.04034099
3349,청량리미주아파트,37.58240771,127.04801694
3350,서울성심병원,37.58385356,127.04989103
3312,면목두산아파트402동(경보),37.57922322,127.08315940
3351,휘경119안전센터앞,37.59099654,127.06526329
3352,종암대교,37.59126825,127.03935973
3353,세종대왕기념관(연등)1,37.59131836,127.04178981
3354,홍릉초교,37.59168240,127.04644176
3355,경희초교,37.59148521,127.04976571
3356,회기역앞(연등),37.59057483,127.05443344
3357,휘경시장,37.59144359,127.05689394
3358,청량초교,37.59272705,127.05774892
3359,경희중,37.59470630,127.05905384
3360,외국어대(연등),37.59605223,127.06118962
3361,이문새마을금고,37.59749234,127.06086583
3362,이문행운모터스,37.60085193,127.06204604
3363,이문e편한세상,37.60444326,127.06205608
3364,이문초교,37.60300647,127.06400546
3365,삼원택시,37.60505440,127.06706958
3366,이문파출소(연등)1,37.59873021,127.06772212
3367,이문파출소,37.59726690,127.06783526
3369,이문쌍용아파트(연등),37.60017663,127.07012155
3370,이화교,37.60128299,127.07104080
3371,이문파출소(연등)2,37.59525921,127.06817647
3372,휘경2동주민센터,37.58968215,127.06886063
3373,동대문차량보관소,37.58864150,127.06855673
3374,전동중교앞,37.58490381,127.07200042
3375,휘경공고,37.58435392,127.06952363
3376,동문장애인복지관앞(연등),37.58406748,127.07282514
3377,동대부고,37.57678863,127.07648596
3378,힐스테이트아파트,37.57505394,127.07671637
3379,성복교회(연등)1,37.57267139,127.07688213
3381,성산대교남단,37.54745954,126.88831551
3382,현대자동차서비스센터,37.51159473,126.93197177
3383,홍제초교,37.59221142,126.94385091
3384,가리봉2동,37.48275936,126.88715969
3385,정심초교,37.47044073,126.90673168
3386,선릉설렁탕,37.50796512,127.04556213
3387,서울의료원,37.51225669,127.06566659
3388,"강일3,6단지",37.56483933,127.17516072
3389,코카콜라,37.54920464,127.12965795
3390,장안현대홈타운,37.56828250,127.07511271
3391,안평초교,37.56409317,127.07276129
3392,군자교밑,37.56123083,127.07111775
3393,부품상가삼거리,37.56377070,127.05869502
3394,답십리1동,37.56607346,127.05557814
3395,답십리초교,37.56749715,127.05367431
3368,이문쌍용아파트,37.59912885,127.06921387
3396,삼희아파트,37.56890216,127.05182620
3397,답십리초교(연등),37.56815857,127.05281943
3398,보광타워,37.56989417,127.05092614
3399,신답육교,37.57089997,127.04981860
3400,청계한신109동,37.57305741,127.04690965
3401,태양하나어린이집,37.57388686,127.04581034
3402,청량리교회,37.57549477,127.04511761
3403,청량리굴다리,37.57686045,127.04584933
3404,전농1동(연등)2,37.57498616,127.04675575
3405,한남대교남단서측,37.52315544,127.01623970
3406,전농1동(연등)1,37.57748811,127.04874216
3407,연세의원앞,37.57877912,127.04982775
3408,소화물창고,37.58072936,127.05138896
3409,창경궁,37.57901915,126.99668230
3410,천마빌딩,37.58206250,127.05245828
3411,농협전농지점,37.57513138,127.04917098
3412,혜화초교,37.58845451,126.99961689
3413,농협전농지점(연등),37.57427647,127.05062771
3414,답십리래미안위브102동앞,37.57247866,127.05126689
3416,동명교회,37.57287782,127.05589894
3417,답십리한양아파트,37.57287421,127.05955138
3418,답십리한양아파트(연등)2,37.57288650,127.05850601
3419,답십리한양아파트(연등)1,37.57284680,127.06060687
3420,힐스포츠센터,37.57279965,127.06351069
3421,참튼튼병원(연등),37.57259101,127.06852930
3422,참튼튼병원,37.57247540,127.06966975
3423,장안아파트입구,37.57215431,127.07445521
3424,장평중,37.56494876,127.07048606
3425,우리은행장안,37.56601533,127.06765445
3426,노원롯데백화점,37.65430536,127.06059985
3427,동대문소방서,37.56381215,127.06610750
3428,"상계2,6단지",37.65143900,127.06135840
3429,중계역(연등),37.64708640,127.06310730
3430,장안현대벤처빌(연등)3,37.56768310,127.06873055
3432,보문시장,37.58342958,127.02041623
3433,장안현대벤처빌,37.56870715,127.06940115
3434,연가교남측,37.57172967,126.92216999
3435,장안현대벤처빌(연등)2,37.56969874,127.07005409
3436,장안현대벤처빌(연등)1,37.57094074,127.07086801
3437,햇살요양병원,37.57416682,127.07189507
3438,장안지구대앞,37.57528030,127.07198979
3439,장안동근린공원,37.57741930,127.07213324
3440,장안동근린공원(연등),37.57623284,127.07205616
3441,장안2동주민센터,37.57876795,127.07023555
3442,국립과학관,37.58146338,126.99696081
3443,서울여대,37.62557807,127.09380406
3444,월계대동아파트,37.62122051,127.05919064
3445,롯데캐슬갤럭시1차아파트,37.52077137,127.01596193
3446,전농대원빌딩,37.57794288,127.06117456
3447,동대문구노인정보화센터,37.57594884,127.05532900
3448,동대문구노인정보화센터(연등),37.57646018,127.05610623
3450,청솔우성아파트(연등)2,37.57496037,127.05859723
3451,청솔우성301동,37.57582769,127.06152162
3452,우아세어린이집,37.57094649,127.05728504
3453,답십리두산아파트,37.56975285,127.05717176
3454,답십리성당,37.56701486,127.05665287
3455,군자초교입구,37.56555981,127.06112637
3456,단골슈퍼앞,37.56701765,127.06463654
3457,장안시장입구,37.56693038,127.06222908
3458,동작구청,37.51214896,126.94021238
3459,재향군인회,37.57335017,126.99758503
3461,목1119동,37.50771639,126.86244769
3462,세양청마루아파트,37.50862266,126.86425091
3463,한신대,37.63381983,127.01347790
3464,서울기독대학교,37.60079536,126.91606512
3465,한유약국,37.56930298,127.06403915
3466,백석빌딩,37.57086473,127.06518745
3467,촬영소사거리(연등)1,37.57379994,127.06686838
3468,장안LPG,37.57595575,127.06754906
3469,배봉초교(연등),37.57761852,127.06807588
2603,신한예식장(연등)1,37.52198413,126.90503120
2604,영등포시장역,37.52270577,126.90512805
2606,서영물류센터,37.52090937,126.89889257
2607,교보생명영등포지점,37.52186310,126.89277765
2608,유원문래아파트,37.52139436,126.88747832
2609,문래중,37.52054172,126.88499210
2610,문래LG빌리지단지안,37.51518356,126.89795070
2611,신한성내,37.53772561,127.12650114
2612,문래LG아파트정문,37.51713228,126.89593460
2613,문래LG아파트후문,37.51689075,126.89916748
2614,영등포리더스뷰,37.51854580,126.89944167
2615,도림고가밑,37.51066114,126.89862866
2616,양평벽산아파트(경보),37.52334107,126.88200983
2618,서울교가변(삭),37.51784255,126.91072948
2619,평화유치원,37.53229842,126.89652021
2620,벧엘교회,37.53080282,126.89536665
2621,문래역사거리(연등),37.51924901,126.89354553
2623,청과시장입구,37.51510353,126.90282819
2624,당서초교후문,37.53202740,126.90042572
3460,양천구청역,37.51247459,126.86522108
2626,영등포푸르지오아파트,37.51290952,126.90269719
2627,동자동,37.55112864,126.97221472
2628,용산1호정문,37.53779670,126.97388658
2629,용산소방서,37.53399735,126.97246197
2631,재정관리단앞,37.53835884,126.98689399
2632,동빙고동,37.52945373,126.99135175
2633,6번정문,37.52731864,126.99159850
2634,롯데마트서울역,37.55529758,126.96903024
2635,소화아동병원,37.55389210,126.96903301
2636,소화아동병원(연등),37.55267315,126.96914472
2637,청파동삼거리(연등),37.54918936,126.96995018
2638,삼일교회,37.54625730,126.97038574
2639,숙명여대입구,37.54491471,126.97060808
2640,용산서,37.54021846,126.96900140
2641,신한은행원효,37.53590983,126.96266386
2642,강원전자,37.53486060,126.96026260
2643,원효3가,37.53421146,126.95877197
2645,한강자이에클라트,37.53184625,126.95533252
2647,신정빌딩(연등),37.53267472,126.95190367
2648,강변삼성아파트,37.53445723,126.94894135
2649,세계일보(연등)1,37.52495699,126.96747846
2650,용산공고,37.52469449,126.96794697
2651,이촌역앞,37.52319712,126.97132539
2652,철우아파트,37.52363306,126.96973278
2653,이촌역,37.52240148,126.97438506
2654,국립중앙박물관(연등),37.52099041,126.97880805
2656,서빙고동주민센터,37.52015563,126.99400434
2662,전자랜드(연등),37.53326350,126.95984654
2663,철도정비창(연등)1,37.53304558,126.95875263
2664,철도정비창,37.53274261,126.95757564
2665,용마슈퍼,37.54062496,126.95826941
2666,용산롯데캐슬,37.53862844,126.96389729
2667,부영주유소,37.53095234,126.95462827
2668,제일은행이촌,37.52743364,126.95510334
2669,새남터성당,37.52584829,126.95655152
2670,강변맨션,37.52396327,126.95911477
2671,이촌동,37.52179659,126.96504944
2672,의사협회,37.52043795,126.96588566
2673,이촌동삼거리,37.52164402,126.96647597
2674,신용산아파트(연등)3,37.52096083,126.97066581
2675,신용산아파트(연등)1,37.52143699,126.96774363
2676,한강맨션,37.52040652,126.97232220
2677,신용산초교,37.51949972,126.97523304
2678,이촌건영아파트,37.51855245,126.97821459
2646,원효산호아파트,37.53339614,126.95018509
2657,잠수장,37.52097586,126.99667751
2659,나진전자상가(연등),37.53363830,126.96573313
2660,용산전자상가(연등),37.53339566,126.96386376
2661,전자랜드,37.53312005,126.96159241
2679,렉스아파트,37.51818229,126.97946033
2680,금강병원,37.51786857,126.98128354
2681,신동아쇼핑,37.51784851,126.98546104
2682,강변신동아(경보),37.51670024,126.98556869
2683,용문시장,37.53755167,126.96033385
2684,용문동주민센터입구,37.53849959,126.95967395
2685,국민은행효창,37.54137927,126.96209434
2686,효창공원,37.54513721,126.96525903
2687,효창공원(연등),37.54487563,126.96685176
2688,남산맨션,37.54362085,127.00166576
2689,하얏트호텔,37.54105422,126.99683854
2690,남산공원,37.54206843,126.99523454
2691,남산체육관,37.54264576,126.99226490
2692,하이츠빌라,37.54431440,126.99104059
2693,용산2가동주민센터,37.54655482,126.98522897
2696,국방민원실,37.53472675,126.97890605
2697,"1,2번정문",37.53475812,126.98075715
2698,"3,4번정문",37.53492182,126.98465151
2699,이태원,37.53427460,126.99039170
2702,제일기획앞,37.53528714,126.99883396
2703,다래원,37.53471785,126.99728102
2705,한강진교회,37.53829674,127.00158411
2706,한강진역,37.54002488,127.00175163
2707,한남역,37.52880638,127.00703596
2709,한남아이파크,37.53201354,127.00690205
2710,UN빌리지(연등),37.53405090,127.00894413
2711,UN빌리지,37.53461318,127.01035173
2712,말레이지아대사관,37.53791668,127.01243533
2714,81번종점(경보),37.52616129,127.00095153
2715,한국폴리텍대학,37.53029019,126.99688098
2716,청화아파트,37.53154200,126.99498576
2717,일심외과,37.54528089,126.97340833
2718,갈월사회복지관,37.54551364,126.97509868
2719,미주고시원,37.54821951,126.97785876
2720,후암시장,37.55019478,126.97734030
2721,후암시장(연등),37.55164308,126.97693726
2694,고엽제전우회,37.54837287,126.98432019
2695,국방부,37.53461595,126.97589957
2700,이태원(연등),37.53436248,126.99195903
2701,이태원소방파출소,37.53460252,126.99557282
2713,보광동,37.52499088,127.00221080
2722,영주교회(경보),37.54780801,126.98232952
2723,신성아파트(연등),37.52775767,127.14409770
2725,상일동대림빌라(경보),37.54585926,127.16211640
2726,성내중학교정문(경보),37.52830524,127.12866077
2727,성일초등학교정문(경보),37.52957850,127.12923704
2728,둔촌동연세치과,37.53108379,127.14226632
2729,둔촌주공아파트(연등),37.52771216,127.14054951
2730,한산초교,37.52866436,127.14249836
2731,상일동낙타고개(경보),37.54227394,127.15408893
2732,암사동코카콜라(경보),37.54968658,127.12854081
2734,신명초등학교(경보),37.54049930,127.14965690
2735,중앙하이츠(경보),37.54988419,127.15932310
2736,강동고등학교(경보),37.55080958,127.16159812
2737,상일동주민센터,37.55045915,127.16859239
2738,강동경찰서앞(연등)1,37.52852495,127.12596200
2739,강동경찰서앞,37.52830048,127.12644845
2740,성내초교소방파출소(경보),37.53184251,127.12201198
2742,강동구민회관,37.54610273,127.14155708
2743,천호시장,37.54034095,127.12794385
2745,고덕중학교(경보),37.56075048,127.16075771
2746,선사주거지(경보),37.55753319,127.13023537
2747,래미안솔베뉴앞(연등)1,37.55195830,127.14408614
2748,삼익그린2차후문(경보),37.54934504,127.14810613
2749,주양쇼핑,37.55192292,127.15283291
2750,한양대후문,37.55572299,127.04994042
2751,둔촌역청구아파트,37.52955400,127.13392339
2752,명원초등학교,37.55166648,127.14972152
2753,고덕1동사무소(경보),37.55880599,127.14879532
2754,천호유치원앞,37.54155993,127.13050527
2755,현대프라자앞,37.53963199,127.12919628
2756,선린초교,37.52884371,127.14488444
2757,삼익파크아파트(경보),37.54340326,127.14784664
2758,길동성당(경보),37.54468127,127.14825534
2759,신한은행명일,37.54651593,127.14598140
2760,고덕1PB(경보),37.55749298,127.14882371
2744,양지마을,37.55678230,127.13648545
2761,고덕초교사거리,37.56007960,127.16599757
2763,길동시장(경보),37.53592780,127.13699261
2764,묘곡초등학교(경보),37.55761813,127.15406616
2765,시민공원입구(경보),37.55665349,127.12472793
2766,고덕대우아파트(경보),37.56066647,127.14680145
2769,취수장(경보),37.56659252,127.14475119
2770,쓰레기압축장입구(경보),37.57077654,127.15985232
2771,취수장정문(경보),37.56632823,127.14746693
2772,대명아파트,37.53842745,127.13148317
2773,천지안마(경보),37.54741811,127.12244845
2774,"강일5,7단지",37.56656275,127.17938675
2775,명덕초등학교(경보),37.55651722,127.14590444
2776,영락보육원(경보),37.54876276,126.98215933
2777,래미안용산,37.52949287,126.96652714
2778,용사의집,37.52802258,126.96499565
2779,용사의집(연등),37.52864013,126.96558372
2780,한남지하차도,37.53423648,127.00054917
2781,한남제일빌딩,37.53322968,127.00641089
2782,용문시장1문(연등),37.53647237,126.96095381
2783,서빙고초교,37.52222564,126.99080160
2784,효창공원앞역(연등),37.54021782,126.96175195
2785,원효로2가(연등),37.53440955,126.96223351
2788,이촌119안전센터,37.53014632,126.95323810
2789,청파초교,37.54750455,126.96342162
2790,일신기사식당앞(경보),37.54656991,126.96333342
2791,효창공원삼거리,37.54497133,126.96368210
2792,용산브라운스톤(연등),37.53729188,126.95964810
2795,원삼탕(경보),37.53361104,126.95642707
2796,원효2동사무소앞(경보),37.53458240,126.95149137
2797,청암삼성아파트(경보),37.53415944,126.95059053
2798,충남타이어(경보),37.53436434,126.94723148
2799,도원래미안삼성아파트(연등)1,37.53949144,126.95818419
2800,도원교회(경보),37.53930340,126.95534060
2801,SK청암대(경보),37.53540078,126.94826679
2802,남정초교(경보),37.53569816,126.96423631
2803,관광터미널주유소(경보),37.53226637,126.96206238
2804,원효대교북단(경보),37.53139867,126.95482630
2805,아모레퍼시픽,37.52906165,126.96975816
2806,한강초교(경보),37.52498942,126.96491066
2807,이촌대우아파트(경보),37.52277133,126.97118673
2808,용산고교(연등),37.54651445,126.97833722
2809,20게이트(경보),37.54473458,126.97897197
2810,용산중학교,37.54627349,126.98044984
2793,신창제일교회(경보),37.53581649,126.95516583
2794,신창공영주차장(경보),37.53499870,126.95568763
2811,45번종점(경보),37.54673964,126.98118069
2812,용산동5가R(경보),37.54707125,126.98445622
2813,독일문화원,37.55112331,126.98302706
2814,남산유도관(경보),37.54465167,126.98676516
2815,대성교회(경보),37.53898702,126.98864265
2816,성도약국(경보),37.53932712,126.98952454
2817,삼원휘트니스(경보),37.53978877,126.99166667
2818,남산2호터널(경보),37.54413970,126.98954861
2819,이집트대사관삼거리,37.53641095,127.01170475
2820,우성쇼파(경보),37.53374943,127.00155918
2821,한남우체국(경보),37.53346657,127.00369033
2822,한남치안센터(연등),37.53184069,127.00571593
2823,한남치안센터,37.53101760,127.00610646
2825,보광중소기업은행앞(경보),37.52800321,126.99919395
2826,보광제3경로당,37.52923251,126.99800587
2827,보광초교,37.53186277,126.99638236
2828,보광동사무소(경보),37.52611025,126.99966065
2829,터키대사관(경보),37.52644033,126.99648963
2830,동작대교북단(경보),37.51857432,126.98344362
2831,이촌삼성래미안(경보),37.51664768,126.97723528
2832,한강대우아파트2(경보),37.52244987,126.96863020
2834,도원래미안삼성아파트,37.53987508,126.95700213
2835,신공덕삼성아파트(경보),37.54390392,126.95464522
2836,서울여중앞(경보),37.54728270,126.94721334
2838,대농빌딩(경보),37.53945325,126.94424650
2839,마포주차장정문(경보),37.53913514,126.94386210
2840,마포대교북단램프2,37.53801767,126.94411338
2841,신수동현대아파트(경보),37.54366020,126.93710394
2842,한강삼성아파트(경보),37.54037050,126.94099292
2843,서강LG아파트앞(경보),37.54463268,126.93000888
2844,다우빌딩,37.55692131,126.92187536
2845,서교동사거리(연등),37.55202135,126.91905228
2846,홍대클럽거리(연등)1,37.54913748,126.92304276
2847,홍대클럽거리(연등)2,37.55154296,126.92334829
2848,망원교회(연등),37.55666157,126.90167637
2849,한강공원입구,37.55612119,126.89895517
2850,아현초교,37.55483990,126.95638574
2851,아현스포렉스(연등),37.55619591,126.95559011
2852,양화진공원(연등),37.54950223,126.90911103
2853,포은길(경보),37.55111443,126.90713357
2854,망원제2빗물유수장앞(경보),37.55118336,126.90294772
2855,성산동대한빌딩,37.55583075,126.91505785
2856,한얼길세화회관앞(경보),37.55502125,126.91334686
2857,중동청구아파트정문(경보),37.57420316,126.90109666
2858,도화동우성아파트(경보),37.53767469,126.94740610
2859,서교가든앞(경보),37.55482468,126.91503228
2860,성산모터스(연등)2,37.55458191,126.91366757
2861,망원동사무소앞(경보),37.56080406,126.90215905
2862,망원동7번버스종점(경보),37.56141193,126.90171053
2863,공덕동효성빌딩,37.54534380,126.95120952
2864,수색교무연탄저장소앞(경보),37.58517863,126.88130105
2865,동성교회,37.56107808,126.81354610
2866,공항전화국,37.56076719,126.81653502
2867,등촌동,37.55796961,126.84459567
2868,KBS스포츠월드,37.55683759,126.84978982
2869,등촌중,37.55278798,126.86103874
2870,양동중,37.54755083,126.87110013
2871,양화교,37.54711228,126.87762427
2873,강서면허시험장,37.54859726,126.81999318
2874,공항천주교회,37.55508849,126.81237547
2875,방화중,37.56450876,126.80623990
2876,개화지하차도위,37.56769944,126.80521756
2877,개화119안전센터,37.57488927,126.80254475
2878,개화검문소,37.57904398,126.79973887
2879,행주대교남단,37.58086902,126.79846121
2880,대한항공,37.54999022,126.81541841
2881,능인검문소,37.54564619,126.81222403
2882,동아아파트,37.54925683,126.87648956
2883,동아아파트(연등),37.54963835,126.87502571
2884,염창새마을금고,37.55024106,126.87304101
2885,삼성한마음아파트,37.55417450,126.86730434
2891,공진중학교,37.56440286,126.84886006
2892,공진중학교(연등)1,37.56497498,126.84774171
2893,제일제당정문,37.56705250,126.84391630
2894,도레이첨단소재,37.57039807,126.83768449
2895,마곡레포츠센터(보),37.57260486,126.83238407
2896,서남물재생센터,37.57293956,126.82636251
2897,서남환경공원,37.57325980,126.82257269
2898,방화2단지,37.57332028,126.82050647
2899,신방화사거리(연등)1,37.57336083,126.81810911
2900,신방화사거리,37.57334116,126.81674715
2901,신방화사거리(연등)2,37.57339218,126.81557176
2902,방화1치안센터,37.57345278,126.81395378
2903,개화산역,37.57276301,126.80741756
2904,개화산역(연등)1,37.57260139,126.80597576
2905,개화산역(연등)2,37.57213533,126.80744282
2906,화곡사거리(연등),37.52960864,126.84793746
2886,강서예가아파트,37.55509161,126.86573127
2887,증미역,37.55684644,126.86310964
2888,강서소방서,37.55802595,126.86092722
2889,강서구청별관입구,37.55949766,126.85810313
2890,"가양3,5단지",37.56290381,126.85162986
2907,화곡터널북단,37.53863578,126.84248793
2908,화곡SK현대주유소,37.54020574,126.84150825
2909,서울큰나무병원,37.54427104,126.83786459
2910,강서성결교회,37.54626841,126.83643869
2911,우장산역,37.54795852,126.83635605
2912,우장산역(연등),37.54947952,126.83634203
2913,내발산초교앞,37.55080223,126.83635750
2914,발산119안전센터,37.55482814,126.83705048
2915,명덕고교입구,37.55262052,126.83632598
2916,발산119안전센터(연등),37.55626256,126.83750508
2917,그랜드마트,37.55966178,126.83863378
2918,팬코,37.56072654,126.83895863
2919,등촌1-10단지,37.56321901,126.83979468
2920,대륭드림타운,37.56658761,126.84085317
2921,대아아파트앞,37.57094890,126.84184031
2922,신월초교입구,37.54049328,126.83623639
2923,화곡시장,37.54367227,126.84329736
2924,한국폴리텍대학입구,37.54645967,126.84530033
2925,우장초교,37.54877961,126.84701699
2926,강서구청(연등)3,37.55002102,126.84810161
2930,우장공원입구,37.55307589,126.85071150
2932,마포고정문,37.55931186,126.85418843
2933,등서초교후문,37.55191534,126.85573528
2934,백연공원(연등),37.54972270,126.85152617
2935,람원교회앞,37.55158919,126.85265125
2936,화곡초교,37.54414845,126.84606840
2937,신월초교,37.53884331,126.83920711
2938,월정초교,37.53474073,126.83547128
2939,월정초교(연등),37.53371184,126.83611495
2940,나누리병원,37.53715745,126.83704680
2941,한성빌딩,37.53757163,126.83991096
2942,가양9단지,37.55889889,126.86518733
2943,염강초교(연등)2,37.55969857,126.86373645
2945,염강초교,37.56022833,126.86274316
2946,가양초교,37.56161874,126.86012934
2947,도봉검문소,37.69048508,127.04535689
2927,강서구청,37.55164476,126.84948631
2929,강서구청(연등)1,37.55221983,126.84992852
2948,도봉산역,37.68902035,127.04556574
2949,도봉한신아파트,37.68352459,127.04600118
2950,럭키아파트,37.67749344,127.04496539
2951,도봉현대주유소,37.67432210,127.04440977
2952,방학역,37.66704687,127.04318682
2953,방학홈플러스,37.66459692,127.04275195
2954,방학교남측,37.66161279,127.04222887
2955,창동변전소,37.65943847,127.04111641
2956,도봉구민회관,37.65429574,127.03808013
2957,정의여중입구(연등),37.65142063,127.03766426
2958,창원초교,37.65175707,127.04158556
2959,창주공1단지,37.65362019,127.04106165
2960,도봉보건소(연등),37.65637123,127.04036443
2961,창1동주민센터,37.64808977,127.04379332
2963,삼환빌라(연등),37.64688503,127.04165791
2964,KT도봉지점,37.64615115,127.03573445
2965,창동시장입구,37.64651266,127.03345726
2966,우이교,37.64316357,127.03113840
2967,수유3동우체국,37.64098582,127.02884064
2968,강북종합시장,37.64115595,127.02521043
2969,우이3교,37.63717541,127.03664877
2970,신창초교입구,37.64009320,127.03943050
2971,가양초교(연등)1,37.56262220,126.85834809
2972,가양3단지(연등)3,37.56419517,126.85544110
2974,가양3단지,37.56512982,126.85367321
2975,가양3단지(연등)1,37.56601472,126.85241667
2976,공진중,37.56669037,126.85041992
2977,공진중(연등)2,37.56526787,126.84945305
2978,허준박물관,37.56730042,126.85086270
2979,성재중(연등)2,37.56867279,126.84930542
2980,성재중(연등)1,37.56922571,126.84811871
2981,시영2단지,37.57002569,126.84527757
2982,성재중,37.56960292,126.84679138
2983,시영2단지(연등)1,37.57027513,126.84438450
2984,시영2단지(연등)2,37.57063857,126.84299620
2985,등촌성당,37.55899892,126.84519167
2986,등현초교,37.56121189,126.84668633
2987,대림아파트사거리,37.56355945,126.84829301
2988,등촌8단지상가,37.56224134,126.85107464
2989,등원초교,37.55956849,126.85006476
2990,등촌주공602동,37.56054790,126.84825436
2992,등빛도서관,37.56272388,126.84224030
2993,등양초교,37.56508566,126.84398313
2994,등명초교앞(경보),37.55994745,126.84388448
2995,등촌주공근린공원,37.56303690,126.84074434
2996,삼성생명,37.56053399,126.83995658
2997,칠성아파트,37.57521325,126.81169776
2998,방화5단지,37.57618669,126.81223390
2999,방화503동앞,37.57621886,126.81146366
3000,방원중학교,37.57626778,126.80919437
3001,방화삼환아파트,37.57616584,126.81336576
3002,방화삼환아파트(연등),37.57616383,126.81402661
3003,강서공고앞,37.57613544,126.81680149
3004,방화3동성당,37.57603901,126.81816643
3005,방화3동성당(연등)1,37.57589458,126.81917145
3006,삼정초교앞,37.57925098,126.81068959
3007,개화아파트,37.57998925,126.81374076
3008,방화역,37.57862266,126.81323354
3009,방화동성아파트(경보),37.57845514,126.81392062
3010,공항시장,37.56360728,126.81055185
3011,국제예식장,37.56546345,126.81184660
3012,방화2동(연등),37.56766066,126.81274547
3013,방신시장,37.57193905,126.81154928
3014,방화2동,37.56776430,126.81173791
3015,영보빌딩,37.56924422,126.81166396
3016,서우빌딩,37.57076595,126.81157327
3017,방화초교,37.56779320,126.80747361
3018,신정초교,37.53104922,126.85282449
3019,경인빌딩(연등),37.53186771,126.85911012
3020,수협직판장,37.55442422,126.81914631
3021,화곡대림아파트,37.53446840,126.83806339
3022,강서우체국,37.56501055,126.84033391
3023,등양초교후문,37.56495459,126.84547445
3024,김포세탁앞,37.55496394,126.81694505
3026,가양IC,37.57371658,126.84344262
3027,화곡2치안센터(연등),37.53131183,126.85486183
3028,대동전자,37.57100115,126.81668861
3031,대한항공케터링센터,37.55090080,126.81425339
3032,등서초교입구,37.55267978,126.85327662
3033,방화초교(연등),37.69460341,126.73369054
3034,백석초교후문,37.55378670,126.86355867
3037,우장공원입구(연등)2,37.55472033,126.85167607
3039,삼성관음아파트,37.55264245,126.87000367
3041,신사오거리(연등)2,37.59932472,126.91672443
3042,본서부병원(연등)2,37.60157558,126.92243316
3043,증산2교남단,37.58404741,126.91100716
3044,홍은2동주민센터(연등),37.58098867,126.93500188
3045,홍은두산아파트,37.57861013,126.93147794
3046,가좌역,37.56911739,126.91522863
3048,태평빌딩,37.58562948,126.88886634
3049,수색검문소,37.58810608,126.88597892
3050,은평수협앞,37.60241838,126.92645377
3051,명지대삼거리(연등),37.58028471,126.92813234
3052,명지전문대,37.58413578,126.92437259
3053,충암초교,37.58518412,126.92326482
3054,증산초교(연등),37.58327062,126.90634612
3055,송중초교,37.61645591,127.03062454
3056,도봉삼환아파트,37.68015900,127.04747414
3057,창동중,37.66234694,127.04859492
3058,동부센트레빌아파트앞(연등),37.66284404,127.03921413
3059,쌍문지구대,37.65720712,127.03805343
3060,반석교회,37.65126163,127.03483141
3061,쌍문역,37.64848126,127.03459942
3062,삼미북부주유소,37.64492477,127.03248939
3063,화계유치원(연등),37.63450039,127.02065921
3064,수송초교,37.63666192,127.03191647
3065,새마을금고번1동,37.63785893,127.03008033
3066,대광빌딩,37.64227610,127.02365090
3067,대한병원,37.63616866,127.02368677
3068,두산약국삼거리,37.63482847,127.02551287
3069,국민은행수유동,37.63363319,127.02336633
3070,궁전회관,37.62895410,127.02513172
3071,도봉세무서,37.61942980,127.02895005
3072,방송대북부별관,37.62173976,127.02802323
3073,솔샘빌딩,37.61721736,127.02740668
3074,방천시장입구,37.61151868,127.03512853
3075,월곡뉴타운정류장,37.60628933,127.02758334
3076,동일하이빌,37.60497634,127.03167196
3077,과기원후문,37.60474933,127.04526661
3078,동덕여대,37.60340320,127.04296684
3079,월곡역입구,37.60029433,127.04058731
3080,KT월곡,37.60257151,127.03571268
3081,성북트리즘빌딩,37.60260815,127.03819554
3082,종암2치안센터,37.60077459,127.03370155
3083,성북중앙병원,37.59662997,127.03539225
3084,숭례초교,37.59464175,127.03589472
3113,구룡사거리,37.58024333,126.87627668
3085,사대부고앞,37.59307254,127.03630234
3086,제기한신아파트,37.58753954,127.03770443
3087,제기새마을금고,37.58520947,127.03853028
3088,광성상가(연등)2,37.57981776,127.03841989
3089,제기사거리,37.58293901,127.03863349
3090,용두교앞,37.57815261,127.03494229
3091,제기동,37.57607492,127.03821585
3092,사천교서측,37.56852997,126.91642242
3093,월드컵공원관리사무소,37.56402351,126.89915506
3094,성사중입구,37.56668868,126.91382915
3095,모래내지하차도,37.56783711,126.91593057
3096,중암중교,37.57249129,126.90566134
3097,중동교,37.57537475,126.90082744
3098,트라펠리스,37.52503508,126.87163385
3099,목동하이페리온2,37.52532552,126.86963355
3101,목동하이페리온1,37.52617045,126.87402514
3102,서부면허시험장입구,37.57575377,126.88377069
3103,중동청구아파트삼거리,37.57407488,126.90300368
3104,연희중학교,37.57841078,126.91895517
3105,백련시장,37.57742584,126.92313069
3106,가좌동광교회,37.57665408,126.92516432
3107,백련시장(연등),37.57726999,126.92412579
3108,가재울사거리,37.57492420,126.91772545
3109,월드컵파크2단지,37.57489755,126.89006945
3110,남가좌교회,37.57126781,126.91375177
3111,월드컵파크4단지,37.57598114,126.88836051
3112,북가좌삼호아파트(연등),37.57576585,126.91240289
3114,한촌설렁탕,37.57917573,126.91071874
3115,대림한숲아파트,37.58623269,126.90051555
3116,증산시장,37.58132648,126.90452852
3117,연서중,37.58619205,126.91030036
3118,홍제초교뒷길(경보),37.59193168,126.94213321
3119,홍은교,37.59451554,126.94664730
3120,홍은후레쉬대형마트(경보),37.59448355,126.94584911
3122,남가좌동현대아파트,37.57390244,126.91937789
3124,성은교회,37.57428285,126.92217713
4000,목동운동장,37.52969365,126.88431220
4001,목동아이스링크,37.52980055,126.87869364
4003,서라벌고교,37.64445313,127.07644200
4005,가양5단지상가,37.56432541,126.85294431
4008,한천교,37.62366505,127.06829622
4009,온수골사거리,37.66122738,127.05873121
4010,월계3동주민센터,37.62128558,127.06938407
4011,월계역입구,37.63456671,127.05963104
4012,녹천초교,37.62815040,127.06431269
4013,녹천초교(연등),37.62782497,127.06332827
4014,월계한진아파트,37.61779877,127.06998620
4015,중평초교,37.63805567,127.06458440
4016,중평초교(연등)1,37.63910752,127.06412088
4017,중평초교(연등)2,37.63666112,127.06523129
4018,중계그린아파트,37.64044604,127.06354681
4019,중계그린아파트(연등),37.64128491,127.06314253
3125,DMC에코자이,37.57675161,126.92013383
3126,DMC센트럴아이파크,37.57856415,126.92247652
4020,하계2치안센터,37.63172606,127.06745440
4021,용원초교,37.62885410,127.06847847
4022,공릉1수문,37.62466471,127.07070798
4023,노원여성발전센터,37.64292224,127.06241073
4024,하계2치안센터(연등),37.63235131,127.06715500
4025,"하계5,6단지",37.63465511,127.06611248
4026,상계주공4단지,37.65287207,127.06784095
4028,강북구민운동장,37.63065919,127.04155248
4029,월계2치안센터,37.62813496,127.05576673
4030,하계실버센터,37.63349642,127.06431705
4031,서울메트로뒤(연등),37.47803736,126.98820594
4032,을지병원,37.63720083,127.07034229
4033,중계7단지(연등),37.64808756,127.07907898
4034,동천학교,37.64411304,127.07409642
4035,중계롯데아파트,37.64766603,127.07203189
4037,불암초교,37.65053306,127.08109829
4038,불암초교(연등),37.64961916,127.08095917
4039,신안동진아파트,37.65064485,127.07801669
4040,비우당교,37.57104014,127.02672503
4041,원광초교후문,37.65459787,127.07594477
4042,중계8단지,37.64757855,127.07426046
4043,수암초교앞,37.64800507,127.08061658
4044,청구종합상가,37.65071761,127.07442440
4045,청구종합상가(연등),37.65068177,127.07544893
4047,"상계6,7동주민센터",37.65575612,127.06698332
4048,신계초교,37.62995981,127.05405753
4053,청백4단지,37.63240793,127.05231368
4054,대호프라자,37.65918394,127.07332778
4055,노원자동차검사소,37.63792287,127.07240753
4056,양지근린공원(연등),37.64917382,127.07665953
4057,중계종합사회복지관,37.65723354,127.07684730
4058,중계종합사회복지관(연등),37.65652039,127.07806093
4059,"중계주공4,5단지",37.65455588,127.07811097
4060,"중계주공4,5단지(연등)",37.65541545,127.07819196
4061,불암지구대,37.65222042,127.07758486
4062,불암지구대(연등),37.65339109,127.07817167
4063,중계9단지,37.64119384,127.07633434
4065,창동교,37.65308922,127.05517540
4066,농협태릉지점,37.61825999,127.07730383
4067,정릉경남아파트,37.60303544,127.01738097
4068,삼육대,37.63791290,127.10756794
4069,전파연구소,37.64128668,127.11227231
4049,월계어린이집,37.62067718,127.06285750
4051,인덕대학,37.62895181,127.05498919
4052,청백1단지,37.63409420,127.05217864
4070,체육과학연구원,37.63538352,127.10580721
4072,태릉사격장,37.62790587,127.09619029
4074,화랑삼거리,37.62379998,127.09077543
4075,석계역동측,37.61482794,127.06632054
4076,중계7단지,37.64806182,127.07780209
4077,원광초교(연등),37.65345182,127.07389088
4078,한진그랑빌아파트,37.62660269,127.03685135
4079,노원경찰서(연등),37.64253729,127.07210605
4080,월계지구대,37.62267885,127.06171766
4081,"상계3,4동주민센터(연등)2",37.67130314,127.08210511
4082,"상계3,4동주민센터(연등)1",37.67297696,127.08357799
4084,공릉배수지,37.63851811,127.08239738
4086,불암도서관,37.64569694,127.08208031
4088,우암타운아파트,37.64412794,127.08319959
4089,우암타운아파트(연등),37.64361847,127.08324623
4090,선곡초교,37.61825643,127.05733776
4091,마장하이츠아파트,37.56567016,127.04004073
4092,염창하나로약국,37.55105671,126.87186847
4093,국민은행서교동지점,37.55407628,126.92284960
4094,상계5동주민센터,37.66265041,127.06930016
4095,월계국민은행,37.62301301,127.06020033
4096,월계변전소(경보),37.62805501,127.05962108
4097,월계초교,37.62772235,127.04994357
4098,신창중(경보),37.62765338,127.04770989
4099,월계극동아파트(경보),37.62949313,127.04641360
4104,공릉터널북측(경보),37.63765661,127.07847509
4105,공릉터널남측(경보),37.63304767,127.08316540
4106,태릉골프장,37.63013019,127.09807186
4107,신성미소지움아파트,37.52285893,126.84575070
4108,신설동역앞,37.57394920,127.02677379
4109,서울여대남문(경보),37.62522949,127.08822683
4111,공릉119안전센터,37.61933562,127.08074782
4112,위례상고후문(경보),37.62978892,127.07550660
4113,응암수협은행,37.58727741,126.92072212
4114,공릉한보아파트(경보),37.62742817,127.08024096
4115,준효약국,37.62229191,127.07924613
4116,로숀편의점(경보),37.61926736,127.07827274
4118,한솔부동산(연등),37.62090364,127.07846931
4119,나래어린이공원(경보),37.62718944,127.07083865
4120,연촌초교(경보),37.63422001,127.07260544
4100,초안1단지(경보),37.63228017,127.04413268
4101,녹천초교(경보),37.62840089,127.06303200
4102,녹천마을(경보),37.64261781,127.05416014
4103,성북물류창고(경보),37.61681530,127.06423774
4121,청솔아파트705동(경보),37.63178613,127.07012323
4122,한신코아빌라(경보),37.64095574,127.07029488
4123,학여울청구아파트(경보),37.63711866,127.06133040
4124,청소년수련원(경보),37.63968125,127.06064586
4125,노원문화예술회관,37.65061809,127.07973756
4126,중계초교(경보),37.65738122,127.07230505
4127,서라벌고(경보),37.64453418,127.07503838
4129,상계3파출소(경보),37.66397768,127.07486047
4130,상계푸르지오107동,37.66488766,127.07369583
4131,대동택시(경보),37.66542867,127.07295147
4132,방송대북부별관(연등),37.62078255,127.02834727
4133,외환은행수유,37.63173668,127.02403440
4134,상계9동주민센터,37.66481550,127.06343242
4135,강북구청입구(경보),37.63928849,127.02576767
4137,영도교,37.57121003,127.01885813
4138,대한병원(연등)1,37.63624775,127.02305347
4139,수유3동주민센터(연등)1,37.63774103,127.02287365
4140,수유3동주민센터(연등)2,37.64062085,127.02254062
4141,이광언내과(연등)1,37.64467943,127.02356067
4142,이광언내과(연등)2,37.64635249,127.02494027
4143,이광언내과,37.64577887,127.02447220
4144,숭미파출소,37.64724459,127.02567946
4150,수유우체국,37.64495955,127.01571086
4151,삼익세라믹아파트(연등),37.65810996,127.03425603
4152,한양상가(연등)2,37.65801352,127.03288788
4153,한양상가,37.65790646,127.03109017
4154,한양상가(연등)1,37.65782787,127.02969123
4155,선덕고교입구,37.65769914,127.02780489
4156,우이그린빌라,37.65733888,127.01880490
4158,법종사(연등)1,37.65731380,127.01673575
4159,법종사,37.65754307,127.01531516
4160,선덕고교입구(연등),37.65672129,127.02786082
4161,삼양입구사거리(연등)1,37.61718296,127.02872790
4162,송천동주민센터(연등),37.61816541,127.02529892
4163,송천동주민센터,37.61858074,127.02380398
4164,삼양그린빌딩(연등),37.62103144,127.02062862
4165,삼양그린빌딩,37.62249401,127.01982486
4145,숭미초교정문(연등),37.64908609,127.02723606
4146,숭미초교정문,37.65007197,127.02810869
4147,쌍문3동어린이집,37.65113234,127.03288956
4149,쌍문청구아파트,37.65935386,127.03498428
4166,덕성여대,37.65137980,127.01280734
4167,삼양동주민센터,37.62767982,127.01812655
4168,대성약국,37.63208769,127.01841648
4169,수유1파출소(연등)1,37.63214241,127.01768340
4170,우이교회,37.63728753,127.01717418
4171,목4치안센터,37.53194304,126.86814239
4172,수유시장,37.64114811,127.02023584
4173,포이초교(경보),37.47516978,127.05095185
4174,수유우체국(연등),37.64657316,127.01503638
4175,혜화여고,37.63168109,127.01374444
4176,혜화여고(연등),37.63238834,127.01362266
4177,세윤하이츠,37.63537603,127.01317605
4178,우성맨션(연등)1,37.63684820,127.01293013
4179,우남주택,37.63837124,127.01372520
4180,우성맨션,37.63772284,127.01334773
4182,예찬교회,37.64078967,127.01113202
4183,인수중,37.64331510,127.01093799
4184,인수중(연등)2,37.64446634,127.01080018
4185,동은교회,37.64571417,127.01062710
4186,번동오현초교,37.62231922,127.04649649
4187,외환은행정릉,37.61128954,127.00874375
4189,번동한진아파트,37.62512348,127.04486675
4190,번동오현초교(연등),37.62330755,127.04602626
4193,한성운수종점,37.63464774,127.03558424
4194,수유먹자골목,37.64009414,127.02666835
4195,우이시장,37.64493124,127.01990625
4196,동우슈퍼,37.64650868,127.01773532
4198,우이동주민센터,37.64769192,127.01192516
4199,덕성여대(연등)1,37.65043350,127.01326416
4200,덕성여대(연등)2,37.65241072,127.01255758
4202,삼우약국,37.65488944,127.01300229
4203,삼우약국(연등)2,37.65559508,127.01317806
4204,청한빌라앞(연등)2,37.65850648,127.01378947
4205,한신대(연등),37.63398930,127.01528838
4206,화계유치원,37.63440465,127.01941109
4207,번동제일교회,37.63503934,127.02833703
4208,북부시장(연등),37.63515997,127.03024901
4210,우이3교서측,37.63655054,127.03611318
4191,청학에너지,37.62872458,127.04407785
4192,번2동우체국,37.63201523,127.03785727
4211,우이3교(연등),37.63786069,127.03734341
4212,신창초교입구(연등),37.63899751,127.03841672
4213,창림초교,37.64131614,127.04054647
4215,창림초교입구(연등)1,37.64238726,127.04051488
4216,창림초교입구,37.64361380,127.04038098
4217,창림초교입구(연등)2,37.64485857,127.04032258
4218,북서울꿈의숲후문,37.62217358,127.03767615
4219,동문아파트102동앞,37.62369018,127.03764225
4220,완성아파트,37.62536313,127.03710699
4221,한진그랑빌아파트(연등)2,37.62756482,127.03795390
4222,번동초교(연등)2,37.62876017,127.03940230
4223,번동초교(연등)1,37.62985250,127.04067619
4224,번동초교,37.62929423,127.04003923
4225,신창교,37.63330326,127.03951684
4227,등촌태진아파트,37.54931012,126.86091481
4228,신창교(연등),37.63355204,127.04013057
4230,우이교(연등),37.64260901,127.03195230
4231,쌍한교,37.64481871,127.02845999
4233,쌍한교(연등)1,37.64530243,127.02790227
4235,쌍문초교,37.64874540,127.02338118
4236,숭미초교(연등)3,37.65086659,127.02971238
4237,대성약국(연등),37.63333662,127.01914850
4238,삼우약국(연등)1,37.65386122,127.01279529
4239,SK씨티아파트,37.62014324,127.01533619
4240,라이브파크정문,37.61944521,127.01038992
4244,미양중,37.62364955,127.01295374
4245,월산식당,37.62510674,127.01241936
4246,여흥빌라(연등),37.63019298,127.01342957
4247,여흥빌라,37.62945501,127.01312503
4248,강북경찰서(경보),37.63704497,127.02704800
4249,한밝한의원(경보),37.63619281,127.02821355
4250,우성가든(경보),37.63557480,127.02457330
4251,강북문화예술회관,37.64034279,127.01379455
4252,번동중학교(경보),37.63148011,127.03724206
4253,강북유니온빌딩(경보),37.62844832,127.04338206
4254,번3동노인정(경보),37.62841581,127.04272844
4255,강북중앙교회(경보),37.62763551,127.04147269
4256,번3동우체국,37.62592173,127.04628277
4257,동화파출소(경보),37.62720772,127.02660057
4258,똘이식당(경보),37.62312582,127.02822960
4259,한영교회,37.62291520,127.03178493
4260,미아교회(연등),37.62391762,127.03102538
4241,삼양동자치회관,37.62011850,127.01205269
4242,라이브파크후문,37.62154657,127.01262357
4243,라이브파크후문(연등),37.62214135,127.01292487
4261,강서구민회관(경보),37.55409559,126.84350365
4262,대명익스프레스(경보),37.62298333,127.02221681
4263,문무체육관(경보),37.62296508,127.02288997
4264,성도탕(경보),37.62328058,127.02415756
4265,가나아트홀(연등),37.61051195,126.97690513
4266,강북전기(경보),37.62354120,127.02516664
4267,태창세탁소(경보),37.62356997,127.02620056
4268,으뜸어린이공원,37.62325894,127.02643698
4269,성북시장,37.62149843,127.02710907
4270,성북시장(연등),37.62058878,127.02748413
4271,송천빗물펌프장,37.61912035,127.02806560
4272,동양빌딩앞,37.61896103,127.02278094
4274,강북중학교(경보),37.64433549,127.02615137
4275,서울기사식당,37.64479748,127.02700678
4276,한국사회봉사회,37.66185295,127.01486597
4278,강북노인종합복지관,37.63548385,127.01951735
4279,강북문화예술회관(연등),37.64044851,127.01428263
4280,우이초교(경보),37.63817936,127.01588195
4281,국립재활원(경보),37.63959268,127.01066364
4282,419탑,37.64705550,127.00936008
4283,강북청소년수련관,37.64567071,127.00670184
4284,인수중(연등)1,37.64235120,127.01093103
4285,통일연구원(경보),37.64271086,127.00273475
4288,도봉부동산(경보),37.63678463,127.04106374
4289,대신유리(경보),37.63452223,127.04271468
4290,녹십자약국(경보),37.63398584,127.04128155
4291,번창교(경보),37.63555815,127.03827685
4292,승리자동차병원(경보),37.63617362,127.03812056
4293,숭미초교(연등)1,37.65211107,127.02817843
4294,창경초교(경보),37.65542538,127.03548298
4295,방학홈플러스(연등),37.66593123,127.04297915
4297,수락초교,37.68368180,127.05542997
4298,신월문화센터,37.51967907,126.83591984
4299,홍파복지원,37.68068815,127.05544359
4300,노일초교,37.67397096,127.05540392
4301,도봉면허시험장,37.65795387,127.05956185
4303,누원초교,37.68613487,127.05053850
4304,성대야구장,37.67728862,127.04893286
4305,도봉성우아파트,37.67559379,127.04779782
4286,신화초교,37.63155567,127.04175026
4287,신창초교(경보),37.63615821,127.04138766
4306,도봉시장,37.67454485,127.04705390
4307,도봉중교(연등),37.67259157,127.04659672
4308,도봉중교입구,37.67024612,127.04632473
4309,도봉구청(연등),37.66934068,127.04625790
4311,방학대상타운,37.66597525,127.04623342
4312,창동운동장,37.66000232,127.05005095
4314,창동열린극장,37.65606807,127.05289561
4315,동아청솔아파트,37.65699588,127.04971113
4316,망원2주민센터입구,37.56119381,126.90545508
4317,환승주차장,37.65533586,127.05001695
4318,기업은행망원,37.55932184,126.90719068
4319,창4동주민센터,37.65239900,127.05112834
4320,창동동아아파트,37.65064770,127.05179720
4321,월천초교,37.64809478,127.05260799
4322,도봉문화정보도서관,37.64432744,127.04456418
4323,창주공4단지,37.64531237,127.04852668
4324,노원에코센터,37.64508876,127.06000782
4325,신화빌라,37.64618694,127.04392050
4328,창북중,37.64977340,127.03785751
4329,당현초교,37.64833458,127.05932232
4330,성서대학,37.64940281,127.06404386
4331,상계119안전센터,37.65464559,127.07182956
4332,상계119안전센터(연등),37.65519764,127.07188554
4333,청솔연립,37.65732970,127.07182339
4334,상계주유소,37.65878977,127.07144113
4337,상계주공4단지(연등),37.65421303,127.06747020
4338,노원롯데백화점(연등),37.65460272,127.06191195
4339,상계주공6단지정문,37.65516898,127.06445531
4340,화랑예식장,37.65601923,127.06185607
4341,화랑예식장(연등),37.65620973,127.06277337
4342,상계초교입구,37.65710502,127.06660496
4343,상계중앙시장(연등),37.65776080,127.06793776
4344,상계중앙시장,37.65829006,127.06942433
4345,재생약국,37.66572870,127.03722153
4346,거성학마을,37.66713266,127.03938722
4347,거성학마을(연등)2,37.66728502,127.04088904
4348,신방학중(연등)2,37.66391215,127.02833239
4349,신방학중(연등)1,37.66540611,127.03055461
4350,방학중학교,37.66650593,127.03220232
4352,방학2동주민센터,37.66810214,127.03448632
4353,삼호골드타운,37.66962662,127.03685953
4354,삼원수출포장,37.67086481,127.03974319
4335,상계벽산아파트,37.66178712,127.07429123
4336,주공326단지(연등)1,37.65085336,127.05860032
4351,신풍천슈퍼,37.66733428,127.03338813
4355,신도봉시장,37.67124290,127.04095076
4356,상계교(연등),37.66157149,127.05388353
4357,상계주공10단지,37.66142512,127.05645951
4358,상계8단지,37.66086555,127.06172507
4359,7단지영업소,37.65997127,127.06386954
4360,상계초교,37.65894622,127.06490495
4361,방학3동주민센터,37.65891824,127.02779132
4362,동일초교,37.66440073,127.05513395
4363,상계12단지,37.66478437,127.05927445
4364,청원고교,37.66504152,127.06110130
3470,장안현대아파트,37.58091557,127.06836000
3471,휘경여중,37.58292852,127.06842308
3472,휘경여중고,37.58404513,127.06812936
3474,동성연립,37.58590726,127.06750199
3475,동일스위트아파트앞,37.58753898,127.06769811
3476,동부교육지원청(연등),37.57838637,127.05725205
3477,동부교육지원청,37.57960185,127.05640206
3478,해성여중고,37.58086474,127.05546975
3479,해성여중고(연등),37.58142721,127.05509255
3480,떡전교사거리(연등)2,37.58506244,127.05242429
3481,체성회,37.58601393,127.05018350
3482,청량리한신아파트,37.58658317,127.04779224
3483,홍릉동부아파트앞,37.58682091,127.04558077
3484,홍파초교후문(연등),37.58669059,127.04160277
3485,홍파초교후문,37.58665076,127.04008683
3487,제기시장,37.58647985,127.03452549
3488,광성상가(연등)1,37.58162654,127.03854259
3489,광성상가,37.58086376,127.03849446
3490,청량리현대코아앞,37.58201811,127.04463010
3491,동대문경찰서,37.58313466,127.04426508
3492,청량리전화국,37.58481676,127.04373292
3493,용진한의원,37.58288012,127.03729021
3494,삼일교,37.58283109,127.03593162
3495,제기동천주교회,37.58277179,127.03379364
3496,종암초교,37.58126504,127.02980824
7504,성애병원(연등),37.51305614,126.92355414
3499,청솔우성아파트(연등)1,37.57601943,127.05769861
3500,세종대왕기념관(연등)2,37.59170623,127.04357124
3501,영화진흥공사,37.59014308,127.04246809
7510,파크모터스,37.52952912,126.95447845
3486,양문교회앞,37.58654428,127.03699706
3503,이문초교(연등),37.60300718,127.06516028
3504,군자출구(경보),37.55980053,127.07003521
3505,휘경초교앞,37.58853542,127.05677252
3506,제기1새마을금고,37.58304299,127.04171371
3507,소화유치원,37.58281270,127.03497225
3508,공성아파트정문,37.58115278,127.03551049
3509,동원교회(경보),37.58485043,127.03648822
3510,제기1교서측,37.58654073,127.03581881
3511,은하약국(경보),37.57775642,127.04419764
3512,동대문구민센터,37.56620078,127.07397646
3513,성내동삼성래미안2단지후문,37.53147550,127.12696890
7514,양화대교남단램프,37.53885684,126.89976300
3515,장평중(경보),37.56556159,127.07081941
3516,나나약국(경보),37.56779129,127.07244126
3517,장평초교(경보),37.57286247,127.07393110
3518,SK아파트105동앞(경보),37.57551826,127.06020235
3519,SK아파트201동앞(경보),37.57690632,127.06306023
3520,전동초교앞(경보),37.57824176,127.06104238
3521,동대문육아지원센터앞,37.57193297,127.04842930
3522,태양의집(경보),37.57432616,127.04539323
3523,부품상가삼거리(연등),37.56428173,127.05938106
7517,더?포레스트201동,37.48244647,127.09456688
3525,삼육서울병원앞(경보),37.59043945,127.06244968
3526,휘경SK뷰,37.59417850,127.06658263
3527,이경시장,37.59461400,127.06459594
3528,외대전철역(경보),37.59550586,127.06234381
3529,동답초교(경보),37.57214889,127.06523107
3530,청솔우성아파트112동(경보),37.57452091,127.06148897
3531,신답초교옆(경보),37.57298644,127.04271800
3532,전농초교,37.57455547,127.05335902
3533,중랑지하차도(경보),37.59404783,127.06849333
3534,동부센트레빌앞,37.59092962,127.06779427
3535,고대정문,37.58807587,127.03444695
3536,안암동(연등)1,37.58075874,127.02673580
3537,안암동(연등)2,37.57944666,127.02480197
3538,동대문세무서(연등)2,37.58031017,127.02210107
3540,보문역(연등),37.58429997,127.01995197
3541,경동고(연등),37.58756477,127.01820354
3543,성북경찰서(연등),37.58897836,127.01666300
3544,용호로,37.53488885,126.96969439
3545,한국우편사업진흥원,37.52397564,126.90526885
3546,한성대(연등)1,37.59075372,127.01114286
3547,한성대,37.58998218,127.00963477
3314,크린크리닝(경보),37.57107829,127.08490587
7529,아이파크1차와이즈가든,37.47532448,127.14220510
3549,나폴레옹제과점앞,37.58920234,127.00531305
3550,성북1치안센터,37.59043270,127.00408866
3552,홍익중고입구,37.59330547,127.00103983
3553,선잠단지,37.59318849,126.99940276
3554,성북2파출소,37.59304326,126.99847602
3555,성북초교,37.59287356,126.99777141
3556,삼선시장,37.58799481,127.00874928
3557,블루빌하우스,37.58924664,127.01313988
3558,돈암천주교회,37.59044954,127.01695077
3559,성신여대,37.59133279,127.01990625
3560,동선약국,37.59478580,127.02028174
3561,보문2교,37.58882476,127.01895260
3562,한성대입구사거리,37.58614975,127.01115741
3564,동신초교,37.58329444,127.01777292
3565,보문리슈빌204동,37.58575657,127.02062534
3566,보문3교,37.58598723,127.02112723
3567,보문3교(연등),37.58623467,127.02207134
3568,안암초교입구,37.58649717,127.02368723
3569,고려대이공대,37.58626690,127.02530298
3570,고대병원정문,37.58627307,127.02746681
3571,안암역,37.58628960,127.02934817
3572,안암역(연등),37.58637073,127.03082603
3573,성신여대입구역(연등)1,37.59355401,127.01794877
3574,미아고개,37.59836740,127.02174210
3575,길음삼부아파트,37.60337509,127.02380928
3576,성신초교,37.59526243,127.02331939
3577,매봉산길입구,37.59715617,127.02260009
3580,돈암1동주민센터(연등)1,37.60223549,127.02478258
3581,정릉뉴타운9단지,37.60241128,127.01931361
3583,서경대입구,37.60356769,127.01477273
3584,국민은행정릉,37.60842290,127.00998770
3585,정릉4동주민센터,37.61283174,127.00740156
3586,정릉대우아파트,37.61673955,127.00367221
3587,정릉3동주민센터,37.60918674,127.00510553
3588,국민대램프앞,37.60972531,126.99651682
3589,일영유리,37.60867149,126.99959538
3590,도원교통,37.60804854,127.00146108
3591,정릉천주교회,37.60781847,127.00404333
3593,정릉성원아파트입구,37.60568730,127.00918072
3594,정릉입구(연등),37.60496432,127.01073872
3595,아리랑고개입구(연등),37.60267705,127.01348093
3596,아리랑고개,37.60086505,127.01406808
3597,돈암힐스테이트아파트,37.59886539,127.01425648
3578,고명중고앞,37.59844438,127.02055904
3579,돈암1동주민센터,37.60342420,127.02586005
3598,흥천사입구,37.59648156,127.01532312
3600,정릉풍림아파트,37.61673614,127.00872806
3602,목동7단지,37.52770564,126.86416954
3604,용동초교,37.64179857,127.06828293
3605,대진고교앞,37.63874802,127.07540194
3606,동선약국(연등),37.59389008,127.02018964
3607,용문교동측,37.58707909,127.02073161
3608,대흥슈퍼(경보),37.58903534,127.02240019
3609,용문중고(경보),37.58783991,127.02296286
3610,안암초교입구(연등),37.58695815,127.02348138
3612,현충로가변(삭),37.50798963,126.96458830
3613,개운중학교,37.59416134,127.02520968
3614,개운산3거리(경보),37.59459427,127.02625033
3615,청한빌라앞,37.65787322,127.01367811
3617,목동중교앞,37.52096994,126.87064918
3618,풍림상가(경보),37.59632374,127.02252649
3619,정릉쌍용아파트202(경보),37.59910806,127.01851001
3620,신광운수,37.65271453,127.07072357
3621,신정5동,37.52541946,126.85904910
3622,정릉쌍용아파트,37.59928320,127.01800846
3623,정릉우성아파트101(경보),37.60019124,127.01634397
3624,동선모텔,37.59428318,127.01615296
3625,신일부동산(경보),37.59551298,127.01231360
3626,목원초교,37.54355195,126.88188088
3627,우방아파트(경보),37.59756244,127.00804495
3631,북악골프연습장(경보),37.60211331,126.99742538
3632,휴계실앞(경보),37.60766548,126.98613151
3633,부대(경보),37.60470406,126.98389994
3634,성북천주교(경보),37.59531349,126.99771326
3636,성북초교(연등)1,37.59309163,126.99675484
3637,덕수교회(경보),37.59445997,126.99512300
3638,성직수도회(경보),37.59471401,126.99392723
3639,명수학교(경보),37.59473903,126.99126533
3640,서울아파트(경보),37.59643371,126.98925487
3642,길상사(경보),37.59954958,126.99234146
3643,"상계11,13단지",37.66732489,127.05710238
3644,성북세무서,37.58836177,127.01042483
3646,삼선초교정문,37.58564401,127.01290115
3647,복선교,37.60182107,127.02347500
3648,돈암초교후문(경보),37.59276253,127.01386025
3649,돈암초교정문,37.59350384,127.01190290
3650,청암고교,37.65150109,127.07295162
3628,수유1파출소,37.63113498,127.01784350
3629,장원스카이아파트(경보),37.59924778,127.00647099
3651,정릉태영아파트(연등)1,37.60623354,127.01493736
3652,정릉하모니마트,37.60819070,127.01542652
3653,정릉3파출소(경보),37.60794754,126.99941690
3654,정릉3동주민센터(연등)2,37.60853103,127.00459519
3655,정릉3동주민센터(연등)1,37.61052157,127.00516382
3656,대성운수,37.61208035,127.00544909
3657,국민대길(경보),37.61224556,127.00384745
3658,정릉종합사회복지관,37.61161173,127.00214566
3659,청덕초교입구,37.61122389,126.99996890
3660,시립도서관(경보),37.61428980,127.00871391
3661,중계1공단,37.64530829,127.07074746
3662,햇님유치원,37.61614290,127.00518619
3663,대진운수(경보),37.61704889,127.00270150
3664,정릉우체국,37.60574122,127.01128698
3665,월곡3동삼성래미안,37.60988517,127.03569376
3666,삼선교회(경보),37.59015649,127.00658124
3667,동구여상후문(경보),37.59427181,127.00852043
3669,종암2치안센터(연등),37.59904943,127.03442466
3670,방학성원아파트,37.66255966,127.03473020
3671,종암경찰서,37.60191605,127.03291805
3672,창동역,37.65392310,127.05059806
3673,동서병원,37.60714764,127.02853318
3674,녹천역입구,37.64610236,127.05288227
3675,KT노원지사,37.65490307,127.06315076
3676,장위우체국,37.61246252,127.05531938
3679,우이성원아파트(연등)1,37.66121796,127.01340403
3680,혜화역,37.58296199,127.00177537
3682,돈암1동주민센터(연등)2,37.60431018,127.02667502
3683,길음역북측,37.60568147,127.02421141
3684,이마트창동점,37.65133016,127.04667299
3685,목1지구대,37.53488320,126.87848993
3686,길음뉴타운604동,37.60760829,127.02352050
3687,동부아파트입구,37.60871417,127.02312359
3688,명덕유치원,37.60994814,127.02269157
3689,광운대(연등)2,37.61926587,127.05794135
3690,상계414동,37.64992490,127.06621715
3691,미아초교입구,37.61134343,127.02221154
3692,수락산입구,37.68236933,127.05545192
3693,현대성우아파트,37.61592492,127.02211099
3694,현대성우아파트(연등),37.61752271,127.02163949
3695,송중동주민센터,37.61653415,127.03341100
3677,공수부대정문,37.54125813,126.82457946
3678,신월사거리(연등),37.53713806,126.82746167
3697,꿈의숲롯데캐슬정문,37.61842959,127.03599278
3698,동성공업사(연등),37.61013541,127.03239839
3699,동성공업사,37.61071164,127.03348205
3700,월곡1동축협,37.60592825,127.03694843
3701,생명의전화,37.60382169,127.03739218
3702,숭곡초교,37.60910202,127.03300761
3703,성산가변(삭),37.56054994,126.93374270
3704,당고개역,37.67047255,127.07953017
3705,KT월곡(연등)1,37.60198499,127.03789378
3706,마들역,37.66454299,127.05782643
3707,월곡역입구(연등)2,37.59980261,127.04011570
3708,일신초교,37.59906467,127.03979945
3709,사대부중,37.59577955,127.03837098
3710,대일고교,37.53931586,126.86372393
3711,상월곡역,37.60674200,127.04916225
3712,"상계14,16단지",37.67052555,127.05625234
3713,상월곡역(연등)1,37.60749934,127.05056273
3714,석관2동삼성래미안(연등),37.60854464,127.05260686
3715,석관2동삼성래미안,37.60931218,127.05404488
3716,돌곶이역(연등),37.61169813,127.05859309
3717,장위사거리(연등),37.61379250,127.06230680
3719,석관중뒤삼거리,37.60728607,127.06726582
3720,석관중,37.60721596,127.06600125
3721,등촌역,37.55124846,126.86448670
3722,석관중(연등),37.60589503,127.06661494
3723,석관고입구,37.60898380,127.06451091
3724,석관고입구(연등),37.61007506,127.06348984
3726,장석시장,37.61514030,127.05840783
3727,위례정보산업고,37.63105853,127.07359809
3729,장곡시장(연등),37.61752130,127.04814762
3730,장곡초교,37.61676627,127.04938774
3731,하나은행장위,37.61531403,127.05170405
3732,수진약국,37.61427217,127.05337776
3733,석관초교입구,37.60997154,127.05798053
3734,국민은행석관,37.60905893,127.05887163
3735,국민은행석관(연등),37.60827919,127.05968557
3736,제일은행석관,37.60678953,127.06129726
3737,우리은행석관,37.60561309,127.06196921
3738,석관초교,37.61023994,127.05904244
3739,도봉중교,37.67123464,127.04642492
3740,국민은행장위,37.61359987,127.04897836
3741,수락초교삼거리,37.68477221,127.05543091
3725,석관지구대앞,37.61100417,127.06261673
3742,도봉청소년도서관,37.66423721,127.04653565
3743,장위시장,37.61337166,127.05038746
3744,한천초교,37.61989984,127.06982639
3745,태릉가스충전소,37.61672121,127.07288644
3746,우리은행장위,37.61396211,127.04288680
3747,석계역,37.61426685,127.06500111
3749,삼익세라믹아파트,37.65815249,127.03509661
3750,인덕대학입구,37.62862021,127.05665026
3751,월곡초교,37.61013393,127.04776247
3752,장곡초교(연등),37.61601478,127.04853741
3753,사대부고정문(경보),37.59313957,127.03692683
3754,성심사약국,37.59729408,127.03918606
3755,KAIST후문(경보),37.60430357,127.04548609
3756,양계농협장위(연등),37.61893239,127.04582361
3757,장곡시장,37.61809056,127.04720539
3758,하나은행장위(연등),37.61591529,127.05076536
3762,장위천주교회(경보),37.61272011,127.04891177
3763,삼원빌딩(경보),37.61514413,127.05494507
3764,당고개냉면,37.66549433,127.07580223
3765,상월곡동아아파트,37.60776513,127.04732337
3766,장성교회(경보),37.60842480,127.04730688
3767,서울출입국관리사무소,37.51853073,126.86999938
3768,월광파출소(경보),37.60678517,127.03442444
3769,성북구심리지원센터,37.60434850,127.03740334
3770,래미안아트리치(연등)1,37.60697546,127.06285907
3771,영훈초교,37.61255854,127.02720407
3772,태릉우성아파트,37.62422511,127.08643859
3773,석계두산아파트(경보),37.61396807,127.06675616
3774,"목동10,12단지",37.51422020,126.85751472
3779,중앙하이츠아파트(회전교차로),37.61046265,127.06714051
3780,길음동부아파트(경보),37.60885480,127.02379379
3781,길음동부아파트108동,37.61206987,127.02492716
3782,동부아파트107동(경보),37.61184021,127.02365700
3783,북한산시티149동,37.61944407,127.01525108
3784,충신시장,37.57500625,127.00560520
3785,기독회관,37.57332351,127.00204200
3786,종로백화점약국,37.57103757,127.00375662
3787,서울디자인지원센터,37.57267295,127.00779434
3788,신트리고개,37.51164599,126.85007507
3789,신트리3단지,37.51220445,126.85167083
3792,열병합발전소앞,37.53925724,126.88563399
3793,등촌아이파크아파트(연등),37.54545123,126.86239590
3775,송중장안빌라,37.61538982,127.03359770
3776,양록농협,37.61318564,127.03426902
3777,장위1파출소(경보),37.61389851,127.04596122
3778,월곡3동삼성래미안(연등)1,37.61050353,127.03549260
3794,등촌아이파크아파트,37.54387901,126.86220561
3795,영일고교,37.54779818,126.86316682
3796,양천소방서,37.52986464,126.87269308
3797,금옥여고,37.50948163,126.84383699
3798,신정3단지,37.51040853,126.84645841
3800,신서중,37.51545975,126.85499838
3801,목동10단지,37.51819906,126.85379597
3802,"목동13,14단지",37.51403734,126.86971830
3803,양천구의회,37.51816947,126.86637693
3804,목동812동,37.51921083,126.86818686
3805,서울강림교회,37.51756561,126.86468199
3806,서울강림교회(연등)1,37.51700079,126.86292769
3807,KEB하나은행목동남지점,37.51574682,126.85947666
3808,KEB하나은행목동남지점(연등),37.51654549,126.86160851
3809,"목동12,13단지",37.51450022,126.86073013
3810,세신교회(연등),37.51506947,126.86239128
3811,양천경찰서,37.51613339,126.86537851
3812,양천구청,37.51653227,126.86652528
3813,서울출입국관리사무소(연등)2,37.51766623,126.86921187
3814,목동중교앞(연등),37.51979023,126.87043136
3815,목동쉐르빌,37.52311063,126.87114496
3816,동문빌딩,37.52124663,126.86873890
3817,목동천주교,37.52360118,126.86931140
3818,현대프라자,37.51963415,126.85991347
3819,CBS앞,37.52782585,126.87429008
3823,목1지구대(연등),37.53533711,126.87971529
3824,목마공원,37.53771836,126.88654951
3825,목마공원(연등)1,37.53730306,126.88529504
3826,목동부영그린타운,37.53612112,126.88193740
3829,신목동역,37.54419673,126.88308961
3830,월촌중,37.53795097,126.88229774
3831,"목동1,2단지",37.53716816,126.88002674
3832,현대월드타워,37.53616017,126.87733504
3833,현대월드타워(연등),37.53555441,126.87648813
3834,양천도서관,37.53388397,126.87565097
3836,양천사회단체봉사센터(연등),37.53119831,126.87504194
3837,양천사회단체봉사센터,37.53212258,126.87521205
3838,양천소방서(연등)1,37.52993090,126.87085161
3820,목동전화국(연등),37.53018055,126.87584164
3821,목동전화국,37.53005625,126.87672386
3822,목5동성당,37.53296134,126.87745652
3839,비전프라자(연등),37.52895269,126.87047108
3840,비전프라자,37.52827092,126.87035939
3841,목동천주교(연등),37.52323699,126.86715548
3842,월촌초등학교앞,37.53984235,126.87507719
3843,"목동3,4단지",37.53312052,126.86969512
3845,영도초교,37.53507016,126.86995660
3846,신목중학교앞,37.53656110,126.87147080
3847,신목중학교앞(연등)2,37.53753516,126.87259818
3848,한신청구아파트앞,37.54222880,126.87996417
3849,북한산우이역,37.66320994,127.01255553
3850,인권빌딩,37.53426457,126.86360488
3851,강서고교(연등)1,37.53561772,126.86345606
3852,강서고교,37.53690815,126.86350509
3853,대일고교(연등),37.53793111,126.86361775
3854,목동월드파크빌,37.54087138,126.86374526
3855,대림아파트,37.54256004,126.86288300
3856,남우빌딩,37.52656198,126.86154455
3857,목동영광교회(연등),37.52572912,126.86153633
3858,신정5수협,37.52674749,126.86013879
3859,하계3단지,37.62761665,127.06925426
3860,은정초교,37.51042313,126.86714821
3861,월계건강관리센터,37.63149246,127.06104879
3862,청기와호텔,37.52005251,126.84442113
3863,노원문화원,37.62870075,127.07032631
3864,공릉초교,37.61830357,127.07376972
3865,대경빌딩,37.62392858,127.07194148
3866,공릉도서관,37.62181637,127.07263280
3867,건민약국,37.62502613,127.07157505
3870,원광초교,37.65468315,127.07423203
3871,강월초교,37.51571664,126.83500675
3872,공릉지하차도위,37.63100178,127.06759015
3873,기업은행공릉,37.62328055,127.07942792
3874,양정고,37.53469748,126.88818725
3875,혜인약국,37.66299492,127.06597307
3876,청구아파트,37.63938680,127.06929571
3877,상경초교,37.67086961,127.05270097
3878,번3동주민센터,37.62655032,127.04748889
3879,공연초교(연등),37.62661250,127.07541417
3880,서울과학기술대앞,37.63008178,127.07637859
3881,원자력병원입구(연등),37.62798393,127.08499531
3882,공릉동부아파트,37.62769739,127.07798609
3883,강월초교입구,37.51705458,126.83941357
3884,공릉치안센터,37.62684363,127.07911274
3885,신월마이홈아파트,37.52254651,126.84797251
3886,동방사우나,37.52174784,126.84642929
3887,연촌초교,37.63434202,127.07188570
3888,농협창동유통센터,37.65443146,127.05320973
3889,신한은행신월동지점(연등),37.51896480,126.84310801
3890,공릉삼익아파트404동앞,37.62927454,127.07356036
3891,신정역,37.52468842,126.85361953
3893,심미아파트,37.52504074,126.85620113
3895,용동초교(연등),37.64057128,127.06882804
3896,청계초교,37.64425340,127.06715973
3897,상수초교,37.65238882,127.06556566
3898,청계초교(연등),37.64533868,127.06670170
3899,청솔8단지,37.62341225,127.08552722
3900,동북초교,37.65539591,127.02795172
3901,청솔8단지(연등),37.62281333,127.08412473
3902,코오롱연립,37.63643769,127.07215286
3903,상계역,37.65999919,127.07238010
3904,태릉초교,37.62228001,127.08586314
3905,태릉초교(연등),37.62181817,127.08502911
3906,하계지하차도위,37.63117980,127.07035925
3907,상계역(연등)1,37.66091493,127.07136860
3910,삿갓봉근린공원,37.65782973,127.07507465
3911,노원경찰서,37.64310521,127.07183381
3912,삼양시장,37.62484783,127.01844899
3913,월계어린이집(연등),37.61961339,127.06334456
3914,하계주유소,37.64256825,127.07066407
3915,공릉2치안센터,37.62258896,127.08690396
3916,수락고가,37.67880970,127.05162936
3917,신정배수펌프장,37.52553130,126.87786812
3918,신당초교후문,37.56363293,127.02425951
3920,선경아파트입구,37.63808181,127.07719792
3921,초당초교,37.65746312,127.02282200
3924,신월1지구대입구,37.53176772,126.83110386
3925,태릉우성아파트(연등),37.62490926,127.08624629
3926,신월3치안센터,37.53569330,126.82692823
3927,대한교회,37.52189322,126.85969988
3928,삼성연립,37.53536174,126.82463358
3929,태릉솔밭주유소,37.62565667,127.08600498
3930,화곡로입구(연등),37.53937396,126.82718849
3931,태릉우방아파트,37.62677997,127.08568224
3932,신화중학교(연등),37.53944580,126.82947714
3933,강서교육지원청입구,37.53989244,126.83386023
3922,노해근린공원(연등),37.64772425,127.07003401
3923,서서울호수공원앞,37.52964726,126.83251841
3934,신화중학교,37.53952237,126.83080688
3935,원자력병원입구,37.62927092,127.08431242
3936,월정초교앞,37.53673129,126.83422131
3937,효성빌라,37.53635942,126.83163750
3938,중계1공단(연등),37.64659775,127.07016225
3939,화곡고가밑,37.52776599,126.84895989
3940,혜성여고,37.64157703,127.07252085
3941,GS슈퍼마켓,37.47902805,126.94886334
3942,목동중학교앞,37.51980486,126.87247203
3943,목동시장(연등),37.52128189,126.87360240
3944,목동시장,37.52265313,126.87468030
3945,당고개주유소(연등),37.66940742,127.08042311
3947,신정교서단,37.51832363,126.87404634
3948,신정현대아파트,37.52061052,126.87794076
3949,목일중학교앞,37.51319150,126.87544605
3950,창일중교,37.64944910,127.04737319
3951,노원구청,37.65365328,127.05760185
3952,양천어린이집,37.51115036,126.86959763
3953,신서초교,37.52221968,126.86281166
3955,신정네거리역(연등)1,37.52130022,126.85439519
3956,서울신정단지우편취급국,37.52155589,126.85668105
3957,불암동아아파트,37.66650163,127.07815438
3958,신서초교정문,37.52108768,126.86291121
3959,싱싱마트앞(연등),37.66779720,127.07914854
3960,신서초교정문(연등)3,37.51956115,126.86373857
3961,불암동아아파트(연등)2,37.66578704,127.07762413
3962,"상계3,4동주민센터",37.67211657,127.08286784
3964,상계3치안센터(연등)2,37.66496415,127.07703574
3965,상계3치안센터,37.66393702,127.07585138
3966,당고개입구오거리,37.66275677,127.07581300
3968,중계건영아파트,37.66157614,127.07572592
3969,수유3동주민센터,37.63904485,127.02272057
3970,중계목련3단지,37.64768674,127.06788432
3971,신상계초교,37.66741789,127.07656083
3972,상계교,37.66171075,127.05244752
3973,중계주공3단지,37.65672441,127.07478570
3974,강서초교(연등)1,37.52185590,126.84141615
3975,을지중,37.65026934,127.07120495
3976,양지근린공원,37.64773568,127.07657542
3977,꿈나라유치원,37.65980318,127.07539540
3978,꿈나라유치원(연등),37.66061987,127.07552240
3967,염광여상,37.62576532,127.05201746
3979,농협공릉지점,37.62216695,127.07415954
3980,농협공릉지점(연등),37.62349469,127.07370042
3981,노원주유소앞(연등),37.62103776,127.07452552
3982,노원주유소앞,37.61995139,127.07487906
3983,공릉역(연등)2,37.62608183,127.07410984
3984,중계경남아파트,37.64358502,127.06478084
3985,중원초교,37.64327042,127.06367024
3986,서울과학기술대입구,37.62891191,127.07134186
3987,삼성스토어공릉점,37.62748503,127.07208650
3988,목동야구장,37.52883895,126.88034061
3989,중계근린공원,37.64112256,127.06592956
3990,수락산역남측,37.67605564,127.05528325
3991,월계사슴2단지(연등),37.63304611,127.05951180
3992,월계사슴2단지,37.63229531,127.06030113
3993,월계삼호30동,37.62552444,127.06710691
3994,월계삼호37동,37.62674310,127.06571796
3995,금호제일교회,37.54809903,127.02721718
3997,"남부법원,검찰청(연등)",37.52431119,126.86484135
3998,목동주차장,37.52757561,126.87617152
3999,영등포코스트코,37.52716733,126.89258053
2257,명일삼익가든,37.54666898,127.14878284
2258,명일역,37.55079576,127.14395828
2260,거여초교,37.50291440,127.13951326
2261,유진주유소,37.50478430,127.13883216
2262,고덕그라시움102동앞(연등),37.55571575,127.15860885
2263,고덕그라시움102동앞,37.55591694,127.16041018
2264,길동프라자아파트,37.53649517,127.14833117
2265,보훈병원뒷길(연등),37.53364437,127.15058691
2266,보훈병원뒷길,37.53171858,127.14976206
2267,상아주유소,37.49997008,127.14749217
2268,한림여상,37.48562278,127.13174219
2269,성화빌딩(연등),37.48318030,127.12884007
2270,암사아파트(토끼굴),37.55163811,127.12399147
2274,엘웨딩부페,37.53697097,127.12898029
2275,강동역,37.53599598,127.13209771
2276,보훈병원입구(연등),37.53410536,127.14262238
2277,신한국주유소,37.52140034,127.14555710
2278,신암초교,37.54789240,127.12674811
2279,국민은행암사(연등),37.55246497,127.12839115
2280,선사사거리(연등),37.55476390,127.13106311
2281,신암중,37.55475952,127.13401354
2282,우리은행암사(연등)1,37.55474737,127.13563323
2283,우리은행암사,37.55474536,127.13648935
2271,토끼굴입구,37.55481981,127.12508442
2272,암사육관문,37.55385515,127.12473584
2273,토끼굴입구(연등),37.55477137,127.12635169
2284,강일중학교,37.55474535,127.13785177
2285,암사3동주민센터,37.55471868,127.14002183
2286,장애인종합복지관,37.55471604,127.14782872
2288,삼익그린아파트(연등)2,37.55469304,127.15083087
2289,삼익그린아파트(연등)1,37.55476766,127.15214446
2290,대한볼링협회,37.53098002,127.13747402
2291,길동초교(연등)2,37.53866575,127.14031882
2292,십자성마을,37.54315696,127.14200410
2293,십자성마을(연등),37.54413402,127.14238891
2294,러스크강동병원,37.54779782,127.14344322
2295,명일전통시장앞,37.54977766,127.14378857
2296,래미안솔베뉴앞(연등)2,37.55333904,127.14424950
2297,명덕초교입구,37.55664564,127.14469260
2298,강동구청,37.52970337,127.12332382
2299,강동소방서,37.52912170,127.12461421
2300,성내한양수자인,37.52753721,127.12811359
2301,농협입구(연등),37.52899871,127.13127697
2302,농협입구,37.53012112,127.13180234
2303,천호삼성아파트,37.53793135,127.13558485
2304,천동초교삼거리,37.54094218,127.13716343
2305,천동초교,37.54110803,127.13893527
2306,길동119안전센터(연등)2,37.54087565,127.14286154
2307,길동119안전센터(연등)1,37.54082329,127.14413405
2308,문정1동주민센터,37.49037399,127.12411139
2309,신명초교,37.54056680,127.14871484
2310,문정1동주민센터(연등)1,37.48998277,127.12340409
2311,강동공안과,37.53270575,127.12268861
2312,성내초교,37.53234072,127.12410348
2313,성내삼성아파트,37.53172835,127.12610620
2314,성일초교,37.53067888,127.12977825
2315,길동현대아파트,37.53198286,127.14391151
2316,강동도서관,37.53744840,127.14600305
2318,천일초교(연등),37.54456713,127.13271826
2319,천호2치안센터,37.54579725,127.12363126
2320,천일중,37.54505988,127.12873687
2321,선사현대입구,37.55114040,127.12528217
2323,강동초교,37.54837669,127.13160842
2324,천호초교입구,37.54711436,127.13461773
2325,천호1치안센터,37.54615581,127.13721138
2630,용산우체국,37.53026195,126.96896999
2256,명일여고앞,37.54917144,127.14932316
2322,암사2동주민센터,37.55050841,127.12659806
2326,천호중,37.54575754,127.13955004
2327,주몽학교,37.54580408,127.16408256
2328,고덕중학교,37.56047849,127.16222462
2329,고덕119안전센터,37.55713578,127.15245001
2330,래미안솔베뉴후문(111동),37.55042352,127.14595071
2331,명일한양아파트앞,37.54918757,127.15421570
2332,천일초교,37.54378605,127.13219365
2333,천호동공원앞(연등),37.54255957,127.12483206
2334,암사119안전센터,37.55382263,127.12885337
2335,명일역(연등),37.55068436,127.14299799
2336,워커힐아파트,37.54799385,127.10700460
2337,워커힐아파트(연등),37.54932700,127.10801201
2338,워커힐동문,37.55106453,127.10914682
2339,아차산역삼거리,37.55362460,127.08836876
2340,어린이대공원역,37.54726906,127.07417789
2341,건대입구삼거리,37.54638457,127.07628853
2342,잠실대교북단사거리(연등),37.53121437,127.08634339
2343,자양삼거리,37.53805456,127.07709900
2344,건대후문,37.53879236,127.07437790
2345,신자초교입구,37.53320263,127.07570764
2346,신양초교,37.53530621,127.06840046
2347,치과의사회관앞,37.54874763,127.05830155
2348,뚝도아리수정수센터,37.54012329,127.04382754
2349,서울숲입구,37.54181484,127.04427618
2350,경일초교,37.54062358,127.04811713
2351,경동초교(연등),37.54334698,127.04929359
2352,경동초교,37.54419031,127.04956000
2353,뚝섬역앞,37.54674901,127.04878131
2354,응봉교,37.54736479,127.03652492
2358,선사고,37.55660059,127.13514069
2359,삼성아파트삼거리,37.54331373,127.10229801
2360,광장현대8단지,37.54202096,127.09850170
2361,광장자이아파트,37.54267636,127.09429849
2362,구의시장,37.54466578,127.09064121
2363,광진소방서,37.54519531,127.08281022
2364,광진그랜드파크,37.54537580,127.08008904
2365,화양사거리(연등),37.54818693,127.06569582
2366,다산빌딩,37.55010668,127.05463705
2367,성수역,37.54511873,127.05420984
2368,조양시장,37.54081393,127.06799242
2355,코오롱글로벌빌딩앞,37.55817302,127.07702687
2357,고덕역(연등)1,37.55363972,127.15332010
2369,자양초교,37.53765904,127.07895873
2370,구의역3번출구,37.53748966,127.08741047
2371,광진우체국,37.53815307,127.09024748
2372,구의삼성쉐르빌,37.54008793,127.09405571
2373,광남중고교입구,37.53926788,127.09836760
2374,강변역하차장,37.53552415,127.09406109
2375,터미널하차장,37.53437410,127.09263074
2376,비바힐스강변,37.53551736,127.09210887
2377,동서울호텔,37.53453093,127.09172896
2378,성자초교,37.53145782,127.08251379
2379,금당약국,37.53200687,127.07961694
2380,동자초교(연등)1,37.53418234,127.07240469
2381,노룬산시장,37.53608699,127.06544928
2382,경수초교,37.53815002,127.05761069
2383,뚝섬쇼핑,37.53886987,127.05488498
2384,뚝섬쇼핑(연등)2,37.53916439,127.05376099
2385,한진타운아파트,37.54135116,127.04575891
2386,뚝섬체육공원(연등),37.54613111,127.04475710
2387,장미아파트앞,37.54345156,127.04468022
2388,성수2가,37.54026927,127.06290887
2389,성수1차대우아파트,37.54544048,127.06584863
2390,송정건영아파트,37.55493635,127.07121955
2392,월성운수,37.56985827,127.07954958
2393,중곡1동사거리,37.56315936,127.07975707
2394,세종초교,37.55309124,127.07261264
2395,장안초교,37.54979870,127.07088902
2396,중곡역,37.56627510,127.08450360
2397,중곡동주민센터,37.55968490,127.08085663
2398,능동119안전센터,37.55205191,127.07680762
2399,세종대,37.54901124,127.07529352
2400,능동로분수광장,37.54322849,127.07218272
2402,노유육관문,37.53244373,127.06712027
2405,예향교회앞,37.55630049,127.08816094
2406,영화사입구,37.55449024,127.09429267
2407,선화예고,37.54755638,127.08806688
2408,광진경찰서,37.54262637,127.08425459
2409,광진구청,37.53833683,127.08335637
2410,자양아파트,37.53346099,127.08477682
2411,광남초교,37.54066320,127.09999183
2412,현대6단지,37.53863519,127.09388495
2413,테라팰리스건대4차,37.54497411,127.07300112
2414,능동로분수광장(연등),37.54196803,127.07160198
2403,용마맨션,37.56635447,127.08646539
2404,경원탕,37.56051898,127.08563111
2415,시민교회,37.55450623,127.08628345
2416,어린이대공원후문,37.55232646,127.08949181
2417,아차산역,37.55142639,127.08991419
2418,오렌지팩토리앞,37.54907197,127.09279960
2419,센스빌오피스텔,37.54948056,127.05610473
2420,성동세무서,37.54811517,127.06253729
2421,어린이대공원역(연등)1,37.54768672,127.07257689
2422,구의수원지,37.54399600,127.09284374
2423,해성자동차공업사앞,37.54325384,127.06042130
2424,동서울케이블TV앞,37.54282848,127.06186069
2425,조양시장(연등),37.54130956,127.06654034
2426,구의삼성쉐르빌(연등),37.53956864,127.09314676
2427,자양초교(연등),37.53721279,127.08067751
2428,동부지원,37.53788254,127.08906229
2487,뚝섬쇼핑(연등)1,37.53857870,127.05598897
2429,삼성아파트삼거리(연등)1,37.54295112,127.10128371
2430,삼성아파트삼거리(연등)2,37.54387036,127.10316252
2431,성수공고앞(연등),37.54005323,127.05042320
2432,영동대교북단(연등),37.53764759,127.05969646
2433,신양중,37.53664256,127.06341893
2434,신양초교후문,37.53480855,127.07011559
2435,동자초교,37.53437744,127.07168003
2436,신자초교입구(연등),37.53282120,127.07695568
2437,신자초교후문(연등),37.53162662,127.07518389
2438,신자초교후문,37.53055379,127.07485242
2439,뚝섬역(연등),37.54983503,127.04425343
2441,송정건영아파트(연등),37.55645072,127.07206792
2442,성수1차대우아파트(연등),37.54429130,127.06520393
2443,성수2가(연등),37.53939052,127.06236678
2444,국립정신건강센터후문,37.56426665,127.08340067
2449,상왕십리역(연등)2,37.56361141,127.03116849
2450,중곡제일시장,37.56298378,127.08269331
2451,중곡동주민센터(연등)1,37.55836152,127.08016483
2453,국민은행군자역지점,37.55543590,127.07854234
2454,일마트앞,37.55397529,127.07775094
2455,국립정신건강센터정문,37.56516051,127.08667212
2456,중곡사거리(연등)1,37.55864692,127.08777337
2457,중곡사거리(연등)2,37.55773251,127.08791424
2458,우제빌딩,37.54857831,127.08912313
2460,수협구의지점앞,37.54086655,127.08354383
2445,행당삼부아파트105동앞,37.55829501,127.03875359
2446,행당삼부아파트,37.55933858,127.03697900
2447,외환은행성동,37.56225156,127.03394568
2448,교보생명왕십리지점,37.56304668,127.03251001
2461,Y타워앞,37.53943406,127.08322066
2462,자양중입구,37.53480385,127.07616866
2463,이에스에이리버하우스,37.55125290,127.05031400
2464,성수대교북단,37.54399600,127.03621407
2466,예일약국,37.54012217,127.08956139
2467,무학아파트입구,37.56476431,127.02791182
2468,상왕십리,37.56504156,127.02559348
2469,신성그랜드타워,37.56509693,127.08079653
2470,대원고(연등)2,37.56075527,127.08747398
2471,파인힐모텔(연등),37.57001170,127.08614088
2472,혜원약국,37.56865339,127.08278793
2473,뚝섬체육공원,37.54519692,127.04486889
2474,동곡삼거리(연등),37.56209695,127.07526218
2475,중곡동주민센터(연등)2,37.56097859,127.08160307
2476,어린이회관앞,37.54561416,127.07858744
2477,럭키부동산,37.56360195,127.07849001
2478,광남중고교입구(연등),37.53813650,127.09706352
2479,군자교동측,37.55880738,127.07533659
2481,수도약국,37.54492810,127.08845038
2482,성동고교(연등)1,37.56547964,127.02197779
2483,성수근린공원,37.54570803,127.05225094
2484,광진노인종합복지관,37.55105893,127.07114424
2485,신원리브웰,37.54567793,127.07335480
2486,신당중앙시장,37.56569577,127.01968372
2488,자양4동주민센터,37.53414482,127.06795011
2489,광희초등학교앞,37.56706212,127.01610245
2493,씨유청구역점,37.56094533,127.01178563
2494,자바빌딩,37.56203802,127.01038684
2495,성원빌딩,37.55861857,127.01278646
2496,청구동,37.55739008,127.01209558
2498,금호역,37.54826336,127.01581919
2499,약수역(연등),37.55388078,127.01136295
2500,신당119안전센터,37.55311866,127.00942761
2501,서울송도병원,37.55101017,127.00777125
2502,남산정은스카이아파트,37.54960765,127.00749340
2503,버티고개역,37.54775847,127.00651588
2504,청구e편한세상,37.55986148,127.01494198
2490,기동대,37.56805182,127.01477979
2492,흥인초교,37.56133873,127.01440986
2505,신당삼성아파트(연등)2,37.55948551,127.01582981
2506,신당삼성아파트,37.55943009,127.01712045
2507,금호여중(연등)2,37.55921795,127.01886622
2508,금호여중(연등)1,37.55835165,127.01886997
2509,금호여중,37.55802471,127.01907505
2510,대경상고,37.55688235,127.01968297
2511,신금호역,37.55456614,127.02000945
2512,금호벽산아파트,37.55241920,127.02524087
2513,금남시장(연등)2,37.54815857,127.02342750
2514,금호대우아파트,37.54644703,127.01860878
2515,옥수치안센터(연등),37.54409223,127.01543657
2516,옥수치안센터,37.54386646,127.01501904
2517,옥수극동아파트,37.54340630,127.01360014
2518,옥수극동아파트(연등)1,37.54267413,127.01234484
2519,옥정중,37.54112729,127.01114339
2520,옥정중(연등),37.54162125,127.01123207
2521,한남더리버,37.54066232,127.01119208
2522,옥수삼성아파트후문,37.54075620,127.01440806
2523,한남더리버(연등),37.53992349,127.01153332
2524,금호펌프장,37.54481265,127.02444263
2525,금호주유소,37.54662041,127.02514248
2526,응봉마을금고,37.54994643,127.03068579
2527,응봉사거리(연등),37.55381562,127.03359028
2528,무학중학교,37.55797045,127.03121751
2529,행현초교,37.55762204,127.03004413
2530,행당한진아파트(연등),37.55719568,127.02917163
2531,행당한진아파트,37.55673412,127.02818203
2532,행당대림아파트,37.55596867,127.02660051
2533,논골사거리,37.55565475,127.02481663
2534,하왕십리풍림아파트,37.55793548,127.02427159
2535,한양대병원,37.56011023,127.04123241
2536,한양여고,37.56157416,127.04155832
2538,성동노인종합복지관,37.56420160,127.04172020
2539,기업은행마장,37.56679569,127.04404721
2540,마장동주민센터,37.56628306,127.04510472
2542,한양여자대학교,37.55923289,127.05052035
2543,사근삼거리,37.56144170,127.04931501
2544,사근초교앞,37.56393975,127.04823596
2545,마장2교,37.56808901,127.04589489
2546,기업은행마장(연등),37.56747061,127.04497816
2547,마장현대아파트,37.57050964,127.04280544
2548,마장현대아파트(연등),37.57083897,127.04221857
2537,마장동금호아파트,37.56287445,127.04171851
2549,서울시설공단남단,37.57178957,127.03794660
2550,국민은행마장,37.57010455,127.03762707
2551,성동보건소(연등)1,37.56625455,127.03478229
2552,성동보건소,37.56648260,127.03283202
2554,청계벽산아파트,37.56840709,127.03024746
2555,숭신초교앞,37.56723468,127.02766319
2556,왕십리뉴타운,37.56750795,127.02582021
2557,성동종합행정마을,37.56376567,127.03620616
2558,선사초교,37.55569861,127.12954943
2559,살곶이다리,37.55389036,127.04504237
2560,사근램프앞,37.56538491,127.04731057
2561,영동초교,37.52533732,126.90718551
2562,영등포경찰서앞,37.52648206,126.90158976
2563,목동교삼거리,37.53045246,126.88980375
2564,당산동아아파트,37.52841402,126.90578009
2565,영일공업사,37.52713887,126.90563922
2567,당산중(연등)2,37.53258162,126.90458582
2568,당산119안전센터,37.53534394,126.89900268
2569,양평우체국,37.53665486,126.89636705
2570,선유도역(연등),37.53718151,126.89532714
2571,선유도역,37.53788617,126.89395073
2572,양평교,37.53850196,126.89264312
2573,박가부대당산점,37.53465206,126.89675187
2574,웨스턴플레이스,37.52896448,126.89231205
2575,웨스턴플레이스(연등),37.52809606,126.89165854
2576,이엔씨벤처드림타운,37.52654472,126.89108119
2577,남부노동청주차장,37.52470943,126.89204466
2578,롯데마트양평점,37.52633342,126.89241076
2579,남부고용노동지청앞,37.52491990,126.89065065
2580,오목신동아,37.52260957,126.88778294
2581,양평신동아아파트,37.52294942,126.88559121
2582,GS강서타워앞,37.52107353,126.88975073
2583,우리벤처사거리,37.51989487,126.88945285
2584,우리벤처사거리(연등)1,37.51865056,126.88918547
2586,홈플러스입구,37.51727117,126.89463198
2587,진로아파트,37.52019155,126.89533854
2588,영등포구청역,37.52406108,126.89625415
2589,영등포구청앞,37.52598806,126.89666822
2590,영등포구청(연등),37.52924761,126.89820094
2591,당서초교정문,37.53085497,126.89948622
2592,당산중(연등)1,37.53119300,126.90575121
2593,미소로프라자,37.52888055,126.90404066
2594,당산한양아파트,37.52482096,126.90228113
2595,청과물시장,37.52322358,126.90177599
2585,문래공원,37.51473341,126.89391232
2596,영남교회,37.51838407,126.90130592
2597,구로세무서,37.51435485,126.90070122
2598,도림사거리(연등)1,37.50870939,126.89996364
2599,도림교동측,37.51206674,126.89413973
2600,경원스파랜드,37.51897691,126.90961730
2601,경원스파랜드(연등),37.51932732,126.90794178
2602,영등포시장역(연등)1,37.52166923,126.90501569
1732,광동한방병원,37.51453678,127.06181536
1733,구서울의료원(연등)1,37.51490246,127.06420540
1734,국기원입구,37.49900622,127.03101557
1735,국기원입구(연등),37.49963405,127.03303295
1736,고등교육재단,37.50175002,127.03996812
1737,국민은행테헤란로,37.50353529,127.04576113
1738,삼성증권,37.50570473,127.05291489
1739,현대백화점무역센터,37.50777650,127.05952899
1740,강남경찰서,37.50990454,127.06648976
1741,역삼초교(연등)1,37.49357666,127.03176668
1742,역삼초교,37.49406600,127.03341185
1743,역삼세무서(연등)1,37.49460458,127.03515934
1744,신풍제약,37.49521199,127.03694381
1745,강남창업센터,37.49585620,127.03928702
1746,강남창업센터(연등)1,37.49643567,127.04043394
1747,역삼119안전센터,37.49720855,127.04200581
1748,역삼119안전센터(연등),37.49784542,127.04333411
1749,개나리아파트정문,37.49933149,127.04708800
1750,도성초교,37.49993040,127.04900697
1751,도성초교사거리(연등)2,37.50111610,127.05265213
1752,대치4치안센터(연등),37.50202363,127.05533279
1753,대치4치안센터,37.50243958,127.05666228
1754,휘문고정문(연등),37.50389794,127.06116793
1755,휘문고정문,37.50425495,127.06223399
1756,싸리고개공원(연등)1,37.49003758,127.03317564
1757,싸리고개공원,37.49063739,127.03506334
1759,역삼카센터,37.49190810,127.03930259
1760,도곡1동주민센타,37.49240836,127.04087430
1761,도곡1동주민센타(연등),37.49287057,127.04240528
1762,강남세브란스(연등)1,37.49366165,127.04495715
1763,역삼중,37.49555269,127.05067910
1764,역삼중(연등),37.49474493,127.04844334
1765,롯데백화점도곡,37.49685626,127.05465811
1766,롯데백화점도곡(연등),37.49739817,127.05629041
1767,대치삼성아파트앞,37.49824898,127.05886789
1758,싸리고개공원(연등)2,37.49112596,127.03678352
1768,우성2차201동앞(연등),37.49943129,127.06256356
1769,우성2차201동앞,37.50010221,127.06475813
1770,대치우성아파트(연등),37.50135558,127.06861607
1771,매봉터널,37.48835628,127.04981591
1772,도곡역(연등)1,37.48988424,127.05330034
1773,청실종합(연등)2,37.49229218,127.05836529
1774,청실종합,37.49282789,127.05955637
1775,청실종합(연등)1,37.49359123,127.06119825
1776,대치미도아파트,37.49549195,127.06655842
1777,영동2교북단,37.48196978,127.04293850
1778,보석빌딩,37.48356772,127.04443039
1779,독골근린공원,37.48482165,127.04639525
1780,전기공제회관,37.51300062,127.02048545
1781,영동시장,37.50704727,127.02329277
1782,씨티극장,37.50134236,127.02605144
1784,국민은행역삼,37.49519214,127.02895791
1787,툇마루집,37.49727669,127.03187436
1821,강남구청역(연등),37.51614729,127.04165771
1822,주택공사,37.51415920,127.04241060
1823,삼릉치안센터,37.51238651,127.04307229
1824,선릉역(연등),37.50584408,127.04836762
1825,진선여고,37.50294622,127.04975994
1826,역삼영동아파트,37.49878496,127.05170558
1827,역삼영동아파트(연등),37.49753785,127.05225848
1828,연무관앞,37.58378220,126.97260093
1829,한티역(연등),37.49510607,127.05341808
1830,청담2치안센타,37.52250399,127.04826842
1831,청담천주교회(연등),37.52151639,127.04882204
1832,청담천주교회,37.52000094,127.04959250
1833,삼성동센트럴아이파크(연등)2,37.51691512,127.05125958
1834,삼성동센트럴아이파크,37.51505804,127.05225432
1835,은성빌딩,37.51058790,127.05465019
1836,원혜빌딩,37.50841435,127.05577519
1837,포스코사거리(연등),37.50541479,127.05737692
1842,드림타운북문,37.49144048,126.95140952
1788,역삼우체국,37.49571428,127.03263630
1789,역삼금호어울림,37.49269838,127.03408395
1790,압구정현대아파트77동앞,37.53028855,127.02770000
1791,로뎀빌딩,37.52165179,127.02819345
1792,국제기술학교,37.51675120,127.02949565
1793,힐탑호텔,37.51085861,127.03220650
1794,베네치아호텔,37.50613311,127.03448366
1795,베네치아호텔(연등),37.50473635,127.03509703
1838,대치사거리(연등),37.50442421,127.05793047
1839,관악드림타운107동,37.48987821,126.95353064
1840,대치신해청아파트,37.50133933,127.05955078
1841,대치은마아파트,37.49705320,127.06187796
1796,강남제일병원,37.50353242,127.03564188
1797,강남제일병원(연등),37.50212438,127.03629728
1798,삼성저축은행,37.49794753,127.03829778
1799,강남창업센터(연등)2,37.49443069,127.03992778
1800,우리은행역삼,37.49348261,127.04036081
1801,역삼삼익아파트,37.48965995,127.04155041
1802,광성빌딩,37.48367785,127.04212422
1803,태승빌딩(연등),37.52780699,127.03357361
1804,윤당아트홀,37.52592486,127.03332849
1805,삼원가든,37.52315279,127.03323554
1807,강남프라자,37.51309400,127.03543527
1808,아이파크논현,37.51055790,127.03670304
1809,파고다호텔,37.50725331,127.03987282
1810,영동전화국,37.50504385,127.04160714
1811,최규식동상,37.59224868,126.96734547
1812,신봉초교,37.48594779,126.94694592
1813,신봉초교(연등),37.48488912,126.94672970
1814,역삼2지구대,37.50043762,127.04376567
1815,우리은행도곡,37.49665992,127.04557060
1816,강남세브란스(연등)2,37.49552552,127.04608993
1817,한양타운,37.52464920,127.03958055
1818,영동고(연등)1,37.52167177,127.03962012
1819,영동고,37.52064379,127.04001777
1820,영동고(연등)2,37.51924516,127.04051117
1843,구암중학교,37.49228767,126.94896790
1844,관악벽산아파트501동,37.49268026,126.94675502
1845,대치은마아파트(연등),37.49593659,127.06249831
1846,대치선경아파트,37.49198234,127.06450834
1847,한국도심공항입구,37.50939366,127.05855027
1848,우리은행청담,37.52333838,127.05529132
1849,우리은행청담(연등),37.52216991,127.05592929
1850,한전앞,37.51145241,127.06177726
1851,대치쌍용아파트,37.49840041,127.06888795
1852,동호대교밑,37.53121039,127.02464109
1853,수서경찰서(연등)1,37.49295664,127.07738535
1854,수서경찰서,37.49255998,127.07625495
1855,대모산입구역,37.49136055,127.07272546
1856,개포2동주민센터,37.48953779,127.06906028
1857,영동5교,37.48907721,127.06600733
1858,수도공고,37.48716256,127.06183790
1859,개포고교,37.48482702,127.05800769
1860,구룡중,37.48650250,127.05687685
1861,개포우성3차아파트,37.48343931,127.05700686
1862,개포현대1차아파트(연등),37.48221637,127.05531916
1863,구룡초교,37.48105597,127.05374051
1864,개포경남아파트,37.48317762,127.05260334
1865,국민은행개포남지점,37.47876320,127.04748126
1867,성내4교(송파소방서),37.49986106,127.14165439
1868,성내2교,37.49944985,127.14443444
1869,성내5교,37.50127342,127.13733587
1870,성내6교(연등),37.50388433,127.13714306
1871,성내7교,37.50584028,127.13628854
1872,홍연아파트(연등)2,37.57694071,126.93370120
1873,연희지하차도(연등),37.57548827,126.93530912
1874,서울외국인학교,37.57103127,126.93424114
1875,국민은행신촌,37.55600633,126.93688004
1876,에쓰오일,37.44984019,126.90242391
1877,중동초교사거리,37.56590909,126.91122856
1878,성산1교(성산1교서측),37.56382662,126.90314473
1879,성산모터스(연등)1,37.55382842,126.91691140
1880,독산현대아파트입구,37.46654042,126.89467742
1881,독산사거리(연등),37.47151236,126.89725493
1882,가리봉치안센터,37.47872637,126.89360918
1883,신림1파출소(경보),37.47911746,126.92608295
1884,양화진공원,37.55034122,126.90812655
1885,성서초교입구(연등)2,37.55881100,126.91189148
1886,성서초교입구(연등)1,37.55858339,126.91073371
1887,신수천주교회,37.54738669,126.93431382
1888,마포자이아파트,37.54403216,126.94648039
1889,망원2빗물펌프장(경보),37.55143433,126.90290523
1890,삼익아파트앞,37.52074128,126.93430377
1891,명화나이트,37.52123831,126.91216074
1895,당산중(경보),37.53213070,126.90656685
1896,여의도치안센터(연등)1,37.51875803,126.93391728
1897,여의도주유소(연등)3,37.53012435,126.92714755
1898,여의도주유소,37.53077765,126.92544158
1899,여의도수영장,37.53117116,126.92545933
1900,여의도주유소(연등)2,37.53109605,126.92454528
1901,LG빌딩,37.52782041,126.92782225
1903,여의도공원,37.52423118,126.92181672
1904,서강대교남단(연등),37.53154484,126.92109121
1892,한강성심병원,37.52324438,126.91079644
1893,서울시의사회,37.52753881,126.90841864
1894,삼성래미안3차아파트(연등),37.53063649,126.90721094
1905,88골프연습장,37.51912236,126.93729202
1906,여의도고교,37.52434350,126.93445901
1907,여의도고교(연등),37.52370629,126.93343091
1908,순복음앞고수부지,37.53179151,126.92340651
1909,둔치주차장,37.53387477,126.91477375
1910,국회동문,37.53299105,126.91801366
1911,국회북문,37.53342546,126.91569473
1912,국회서문-남문,37.52950477,126.91247320
1913,여의2교,37.52573875,126.91099038
1914,수출입은행뒤,37.52947045,126.92351288
1915,국민일보앞(연등),37.52932373,126.92592036
1916,국민일보앞,37.52849337,126.92440932
1917,여의도우체국,37.52303470,126.92635931
1918,63빌딩(연등)2,37.51975023,126.94091985
1919,여의도성모병원,37.51801868,126.93871995
1920,여의도삼부아파트,37.52541395,126.93022619
1921,여의도수정아파트(연등)1,37.52325729,126.93276022
1922,국회도서관,37.53030792,126.91903719
1923,동산교회(연등),37.47863187,126.93065339
1924,광장아파트,37.52072570,126.92268652
1925,국민은행여의도(연등)1,37.52137310,126.92967178
1926,여의도수정아파트(연등)3,37.52283541,126.93199967
1927,국민은행여의도,37.52073304,126.92864121
1928,여의도자이아파트앞,37.51847081,126.92502783
1929,윤중중교앞,37.51798188,126.92429586
1930,KBS별관,37.51853844,126.93078572
1931,여의도수정아파트(연등)2,37.52088155,126.93183433
1932,한국노총회관,37.52185799,126.92749648
1933,국민은행여의도(연등)2,37.52029148,126.92794725
1934,여의지구대앞(연등)3,37.52714410,126.92240789
1935,여의지구대앞(연등)1,37.52602069,126.92057828
1936,여의지구대앞,37.52551701,126.91977888
1937,여의도공원삼거리,37.52487680,126.91864803
1938,여의도공원삼거리(연등),37.52443477,126.91804783
1939,당고개주유소,37.66899784,127.08010035
1940,난우초교,37.47607738,126.91765323
1943,월드메르디앙,37.47939607,126.87926161
1944,은행나무오거리,37.45111031,126.90863596
1945,거여치안센터,37.49569223,127.14557492
1947,월드컵남문,37.56684721,126.89520915
1941,난곡우체국앞(연등),37.47787735,126.91651424
1948,포이사거리,37.47829971,127.04455965
1949,천왕역,37.48657889,126.83885477
1950,천왕역(연등),37.48693824,126.83854052
1951,종로프라자약국,37.48163342,126.90559516
1952,계남초교,37.51091496,126.86060833
1953,고척119안전센터(연등)1,37.50444905,126.85417034
1955,천호사거리,37.53866160,127.12340076
1956,신안인스빌,37.51407092,126.88736602
1957,제니코,37.51510684,126.88779911
1958,근로자회관,37.51722580,126.88877474
1959,경찰청아파트,37.51637091,126.89068686
1960,경찰청아파트(연등),37.51574845,126.89192240
1961,문래삼환아파트,37.51390628,126.89038049
1962,신정교,37.51643257,126.88229832
1963,롯데삼강,37.51793677,126.88434411
1964,영등포고가입구,37.51304482,126.90896231
1965,페어필드바이메리어트,37.51733267,126.90926987
1966,신정3동현대아파트,37.50848060,126.84091756
1967,계남공원,37.50994710,126.85811245
1968,선암IC(연등)1,37.45935885,127.01857817
1969,식유촌마을,37.45738275,127.01294284
1970,구룡사앞,37.47145743,127.05117317
1971,법원정문,37.49291260,127.01107683
1972,뉴코아아울렛,37.50887114,127.00814510
1973,쌍용남부자동차검사소,37.48781679,127.01273599
1974,국악고교앞,37.47371528,127.04868892
1976,영광빌딩,37.47583740,127.04653551
1977,개포도서관,37.48196180,127.06145936
1978,구룡마을입구,37.47922779,127.06479992
1979,경기여고,37.48609826,127.06752570
1980,개포디에이치아너힐즈,37.48430320,127.06848313
1981,개포프레지던스자이,37.48252921,127.07020150
1982,공무원연금매점,37.48875406,127.07416600
1983,일원터널,37.48608317,127.07552189
1984,영희초교,37.49103519,127.08076171
1985,대청초교정문,37.49269919,127.08733226
1991,왕북초교,37.48579125,127.08618256
1992,대왕중교,37.48365846,127.08664705
1993,대모초교,37.48157578,127.08564691
1994,태화복지관앞,37.48444096,127.09297589
1995,궁마을삼거리,37.48570949,127.09790896
1996,수서역공영주차장,37.48692449,127.10025106
1997,수서역,37.48732211,127.10174202
1998,수서역(연등)1,37.48854514,127.10011361
1999,수서역(연등)2,37.48762980,127.10263932
1986,일원1동주민센터,37.49069493,127.08831321
1987,중산고교입구(연등),37.48680080,127.08279939
1988,중산고교입구,37.48552720,127.08331650
1989,대모산입구,37.48265639,127.07990564
1990,일원역,37.48324920,127.08381812
2000,쟁골마을,37.48224900,127.10480980
2001,자곡사거리,37.47555837,127.10628622
2002,방죽마을사거리,37.47154976,127.10732420
2003,은곡사거리,37.46532273,127.10160483
2004,세곡삼거리,37.46652603,127.11824256
2005,성모재활원,37.19822282,127.53149518
2006,탄천1교,37.49950302,127.08019385
2007,대청역,37.49363472,127.07953764
2008,영희초교(연등),37.49171603,127.08227291
2009,서울놀이마당앞,37.50996596,127.09747510
2010,우면삼거리(연등),37.48299956,127.01755548
2011,남부터미널(연등)2,37.48415796,127.01684346
2012,잠실3삼거리,37.51025960,127.09318230
2013,잠실3단지동문,37.50934100,127.09228616
2014,석촌호(연등),37.50646106,127.09872779
2015,석촌호,37.50655294,127.09730085
2016,레이크팰리스상가,37.50726225,127.09262289
2017,잠실학원사거리,37.50754593,127.09073848
2018,트레지움서문,37.50926276,127.08655876
2019,잠실지구대,37.51173288,127.08251536
2020,권세교회,37.50439738,127.09712454
2021,배명사거리,37.50246548,127.09695258
2022,삼전동우체국,37.50254313,127.09527777
2024,잠실병원,37.50363037,127.09050608
2025,잠실학원사거리(연등),37.50604980,127.08947598
2026,삼전사거리,37.50434235,127.08797150
2027,잠실현대아파트(연등),37.50481367,127.08644059
2028,잠실현대아파트,37.50529079,127.08471012
2030,반포래미안아이파크정문,37.50132025,127.01197283
2031,아시아선수촌아파트,37.50675002,127.07949344
2033,아시아선수촌정문,37.50977327,127.07881419
2034,잠실토끼굴,37.51540210,127.07743032
2035,잠실토끼굴(연등),37.51662407,127.07745264
2036,뚝방길삼거리,37.49616794,127.09890668
2037,배명중(연등)1,37.49784923,127.09670663
2038,배명중(연등)2,37.49846392,127.09666923
2029,아시아선수촌아파트(연등),37.50627839,127.08122942
2040,탄천2교,37.50429186,127.07628297
2041,아주초교,37.50551292,127.07502048
2042,정신여고,37.50943072,127.07412351
2043,삼성교동측,37.51059696,127.07068438
2044,인재개발원(연등)1,37.48285384,127.02181020
2045,봉은교,37.51571142,127.06984489
2046,가락시장입구,37.49582962,127.10898801
2047,탄천교,37.49423122,127.10393849
2048,GS마트입구,37.49195880,127.11659406
2049,롯데마트송파점(경보),37.49117029,127.11700230
2050,GS마트입구(연등),37.49139197,127.11485303
2051,가락시장남2문,37.49041583,127.11158055
2052,광평교,37.48966368,127.10918638
2053,훼미리아파트112동,37.48783872,127.11850781
2054,훼미리아파트234동,37.48617546,127.11361753
2055,개포중,37.48040996,127.06329923
2056,반포IC,37.50338556,127.01694082
2057,서초1동주민센터,37.48968254,127.01886846
2058,교대정문,37.48898922,127.01658035
2059,사랑하는교회,37.49030192,127.02097064
2060,사랑하는교회(연등),37.49072168,127.02234394
2061,서이초교(연등)1,37.49150842,127.02489456
2063,동대문주차장,37.56790459,127.01238050
2064,구서울의료원,37.51525008,127.06600079
2065,서초삼성스위트아파트(연등),37.49405607,127.02559406
2066,선릉공원앞,37.50705396,127.04710068
2067,코엑스서문,37.51176865,127.05724161
2068,박석고개(연등),37.62591289,126.92009596
2070,역촌역(연등),37.60544937,126.92257061
2071,구산중(연등),37.60756353,126.91075749
2072,갈현중앙교회(연등)1,37.61590888,126.91367203
2073,갈현초교(연등)1,37.61805464,126.91504232
2074,갈현초교(연등)2,37.62017955,126.91613468
2077,불광초교(연등)1,37.61245211,126.93194668
2078,불광초교,37.61210489,126.93181501
2079,해성마트,37.61292437,126.91398152
2081,서이지구대,37.49252885,127.02827313
2082,대도초교,37.49333455,127.05426990
2083,대한도시가스,37.49834379,127.07611762
2085,율현삼거리,37.46767535,127.12038340
2086,청담초교(연등),37.52657995,127.04549118
2087,복정역,37.47075250,127.12675605
2088,탄천2교(연등),37.50512702,127.07736267
2089,장지교,37.47583837,127.12707326
2090,구리판교밑,37.47522030,127.13069961
2092,장지역,37.47938522,127.12584734
2093,건영아파트앞,37.48253496,127.12423019
2094,문정역,37.48607139,127.12241639
2095,올림픽훼밀리타운,37.48875675,127.12103995
2096,가락시장동문,37.49499801,127.11643721
2097,가락시장동문(연등),37.49418423,127.11721028
2098,가락시장,37.49773906,127.11400366
2099,신가초교앞,37.50031206,127.11877392
2100,경찰병원,37.49496849,127.12331024
2101,문정동현대아파트,37.49151180,127.12627097
2102,문정초교,37.49000870,127.12839484
2103,문정중교,37.48832244,127.13094767
2104,문덕초교,37.48630128,127.12661979
2105,건영아파트,37.48280206,127.12642519
2106,개롱근린공원,37.49328048,127.12961671
2107,문정프라자아파트,37.49055955,127.13357243
2108,송파중교,37.49575443,127.13096764
2109,개롱역,37.49844666,127.13407694
2110,송파경찰서,37.50199602,127.12813877
2111,성동구치소,37.49935683,127.12614784
2112,오금현대1차아파트,37.50336908,127.12602562
2113,미성아파트앞,37.50602849,127.12102447
2114,방이역,37.50860774,127.12599967
2115,올림픽공원남4문,37.51631273,127.11594858
2116,남2문,37.51404609,127.12263734
2117,거여역,37.49303466,127.14438174
2118,마천사거리,37.49799653,127.14657519
2119,성내1교,37.50137680,127.14813374
2120,석촌호수북단,37.51111303,127.10180681
2121,송파구청,37.51546042,127.10670475
2122,KT앞삼거리,37.51381993,127.10733158
2123,풍납사거리,37.52801102,127.11914175
2124,영파여중고앞,37.53307356,127.12139556
2125,한남광장,37.54718121,127.00293672
2126,아시아선수촌정문(연등),37.50888612,127.07904405
2127,동양종합금융증권,37.49385747,127.12130405
2128,가락대림사거리,37.49807355,127.12065082
2129,방이사거리(연등),37.50926295,127.11406449
2130,방이2동주민센터,37.51459521,127.11489713
2134,오금공원,37.50577837,127.13173491
2135,백토공원,37.50740825,127.13283564
2136,선수촌아파트,37.51047492,127.13119147
2137,방이초교(연등),37.51267876,127.11976040
2138,방이초교,37.51311844,127.12005016
2139,방이수협,37.51000010,127.11809741
2140,방이시장,37.51193581,127.11322019
2141,송파초교,37.50887572,127.11130787
2131,진주아파트16동앞,37.51628593,127.10905815
2132,잠실장미쇼핑,37.51777823,127.10270761
2133,홈플러스잠실점,37.51680577,127.10324001
2142,송파여성문화회관,37.50634783,127.10893314
2143,가락한양2차아파트,37.50435987,127.11459551
2144,우리은행송파,37.50296604,127.11265368
2145,경찰병원후문,37.49669633,127.12491564
2146,가동초교,37.49739719,127.12877351
2147,가락5차51동앞,37.49953705,127.13209518
2148,오금동근린공원,37.50020359,127.13628778
2149,오금동근린공원(연등),37.49950421,127.13544575
2150,오금초교,37.50922648,127.13101241
2151,동양시스템(연등),37.50786091,127.12782820
2152,인애가병원,37.50476808,127.13459016
2153,성내6교,37.50416619,127.13634118
2155,송학빌딩,37.50101367,127.14220219
2156,명성스텐,37.49755057,127.14048191
2157,영풍초교,37.49421854,127.14207810
2159,거여어울림102동앞,37.49210982,127.14400065
2160,성덕교회,37.49291888,127.14747646
2161,송파상운,37.49273782,127.15128685
2163,윤호약국앞사거리,37.49549291,127.15019223
2164,거여119안전센터,37.49414197,127.15160635
2165,신한은행마천,37.49719515,127.14773286
2166,남천초교,37.50023914,127.15124993
2167,마천삼익아파트,37.49916907,127.15402958
2168,마천우방아파트,37.49971679,127.15206999
2169,마천금호어울림1차,37.49760622,127.15421226
2170,마천1치안센터,37.49587417,127.15442467
2172,마천청소년센터,37.49224701,127.15643381
2173,행복한치과,37.49432317,127.15549551
2174,송파사거리(연등),37.50032159,127.11163897
2175,선일농원,37.51276579,127.14209650
2176,잠실파크리오201동앞,37.51911094,127.10804541
2177,풍납2동주민센터,37.52878608,127.11721726
2178,토성초교,37.53025611,127.11387322
2179,강동구청역,37.53071338,127.12062984
2180,서울공업사(연등)1,37.53417916,127.12180220
2181,서울공업사,37.53529495,127.12221257
2182,서울공업사(연등)2,37.53665469,127.12270086
2183,풍납초교,37.53420740,127.11739969
2184,재활용알뜰장,37.49360625,127.13704626
2185,문정시영아파트,37.49216730,127.13540913
2186,인애가송파병원,37.48726984,127.12977693
2187,인애가송파병원(연등),37.48670198,127.12882069
2188,건영아파트(연등),37.48439241,127.12621437
2189,문정초교(연등)1,37.48867697,127.12776663
2190,개롱근린공원(연등),37.49247254,127.12807451
2191,송파중교(연등),37.49475822,127.13040034
2192,래미안파크팰리스,37.49711792,127.13256415
2193,거여동사거리(연등),37.49644735,127.13787123
2194,개롱역(연등)1,37.49766822,127.13559340
2195,코오롱,37.50969095,127.12347114
2196,코오롱(연등)1,37.50919142,127.12464707
2197,방이삼거리(연등),37.51131184,127.10976742
2198,거여아파트단지,37.48976029,127.14495143
2199,거여라이프아파트,37.49019840,127.14327268
2200,남천초교(연등),37.50125875,127.14933118
2201,동북고입구,37.51922822,127.13890277
2202,둔촌사거리,37.52144356,127.13382092
2203,올림픽공원북2문,37.52400145,127.12797971
2204,호원아트홀,37.52663074,127.13009318
2205,둔촌동역,37.52881082,127.13662330
2206,둔촌아파트입구삼거리,37.52367768,127.13468254
2207,둔촌종합상가,37.52560219,127.13544699
2208,천동초교입구,37.54097555,127.14116474
2209,굽은다리역,37.54634630,127.14314594
2210,동부기술교육원,37.55473828,127.14443415
2211,선사사거리,37.55476651,127.12919982
2212,암사역,37.55013540,127.12755173
2213,천호동공원,37.54547946,127.12587048
2214,광진교남단사거리,37.54126108,127.12436514
2215,강동성심병원,37.53529565,127.13430849
2216,길동현대병원,37.53514594,127.13899534
2217,강동성심병원입구,37.53680146,127.13503907
2218,길동시장,37.53465045,127.13637145
2219,길동초교(연등)1,37.53790948,127.14001388
2220,길동초교,37.53695104,127.13968031
2221,보훈병원입구,37.53373847,127.14067357
2222,둔촌고교입구,37.53521664,127.14532122
2223,생태공원앞,37.53820068,127.15232806
2225,방아삼거리,37.52373643,127.14653058
2226,방아삼거리2,37.52586465,127.14737952
2227,신성아파트,37.52654255,127.14473359
2228,보훈병원(연등)1,37.52976338,127.14294239
2229,둔촌주공아파트,37.52734259,127.14196691
2231,신명초교입구,37.54065955,127.14700231
2233,한영중고교앞,37.54919802,127.15617480
2224,길동생태공원,37.54025384,127.15324071
2232,대명초교입구,37.54620970,127.15595034
2234,한영중고교입구,37.54742512,127.15605485
2235,E-마트,37.55538884,127.15656704
2236,고덕역,37.55494416,127.15329954
2237,묘곡초교,37.55878590,127.15154734
2238,광문고교,37.56056094,127.15683961
2239,공무원아파트,37.55757146,127.15670674
2240,상일동역,37.55660997,127.16543343
2242,고덕천사거리,37.55719085,127.17132985
2243,상일시장,37.55705306,127.16872672
2244,상일IC,37.54697806,127.17357949
2246,늘푸른교회,37.54596891,127.17106781
2247,상일동아아파트,37.54565788,127.16704175
2249,고덕아르테온301동앞,37.55374472,127.17220358
2250,고덕자이아파트앞,37.55105738,127.17281741
2251,고현초등학교삼거리,37.55344925,127.16520254
2252,강동고교입구,37.55051882,127.16529820
2253,강동아트센터,37.55168751,127.15631631
2254,대명초교앞,37.54659493,127.15252197
2255,고덕현대아파트,37.54916216,127.15263746
599,서울교대,37.48837993,127.01459727
600,세곡동사거리,37.46474718,127.10826699
609,구산사거리,37.61374954,126.91162487
610,서울혁신파크정문,37.60701489,126.93306481
611,시청,37.56395767,126.97692494
612,퇴계로5가,37.56320051,127.00257411
613,숙명여대입구(연등),37.54420234,126.97072971
614,학동,37.52316816,127.03913163
615,여의도수정아파트,37.52204284,126.93075492
616,구반포삼거리,37.50127880,126.98669772
617,대치우성아파트,37.50099730,127.06744672
618,구산치안센터,37.61214533,126.91136700
619,광산사거리,37.64318201,127.02233476
620,국립재활원,37.63997331,127.01220961
621,광운대입구,37.61760306,127.05656270
622,동묘앞역,37.57302555,127.01567678
623,광교,37.56905191,126.98275095
624,퇴계로4가,37.56227016,126.99853254
625,숭례문,37.56042729,126.97571741
628,도곡역,37.49091782,127.05537284
629,교대입구,37.48699504,127.01002747
630,구로전화국,37.47989881,126.90398626
631,금천구청입구,37.45719599,126.89960440
633,광운초교앞사거리,37.61943979,127.05344476
634,월곡역,37.60223776,127.04165058
626,몽촌토성역,37.51749142,127.11259661
627,구로구청구의회,37.49525473,126.88882244
632,숭미초교,37.65066222,127.02865491
635,서울시립대앞,37.58339572,127.05358720
636,하이웨이주유소,37.55508982,126.85473609
637,성산초교앞,37.55423514,126.91164692
638,성수사거리,37.54213684,127.06397891
639,구로역,37.50301488,126.87980746
640,숭실대입구역,37.49550969,126.95433207
641,고대구로병원,37.49308337,126.88340645
642,남구로역,37.48497218,126.88611464
643,구로디지털단지입구,37.48258609,126.90121021
644,하계역,37.63596105,127.06821308
645,청계한신휴플러스,37.57192974,127.04417591
7480,양화대교북단램프1(연등),37.54779085,126.90915115
647,광희동사거리,37.56422358,127.00718059
648,퇴계로2가,37.56119046,126.98905093
649,충무로역,37.56108271,126.99326075
650,국립극장앞,37.55122805,127.00058567
651,아차산역사거리,37.55008559,127.09086770
652,구의사거리,37.54508155,127.08530100
653,성수대교남단,37.52917569,127.03377760
654,한강대교북단,37.52241986,126.96177659
655,국립현충원,37.50388526,126.97563823
656,구로소방파출소,37.49425097,126.88294240
657,시립동부병원앞,37.57392977,127.03064998
658,광장사거리,37.54508240,127.10429415
659,법원검찰청,37.49367931,127.01369637
660,시흥사거리,37.45475383,126.90051543
661,구수동사거리,37.54548536,126.93188326
662,상왕십리역,37.56412745,127.03007163
663,한강중교앞,37.52570619,126.99183964
664,디지털단지오거리,37.47937224,126.88986180
665,금천우체국,37.46956807,126.89799574
666,AT센터,37.46864352,127.03984704
667,기아대교앞,37.43875779,126.90314892
669,시청뒤,37.56697661,126.97918600
670,국일관,37.57030782,126.98974422
671,세운상가,37.57057963,126.99537569
673,운니동,37.57566666,126.99063341
674,안국역,37.57685471,126.98621466
675,안국동사거리,37.57550533,126.98299434
676,경복궁,37.57584831,126.97938798
677,광화문,37.57548335,126.97690237
678,정부서울청사,37.57574606,126.97434749
672,종묘입구,37.57256466,126.99155072
679,경복궁역,37.57590957,126.97262746
680,효자동삼거리,37.58352343,126.97368314
681,신교동,37.58384474,126.97039582
682,조계사앞,37.57201194,126.98302081
683,강북청년창업센터,37.56403096,126.90710701
684,팔판동,37.58106932,126.98023965
687,청구성심병원,37.62109542,126.91998402
688,청운실버센터,37.58638673,126.97283343
691,연신종로약국(연등),37.61977840,126.92295168
692,연신내로데오(연등),37.61845442,126.92017491
693,영보빌딩은평,37.61642074,126.91883651
694,신사오거리(연등)1,37.59969544,126.91682359
695,은혜산부인과,37.60786404,126.92478071
696,교육개발원입구,37.47810715,127.03862125
697,역말사거리(연등)1,37.60579599,126.91449265
698,서부새생명약국(연등)2,37.60697264,126.91918404
699,은평노인복지회관(연등)1,37.62982139,126.92923100
700,은평노인복지회관,37.63210023,126.93133560
701,신도초교정문,37.63263948,126.92966782
7482,양화대교북단램프2(연등),37.54746897,126.90948146
7506,우이교회(연등),37.63831718,127.01711325
7507,한성고등학교,37.55889811,126.95550883
7513,희성교회(연등),37.55796666,126.91336349
707,녹번초교,37.60352899,126.92540193
708,연남교,37.56735820,126.91681938
7521,강남데시앙포레106동,37.48160107,127.08929803
710,정부서울청사별관,37.57410941,126.97446661
711,서울경찰청(연등),37.57421431,126.97214359
712,신사동고개,37.59783053,126.91014692
713,응암대림시장,37.58828521,126.91678225
714,그랜드힐튼호텔,37.58829856,126.93595112
7522,방죽1시니어센터,37.47086984,127.10616040
716,조계사,37.57394539,126.98292944
717,낙원상가,37.57354111,126.98762922
718,탑골공원(연등),37.57261486,126.98785268
719,교동초교,37.57497454,126.98683420
720,팔판동(연등),37.57999265,126.97995362
721,연풍문,37.58381893,126.97630468
724,청계광장,37.56922008,126.97702118
725,와산교,37.58870467,126.91303889
726,구기터널,37.60846807,126.95671437
727,신진학원,37.59770898,126.92033859
728,응암시장,37.59387090,126.91805620
7524,아이파크2차정문,37.47997604,127.14440335
722,신사중앙의원,37.59632791,126.90924082
723,신성아파트101동,37.59217197,126.90650013
730,통인교차로,37.57945386,126.97134977
731,통인시장,37.58146099,126.97086422
732,청운초등학교앞,37.58503458,126.97019188
733,경기상고,37.58880942,126.96865397
734,청운중,37.58826072,126.97232851
735,최규식동상(연등),37.59254828,126.96581674
736,합청,37.57938057,126.97382367
7528,신트리119안전센터,37.51084227,126.84772336
738,응암대림시장(연등)1,37.58897055,126.91697458
739,북가좌오거리,37.58084721,126.91201629
740,명지중고교,37.58288180,126.92558366
741,연희우체국,37.56910093,126.93179117
742,서대문소방서,37.57305680,126.93556529
743,연희지하차도,37.57639014,126.93545600
744,연희성모의원(연등),37.57513957,126.92667420
746,LG베스트샵수색점,37.58315707,126.89371323
747,두빌빌딩,37.57894724,126.90087377
748,마포구청,37.56540917,126.90148722
750,북가좌요진아파트,37.57238757,126.90843749
751,서울창업허브,37.54484496,126.94887213
753,서대문우체국(연등),37.56318555,126.93069306
754,한겨레신문사,37.54753237,126.95825383
755,서울역서부,37.55705502,126.96879136
756,굴다리입구,37.56038485,126.94041689
757,명물거리,37.55911566,126.94037599
758,하나은행연희,37.56684681,126.93091216
759,연남동,37.56213417,126.92739429
760,성산119안전센터,37.57027662,126.90313508
761,성산2동주민센터입구,37.56814594,126.90793243
762,봉원사입구,37.56659799,126.94678306
763,광흥창역,37.54750355,126.93134371
764,세검정,37.59998209,126.95794596
765,명성학원,37.60120556,126.93178842
766,은평터널,37.59081883,126.90519896
767,방배3치안센터,37.47788881,127.00001557
769,일영송추사거리,37.64509712,126.92130937
771,연신초교삼거리(연등)1,37.62605687,126.92901359
772,갈현교회,37.62210285,126.91680816
774,갈현중앙교회,37.61643813,126.91428061
775,갈현중앙교회(연등)2,37.61503253,126.91282007
778,806전투경찰대,37.61909221,126.90565399
779,은평중,37.61049192,126.91117182
768,영천시장,37.56976763,126.96283551
776,선정중고입구(연등),37.61617349,126.90773988
780,구산중,37.60912714,126.91096282
781,대호아파트,37.61587274,126.93293749
782,한전성서지점,37.60579074,126.93409704
783,대성주유소,37.60394592,126.93489173
784,정원여중입구,37.58650533,126.93486071
786,은평구의회,37.60142873,126.92937940
787,응암1동경향렉스빌,37.60106443,126.92512549
788,본서부병원(연등)1,37.60021690,126.92106544
789,신사1동주민센터,37.59830275,126.91196360
790,명남아파트(연등),37.59534048,126.91059775
791,새절역(연등),37.59338425,126.91305783
792,청운아파트,37.59576314,126.91485786
793,풍천장어,37.59114517,126.91590659
794,응암3동주민센터입구,37.59187942,126.91762050
795,밝은문아파트,37.59484408,126.91829284
796,백련산SK뷰아이파크(연등),37.59594600,126.91911137
797,신진학원(연등),37.59848850,126.92090920
798,산울림소극장,37.55470954,126.93016985
799,신촌현대백화점,37.55599704,126.93441066
800,르메이에르5차(연등),37.55631102,126.94049711
801,아현동고개,37.55693114,126.94847378
802,서강치안센터,37.55396677,126.93506035
803,창전삼거리,37.55168957,126.93281754
804,공덕초교,37.54676542,126.95309302
805,마포경찰서,37.55052300,126.95520147
806,서부지청,37.54901795,126.95449146
807,독막길입구,37.54283267,126.94887800
808,사랑의전화,37.54456232,126.95475199
809,공덕동주민센터,37.54974586,126.96039464
810,용산청소년쉼터,37.55298911,126.96418995
811,만리시장,37.55194297,126.96295328
812,상공회의소,37.55980886,126.97391585
813,자하문터널북단,37.59520688,126.96367929
814,하림각,37.59781937,126.96261278
816,유원하나아파트,37.59551390,126.95161357
817,홍은대교,37.59753583,126.94646264
821,백련교,37.58277558,126.93743753
822,신연중,37.58394665,126.94125420
823,라이온스톤오피스텔,37.57220577,126.92911193
824,연남동하모니마트,37.56352145,126.92566553
825,동교로사거리,37.55601911,126.92054486
826,청기와예식장,37.55754232,126.91876506
818,홍제교,37.59180887,126.94467578
819,문화촌성결교회,37.59287039,126.94735169
820,홍은2동주민센터,37.58011595,126.93380301
827,을지로3가역,37.56622708,126.98974153
828,증산3교남단,37.57991678,126.90660475
829,백련산힐스테이트310동,37.58895951,126.92271930
830,백련산힐스테이트204동,37.59066484,126.92283846
831,응암2동주민센터,37.59426717,126.92301464
832,응암푸르지오(연등)1,37.59712496,126.92423782
833,소년의집입구,37.59966904,126.92664784
834,가좌전화국,37.58380821,126.91421641
835,북가좌삼호아파트,37.57656963,126.91131757
836,DMC아이파크(연등),37.57522095,126.91457606
838,인우아파트,37.58234774,126.90795883
839,신사미성아파트,37.59025766,126.90948776
840,증산초교,37.58232934,126.90539820
841,안디옥교회,37.59037278,126.91341722
842,디지털미디어시티역,37.57817037,126.90170338
843,수색디지털프라자,37.58072622,126.89780034
844,수색서광빌딩,37.58402522,126.89167279
845,수색초교입구,37.58399247,126.89758482
846,상신중,37.59056356,126.90637638
847,그랜드힐튼호텔(연등),37.58895461,126.93670991
848,송림기사식당,37.57328234,126.92285708
849,은평문화예술회관,37.60340392,126.92718297
850,정우베스트빌,37.58160354,126.91433708
851,DMC두산위브아파트,37.58000239,126.91621986
852,연가초교(연등),37.57929950,126.91719895
853,중심교회,37.60519731,126.92870003
854,승암교,37.59678479,126.95650483
855,응암초교,37.58793204,126.91994465
856,교육연구정보원(연등)2,37.55478646,126.98074642
857,단암빌딩,37.55850732,126.97601074
858,세브란스빌딩,37.55664706,126.97430128
860,불천어린이공원,37.59697904,126.94761637
861,홍은IC진입로,37.59441896,126.94825563
862,국민연금북부,37.56113259,126.96348646
864,고은초교,37.58495595,126.94428397
865,평창힐스,37.60744246,126.97201940
866,귀빈빌딩,37.60925796,126.97399207
867,가나아트홀,37.61005467,126.97582422
868,신영소방서,37.60583143,126.96061797
863,평창치안센터,37.60569494,126.96704277
869,독립문삼호아파트,37.57137688,126.95899466
870,독립공원,37.57661820,126.95563618
871,부암동주민센터(연등),37.59283637,126.96447686
872,현대유플렉스,37.55725338,126.93691803
873,경찰청정문,37.56376223,126.96833961
874,대흥주유소,37.54535206,126.93967995
875,덕은교,37.59098709,126.88258636
876,월드컵파크1단지,37.57576251,126.89474192
878,난지천공원입구,37.57742084,126.88092469
879,향동리입구,37.58927664,126.88453695
880,염리초교입구,37.54336565,126.94778142
881,태성빌딩,37.55077566,126.92123243
882,대흥동우편취급국,37.54700853,126.94395745
883,홍대클럽거리,37.55072239,126.92303445
884,서강초교,37.54769678,126.92509306
885,연남코오롱아파트,37.56321174,126.92113581
886,이조빌라,37.56506334,126.91963968
887,신촌전화국,37.55798181,126.92302393
888,연남치안센터,37.56001549,126.92380611
889,혜당한방병원(연등),37.54863425,126.91484006
890,혜당한방병원,37.54831797,126.91648286
891,희성교회,37.55700673,126.91411144
892,성미산약수터,37.56256784,126.91420033
893,내고향풍천장어,37.55529481,126.91792557
894,성산모터스,37.55492582,126.91574054
895,망원정사거리,37.55211364,126.90484426
896,하모니마트,37.55260881,126.90655724
897,신수동사거리,37.54506681,126.93424546
898,마포노인종합복지관,37.54928515,126.93193923
899,하중동사거리,37.54554217,126.93068048
900,성원초교,37.56746925,126.90443317
901,상암초교,37.57713114,126.89239006
902,성서초교입구,37.55891341,126.91258890
903,중암교,37.57230448,126.90044523
904,상장회사회관,37.54509836,126.94459276
905,마포태영상가,37.54594019,126.94287222
906,홍익산부인과,37.54784880,126.92004953
907,당인리발전소,37.54790558,126.91838234
908,망원초교,37.56000676,126.90268919
910,상암휴먼시아아파트,37.57519719,126.89576637
911,신북초교,37.57134741,126.90429167
912,홍익병원,37.52985198,126.86398107
914,대흥치안센터,37.55341800,126.94593665
915,신공덕삼성아파트,37.54182541,126.95572421
909,하나은행망원,37.55725886,126.90445264
916,서교천주교회,37.55363642,126.92832643
917,마포구치매지원센터,37.55010340,126.94390212
918,신수동성원아파트,37.54731980,126.93704851
919,용강동,37.54274643,126.94364859
920,염리초교(경보),37.54241442,126.94682244
921,엠팰리스웨딩홀,37.54113861,126.94184192
922,용강동주민센터,37.54184402,126.94079183
923,성산대교북단(경보),37.56013871,126.89636700
924,마포소방서,37.54995394,126.93298255
925,서교동,37.55405248,126.91998863
926,신덕성결교회,37.54564538,126.95609807
927,망원교회,37.55641333,126.90043577
928,망원지구대,37.55396500,126.90208764
929,신수동서강빌딩,37.54916334,126.93912518
930,월드컵경기장사거리,37.56769826,126.89362575
931,월드컵정문,37.56887464,126.89473312
932,망원역,37.55595857,126.91021247
933,평화의공원,37.56580190,126.89193805
934,아세아빌딩,37.57452389,126.99096268
935,우리은행효자,37.57811832,126.97186229
954,호텔피제이앞,37.56430958,126.99693032
955,을지KT앞,37.56664018,127.00447931
956,남산적십자(연등)1,37.55968955,126.98820706
957,중부수도사업소,37.55315860,127.00242989
958,동국대학교앞,37.55647116,127.00460191
960,장충고개,37.55803514,127.00820590
961,한국예술사관학교,37.56018669,126.99016011
962,남산2호터널입구,37.55536799,127.00395753
963,우리은행장충지점,37.56208351,127.00642846
964,엠버서더호텔,37.55921029,127.00299473
7488,면목119안전센터,37.57286843,127.08016705
966,월드컵파크3단지,37.57305471,126.88814929
967,국방대삼거리,37.58530849,126.88015441
968,월드컵파크7단지,37.58328918,126.88207729
969,래미안마포웰스트림아파트,37.54392663,126.93651299
970,봉화환승주차장,37.61639781,127.09341409
971,태릉선수촌,37.63359657,127.10333129
972,국민대,37.61080807,126.99437671
973,디지털미디어시티입구,37.57418293,126.88649764
975,가락시장역,37.49252424,127.11872488
977,서울세관,37.51541254,127.03534617
978,등양초교앞(경보),37.56550028,126.84426429
979,가양아파트,37.56349990,126.85668880
980,구남초교,37.53715679,127.09319271
974,구룡터널,37.47601379,127.05873490
4,기자촌,37.63391115,126.93199106
5,연신초교삼거리,37.62510035,126.92880716
6,연신내역,37.61888310,126.92138317
7495,위례24단지정문사거리(연등),37.47535462,127.14171935
32,대조초교,37.61325384,126.91761304
33,연신내로데오,37.61742380,126.91945866
34,북한산힐스테이트7차(연등),37.61711794,126.92302352
35,역촌시장,37.61241725,126.91533037
36,역촌사거리,37.60881688,126.92069154
37,역촌동주민센터,37.60413816,126.91561699
38,KT&G,37.60297591,126.92254503
39,역촌역,37.60629075,126.92287807
40,서부새생명약국,37.60620070,126.91812023
41,한국환경산업기술원,37.60952741,126.93299748
42,한국환경산업기술원(연등),37.60967322,126.93534172
43,신사오거리,37.59913539,126.91573552
44,이마트은평점,37.60028324,126.91886497
45,어린이교통공원,37.64490064,127.06164957
46,길음역,37.60425928,127.02518157
47,녹번역,37.60090421,126.93571741
48,회기역앞,37.59007367,127.05594619
49,시조사삼거리,37.58825246,127.05374352
50,홍파초교,37.58659521,127.03837549
51,대광고,37.57833351,127.02312322
52,신설동역,37.57561759,127.02321762
53,용두공원,37.57283609,127.04183209
54,연가교,37.57220204,126.92148383
55,신답역,37.56984451,127.04870109
56,양천향교역,37.56845520,126.84131322
57,도선사거리,37.56606400,127.03649278
58,굴레방다리,37.55741035,126.95617576
59,신촌기차역입구,37.55660059,126.94289316
60,약수역,37.55480974,127.01065006
61,길동사거리,37.53394614,127.13855568
62,화곡터널남단,37.53347692,126.84565031
63,현대원효로센터,37.53220788,126.95390461
64,한양아파트앞,37.51986174,126.93289440
65,신트리공원앞,37.51366955,126.85587034
66,대방역,37.51259284,126.92540137
67,쌍용자동차서비스,37.50071244,126.88244619
68,학여울역,37.49650276,127.06990569
72,언남중정문,37.47189106,127.04546883
74,신사동고개(연등),37.59904182,126.91017699
76,기독신학교,37.60190225,126.91033024
77,역촌초교후문입구,37.60244558,126.91582855
69,대림삼거리,37.49239323,126.90917196
70,난곡사거리,37.48183885,126.91459124
71,낙성대입구,37.47850544,126.95990966
73,독산사거리,37.47142175,126.89817934
79,역말사거리(연등)2,37.60744127,126.91526548
80,응암역서측,37.59888313,126.91467933
81,양광교회,37.60849252,126.92869662
82,해군회관앞,37.50413919,126.92194321
83,미아역,37.62624517,127.02619192
84,아리랑고개입구,37.60347764,127.01332188
85,홍은사거리,37.59152684,126.94140774
86,홍연2교,37.57805952,126.93039980
87,홍남교,37.57580157,126.92612443
88,동대문구청,37.57409442,127.03807333
89,동대문중,37.57335748,127.05222502
90,답십리사거리,37.57289650,127.05742123
91,황학사거리,37.56788736,127.02350141
92,한양공고앞,37.56486003,127.01100945
93,동곡삼거리,37.56421657,127.07646181
94,신촌기차역(연등),37.55913765,126.94220050
95,한양대앞,37.55771933,127.04075918
96,홍익대앞,37.55286194,126.92425606
97,화양사거리,37.54832761,127.06747071
98,대흥역,37.54789429,126.94191519
99,신석초교,37.54343184,126.93798829
100,선유중학교,37.53288160,126.89537956
101,갤러리아압구정,37.52785086,127.04071229
103,도산공원,37.52154933,127.03382846
104,신정네거리역,37.52114101,126.85247258
105,여의도치안센터,37.51760477,126.93505714
106,여의교북단,37.51706208,126.92859814
107,대치사거리,37.50309385,127.05864353
108,신대방삼거리역,37.49969785,126.92827910
109,썬프라자,37.49680508,126.90829675
110,한티역,37.49628746,127.05289431
111,대림우성2차아파트,37.49484422,126.89994154
112,대치역,37.49449859,127.06322103
113,당곡사거리,37.48938926,126.92790597
114,신대방역,37.48699385,126.91337421
115,신림역,37.48424651,126.92970189
120,흥인지문,37.57132644,127.00902354
121,서울교통공사,37.56290286,127.05795776
122,회현사거리,37.56038931,126.98207234
123,군자교,37.55941908,127.07373828
116,독산4동삼거리,37.47077179,126.90295743
117,녹천교서측,37.64581436,127.05477486
118,화랑대사거리,37.62152022,127.08719544
119,혜화동로터리,37.58559315,127.00124020
124,동교동삼거리,37.55874359,126.92685916
125,도동삼거리,37.55595672,126.97698456
126,신촌로터리,37.55512606,126.93689322
127,후암삼거리,37.55333752,126.97646440
128,금남시장,37.54817927,127.02164181
129,화양시장,37.54801900,127.07049060
130,신월사거리,37.53587858,126.82830630
131,당산중,37.53200854,126.90575675
132,국회의사당,37.52883225,126.91664077
133,마포대교남단,37.52912538,126.92938767
134,두무개삼거리,37.53018952,127.00688876
135,신사역,37.51609876,127.01951243
136,학동역,37.51399724,127.03074585
137,잠실새내역,37.51163314,127.08553846
138,대림코오롱아파트(연등),37.50752320,126.89402979
139,남부터미널,37.48501676,127.01627909
140,말미사거리,37.46650300,126.89770768
141,신도봉사거리,37.67126812,127.04389197
142,노원역,37.65562592,127.06025853
143,당현2교,37.65079264,127.06847181
144,신영동삼거리,37.60356036,126.96179981
145,명지대사거리,37.57766508,126.92131443
146,독립문역,37.57222240,126.96022870
147,흥인사거리,37.56800871,127.01598272
148,신당역,37.56536766,127.01620736
149,답십리역,37.56533762,127.05470905
150,김포공항입구,37.56170308,126.80714506
151,금호사거리,37.54803841,127.02577397
152,상수역,37.54776318,126.92296920
153,남영삼거리,37.54204841,126.97277944
154,화곡로입구,37.53933184,126.82598141
155,압구정역,37.52724154,127.02850812
156,영등포경찰서,37.52611096,126.90285104
157,노량진삼거리,37.51356321,126.94023585
158,논현역,37.51110133,127.02132978
159,신도림고가차도,37.50522450,126.89794805
166,화계사,37.63419550,127.01747653
167,새절역,37.59262906,126.91401155
168,영휘원앞,37.58672291,127.04308124
169,홍제삼거리,37.58621826,126.94695499
2872,광영여고,37.53924041,126.82408277
160,역삼역,37.50082302,127.03690755
162,대림사거리,37.48887542,126.90637249
163,양재역,37.48454871,127.03401117
164,노원교,37.67934596,127.04962279
165,대진여고,37.64619775,127.06629749
170,양지사거리,37.56678339,127.03009296
172,기업은행신수,37.55262457,126.93329736
173,합정역,37.54924511,126.91336884
174,나이아가라호텔,37.54865962,126.87882262
175,양평동사거리,37.53594209,126.89782775
176,당산역,37.53390405,126.90192412
177,한남오거리,37.53342350,127.00760770
178,화곡사거리,37.53061941,126.84740979
179,남부교육청앞,37.52520180,126.90943746
180,양강중,37.52406528,126.85090598
181,KBS,37.52330521,126.91614892
182,여의도역,37.52164676,126.92418613
183,휘문고교,37.50522395,127.06514765
184,도성초교사거리,37.50055567,127.05085787
185,대림3동사거리,37.49992981,126.89771349
186,신길주유소,37.49933968,126.90854711
187,대방천사거리,37.49850258,126.92023678
188,양재전화국,37.48555900,127.04134009
189,화랑대역,37.62044161,127.08446588
190,길음교(경보),37.60173095,127.02209254
191,안암오거리,37.58269494,127.02952013
192,한국은행앞,37.56194109,126.98123574
193,연세대,37.56004555,126.93687201
194,아현교차로,37.55708485,126.95929951
195,창천동삼거리,37.55690252,126.93173407
196,화곡역,37.54165054,126.84039197
197,여의도선착장,37.52486020,126.93520338
198,강남을지병원,37.51971636,127.02811679
199,대한지적공사,37.51935575,126.92643213
200,신길삼거리,37.51420795,126.91885613
212,동명베스트아파트,37.61365533,126.92467062
215,불광역,37.61096344,126.92949454
229,불광지구대삼거리,37.62140964,126.92626704
230,불광중,37.62232049,126.93132034
231,대조초교(연등),37.61425205,126.91775407
232,동명여고,37.61483164,126.92609189
227,불광지구대삼거리(연등),37.62314715,126.92753562
233,대호아파트(연등),37.61420979,126.93224974
234,예일여고,37.60914349,126.91599965
235,대조마을마당,37.61021438,126.91901968
236,대조불광시장,37.60899753,126.92681234
238,서울혁신파크,37.60882107,126.93136641
239,불광역(연등),37.61199144,126.92860842
242,불광초교(연등)2,37.61190027,126.93116166
243,북한산래미안,37.61057816,126.93926161
244,역말사거리,37.60586049,126.91538668
245,구산역,37.61128295,126.91724346
246,동명여고(연등),37.61380145,126.92704427
247,연천초교,37.62121184,126.92861432
248,은평경찰서,37.62791646,126.92935675
249,서울문화고교,37.66271323,127.04662013
250,망우역,37.59817511,127.09276635
251,면목2동,37.58665284,127.07989541
252,배봉초교,37.57866388,127.06842238
253,탑골공원,37.57160224,126.98766013
254,마장역,37.56546039,127.04173273
255,가양역,37.56107149,126.85515617
256,발산역,37.55856560,126.83823106
257,무학여고앞,37.55851667,127.03399677
258,용산전자상가,37.53328663,126.96298372
259,방송회관,37.52643656,126.87193970
260,영동대교남단,37.52503781,127.05434023
261,문래역사거리,37.51901159,126.89502952
262,영등포R,37.51843498,126.91236388
263,선정릉역사거리,37.51028461,127.04385495
264,오류동삼거리(연등),37.49436403,126.84011688
265,우신중고교입구,37.49317237,126.82702201
266,박미삼거리,37.44842094,126.90296674
267,북한산힐스테이트7차,37.61580174,126.92468208
268,도봉산역삼거리,37.68740407,127.04580286
269,우이동(경보),37.66419024,127.01203137
270,방학사거리,37.66283590,127.04243938
271,은행사거리,37.65066550,127.07673479
272,이문동삼거리,37.60298288,127.06205470
273,망우사거리,37.59987240,127.10041526
274,외국어대,37.59645592,127.06028090
275,서대문구청앞,37.58183686,126.93617085
277,을지로5가,37.56687007,127.00226516
278,응봉사거리,37.55455274,127.03433466
279,뚝섬역,37.54810329,127.04449769
280,효창공원앞역,37.53929898,126.96137698
276,장안지하차도,37.58015396,127.07589674
281,삼각지역,37.53567531,126.97401380
282,이태원역,37.53447779,126.99388931
283,의원회관,37.52692304,126.91356207
284,목동역,37.52613134,126.86433004
285,동작전화국입구,37.51321879,126.93180656
286,방이사거리,37.51030990,127.11221700
287,도림사거리,37.50675103,126.90138541
288,은마아파트입구,37.49888199,127.06089839
289,오류역입구(연등),37.49588400,126.84351385
290,강남세브란스,37.49419542,127.04671343
291,우성아파트앞사거리,37.49303095,127.02998249
292,시스폴사거리,37.48645180,126.98961102
293,우면삼거리,37.48219132,127.01809539
294,도봉역,37.68060694,127.04548004
295,방학역앞,37.66972092,127.04363757
296,장위사거리,37.61284676,127.06071094
297,미아사거리,37.60907701,127.03040770
298,상월곡역(연등)2,37.60604503,127.04781797
299,우림시장,37.59550244,127.10010942
300,성북구청입구,37.59182823,127.01321804
301,겸재삼거리,37.59053917,127.09739262
302,삼육서울병원앞,37.59015582,127.06236461
303,응암오거리,37.59010358,126.91720711
304,떡전교사거리,37.58568849,127.05148128
305,보문역,37.58531647,127.01938193
306,명지대삼거리,37.58155979,126.92682960
307,용곡삼거리,37.56885274,127.08606851
308,을지로3가,37.56638653,126.99261740
309,외발산사거리,37.55185619,126.81657750
311,마포세무서앞,37.54662274,126.94076553
312,이태원입구,37.53408644,126.98812646
313,영등포전화국,37.52555477,126.90544309
314,오목교역,37.52441152,126.87603924
315,영등포청과시장,37.52057788,126.90103521
316,올림픽회관,37.52008906,127.11424926
317,윤중초교입구,37.51944515,126.92069220
318,문래고가밑,37.51310868,126.89724542
319,방이삼거리,37.51198892,127.10813491
320,올림픽선수촌아파트,37.50931189,127.13406729
321,백제고분,37.50777158,127.11669699
322,방배삼호아파트,37.49826674,126.98706297
323,매봉역,37.48632907,127.04538533
325,염곡사거리,37.46565137,127.04301304
326,월계2교,37.62418014,127.04964607
324,예술의전당,37.48064415,127.01310872
327,북서울꿈의숲동문,37.61958957,127.04472561
328,경원한의원,37.61867967,127.07855382
329,월릉교,37.61585635,127.07008323
330,인왕아파트,37.58454649,126.94875444
331,북가좌사거리,37.58245695,126.91325315
332,장안동삼거리,37.57884641,127.07221374
333,이화사거리,37.57619285,127.00221266
334,방화사거리,37.57343566,126.81144525
335,무교동사거리,37.56898271,126.97927204
336,연희삼거리,37.56856466,126.93229418
337,사천교,37.56776888,126.91782777
338,용마사거리,37.56231672,127.08230952
339,왕십리역,37.56108381,127.03545260
340,이대역,37.55677070,126.94587712
341,용산고교,37.54593042,126.97848162
342,북한남삼거리,37.54197556,127.00228545
343,남영역,37.54168269,126.97078734
344,영동대교북단,37.53719520,127.06119301
345,원효로2가,37.53536202,126.96163775
346,영등포구청,37.52780130,126.89714491
347,원효대교남단,37.52291043,126.93780431
348,영등포시장,37.51998220,126.90484386
349,영등포역,37.51636261,126.90657532
350,우신초교앞,37.51064610,126.91034932
351,오륜사거리,37.50704031,127.13969068
352,강남터미널고가밑,37.50499763,127.00110898
353,이화아파트,37.49058156,126.89290918
354,뱅뱅사거리,37.48954988,127.03162534
355,내방역,37.48769357,126.99363416
356,은천로입구,37.48634363,126.93503209
357,은천삼거리,37.48563885,126.95617639
358,번동사거리,37.63547627,127.03383167
359,공릉검문소,37.62206703,127.08843026
360,먹골역,37.61225808,127.07743861
7477,봉래초교,37.55565819,126.96351484
362,용두동사거리,37.57775591,127.03045987
363,원남동사거리,37.57588756,126.99735361
364,북가좌삼거리,37.57428977,126.90601765
366,장안동사거리,37.57235286,127.07168694
367,을지로4가,37.56664926,126.99813076
368,동대문역사문화공원,37.56603038,127.00778492
369,을지로1가,37.56602379,126.98268960
370,연희IC,37.56488084,126.92942500
373,장한평역,37.56148556,127.06462138
374,염천교,37.55960975,126.97138844
371,오장동사거리,37.56463139,127.00244573
372,명보사거리,37.56438100,126.99286348
375,망원우체국,37.55805391,126.90831086
377,숙대입구역,37.54511017,126.97200524
378,금옥초교,37.54514571,127.01702277
379,올림픽대교북단,37.54115828,127.09584298
380,용산역앞,37.52644309,126.96527187
381,올림픽대교남단,37.52568586,127.11759541
382,MBC앞,37.52434040,126.92850825
383,영등포유통상가,37.52142509,126.89558165
384,올림픽공원,37.51179794,127.12800016
385,도림교,37.51095668,126.89191070
386,오금교북단,37.50967949,126.87245726
387,대림성원아파트,37.50390252,126.89600077
388,오금동사거리,37.50349056,127.13832333
389,이수교차로,37.49975654,126.98502002
390,방배역,37.48146541,126.99765756
391,서울대입구역사거리,37.48122708,126.95276856
392,사당역,37.47655124,126.98165654
393,우이초교앞,37.64080142,127.01692660
394,강북구보건소,37.63287975,127.03874004
395,종암사거리,37.60341972,127.03217379
396,세종대왕기념관,37.59138106,127.04248516
397,방화사거리(연등),37.57320432,126.81013198
398,을지로2가,37.56615936,126.98754889
399,용산보건소,37.53799752,126.96634002
400,목동사거리,37.53240786,126.86373925
420,은평스카이뷰자이103동,37.63457694,126.91897879
422,연신종로약국,37.62065647,126.92485766
423,독바위역,37.61898713,126.93267887
424,갈현우남아파트,37.61731162,126.90664953
425,선진종점,37.61430771,126.91012608
426,선정중고입구,37.61548020,126.90857577
427,북한산래미안(연등),37.61082928,126.94146324
428,시립서북병원,37.60548488,126.91052575
429,서부중앙교회,37.59975590,126.91896307
430,노해근린공원,37.64919223,127.06956635
431,노원구민의전당,37.63874119,127.06696481
432,은평구청입구,37.60147957,126.92712639
433,창덕궁,37.57746438,126.99010646
434,장평교,37.57170425,127.08007210
435,가좌삼거리,37.57025509,126.91290594
436,청계5가,37.56950449,127.00205548
438,청계3가,37.56854353,126.99237532
439,성동고교,37.56515476,127.02362939
437,청계4가,37.56906077,126.99793796
440,마포구청역,37.56299828,126.90392520
441,상수도사업본부,37.56150131,126.96749387
442,청구역,37.56025820,127.01376684
443,충정로역,37.55927102,126.96194652
444,서교동사거리,37.55271702,126.91823386
445,승림빌딩(경보),37.54485935,127.05726843
446,공덕오거리,37.54394322,126.95100576
447,잠실대교북단사거리,37.53246845,127.08538880
448,서하남IC입구,37.51705389,127.14384622
449,중앙대병원입구,37.50962697,126.96297157
450,서부트럭터미널,37.50917965,126.84291827
451,고속터미널,37.50743171,127.00902553
452,장승배기,37.50501724,126.93939451
453,선릉역,37.50452476,127.04897955
454,거리공원오거리,37.49756646,126.89316096
455,거여동사거리,37.49565120,127.13938080
456,삼성서울병원앞,37.48876051,127.08181786
457,관악구청,37.47870775,126.95231604
458,본서부병원,37.60045295,126.92228443
459,신한은행갈현,37.62333858,126.91984462
460,서부경찰서,37.60287126,126.92115065
461,역촌사거리(연등),37.60747223,126.92184634
462,서부경찰서(연등)2,37.60174626,126.92059409
463,국립419민주묘지,37.64733188,127.01045623
464,수유역,37.63798727,127.02560570
465,태릉입구역,37.61764230,127.07564411
466,상봉역,37.59632842,127.08549886
467,서울체육회,37.59308193,127.07272231
468,중랑교,37.59156609,127.06721876
469,중랑전화국,37.59131979,127.08010850
470,전농1동,37.57602347,127.04756619
472,서대문역,37.56584130,126.96667161
473,경성고교입구,37.56030056,126.91629551
474,홍대입구역,37.55519620,126.92151345
475,서울역,37.55714555,126.97249179
476,서울가든호텔,37.54128631,126.94820754
477,자양사거리,37.53656445,127.08356343
478,서빙고역,37.52041077,126.99071678
479,잠실나루역,37.51862509,127.10488672
480,잠실대교남단,37.51597938,127.09805586
481,삼성중앙역,37.51305032,127.05330916
482,잠실3사거리,37.51189548,127.09252838
483,강남경찰서(연등),37.51006645,127.06734099
486,송파사거리,37.50197285,127.11011519
487,이수역,37.48539943,126.98216347
484,성락주유소앞,37.50419754,126.90306454
485,상도역,37.50317543,126.94769409
488,서울고교,37.48274538,127.00445709
489,래미안아트힐,37.47761382,127.00700755
490,공릉역,37.62560885,127.07300689
491,돌곶이역,37.61085004,127.05701651
492,정릉입구,37.60453757,127.01167624
493,성북경찰서,37.58994805,127.01539521
494,수색교,37.58709758,126.88713996
495,고대앞사거리,37.58640863,127.03283655
496,장안교,37.58141264,127.07966707
497,증산3교,37.58040287,126.90591958
498,서대문구청(연등)1,37.57965243,126.93615668
499,성바오로병원,37.57930859,127.04243065
500,경동시장,37.57817946,127.03833939
501,북가좌초교사거리,37.57786824,126.90972621
502,촬영소사거리,37.57276218,127.06633711
503,개화사거리,37.57263308,126.80353187
504,종로5가,37.57099714,127.00192152
505,종로3가,37.57046181,126.99214054
506,종로구청입구,37.57022179,126.97929887
507,종로2가,37.57020563,126.98767114
508,성산2교,37.56528809,126.91175842
509,중부경찰서앞,37.56484363,126.98996975
510,중곡사거리,37.55940983,127.08763073
511,상원삼거리,37.55086267,127.05212648
512,청파동삼거리,37.54821154,126.97005585
513,경인고속입구,37.52984875,126.89303177
514,과학수사연구소,37.52097464,126.83766602
515,석촌호수,37.50872254,127.10397150
516,논현경복아파트,37.50870373,127.03849181
517,차병원,37.50731894,127.03387668
518,고척2파출소앞,37.50675332,126.86004974
519,고척교,37.49889917,126.87178235
520,개나리아파트,37.49851815,127.04467639
521,서초역사거리,37.49182453,127.00764525
522,도봉보건소,37.65672340,127.03947437
523,도봉경찰서,37.65292452,127.05333965
524,국립419민주묘지입구사거리,37.64825618,127.01423852
526,강북구청,37.63961148,127.02735456
527,수유사거리,37.63468113,127.02326906
528,삼양입구사거리,37.61714504,127.02981472
529,창문여고,37.61312686,127.03757431
530,서울여자간호대입구,37.59643490,126.94922650
531,경희대,37.59158408,127.05228748
532,증산역,37.58452499,126.91030512
533,증산교,37.57663244,126.90342526
534,상암사거리,37.57341683,126.89887939
535,세종대로사거리,37.57020612,126.97700792
536,청계9가,37.57010739,127.03034398
537,명동성당,37.56464853,126.98774414
538,서강대정문,37.55155568,126.93760375
539,경동초등학교입구,37.54628525,127.05033851
540,건대입구역,37.53993648,127.07059796
541,"남부법원,검찰청",37.52248202,126.86543337
542,서울교,37.52152811,126.91746881
543,청담공원앞,37.51882250,127.05021812
544,코엑스,37.51423023,127.06023069
545,종합운동장,37.51185567,127.07832482
546,삼성역,37.50888779,127.06323030
547,교보타워사거리,37.50447226,127.02448750
548,서울성모병원,37.50212436,127.00343655
549,구로소방서,37.49806993,126.86502357
551,관악우체국,37.48481259,126.93419870
552,서초3동사거리,37.48408302,127.01143940
554,정의여중입구,37.65134527,127.03628408
555,상계백병원,37.64898396,127.06213772
556,삼양동사거리,37.61948398,127.02109860
557,동일로지하차도,37.59500696,127.08027371
558,상봉시장,37.59270630,127.08647994
559,성신여대입구역,37.59269789,127.01646977
560,고려대역,37.59116110,127.03638900
561,고려대역(연등),37.58969229,127.03645334
562,한성대입구역,37.58849364,127.00621297
563,충암고교,37.58567854,126.92276494
564,수색역,37.58216259,126.89540216
565,전농동사거리,37.57752119,127.05781274
566,종로4가,37.57072600,126.99778587
567,종로1가,37.57019373,126.98300618
568,청계6가,37.56997737,127.00966891
569,청계7가,37.57003307,127.01587468
570,정동,37.56831592,126.96918265
571,청계2가,37.56830911,126.98763654
572,월드컵경기장,37.56622383,126.89917567
573,경찰청앞,37.56202112,126.96964232
574,장충체육관,37.55900274,127.00600496
575,중림동,37.55921948,126.96880293
576,강서구청사거리,37.55593007,126.85233835
577,창전사거리,37.54742173,126.93257745
579,전자상가입구,37.52953298,126.96824062
580,청담사거리,37.52420989,127.04734114
581,63빌딩,37.52103039,126.94027774
586,보라매역,37.49991636,126.92031705
587,강남역,37.49798051,127.02767644
582,경기고교앞,37.52005781,127.05706631
583,잠실역,37.51323530,127.10009219
584,갈산초교삼거리,37.51120411,126.87115957
585,석촌역,37.50522978,127.10717516
588,경남아파트앞,37.47511139,127.00181799
589,수락산역,37.67831073,127.05532436
590,경동고,37.58795629,127.01785706
591,청량리역,37.58017116,127.04502292
592,중구청,37.56442740,126.99833984
593,군자역,37.55717931,127.07949267
594,서강대교남단,37.53196476,126.92158210
595,여의나루역,37.52686197,126.93254979
596,강남구청역,37.51720740,127.04126478
598,삼호가든사거리,37.50476692,127.01038738
6331,구로삼각공원(경보),37.50189036,126.89219547
6332,남부구치소입구,37.47621297,126.84064824
6333,구로성광교회,37.47698709,126.84174363
6334,천왕지구삼거리,37.47929662,126.84285801
6335,천왕이펜하우스313동앞,37.48161634,126.84237884
6336,천왕이펜하우스4단지,37.48023397,126.83975121
6338,천왕이펜하우스2단지앞,37.48514671,126.83768548
6339,한성백제박물관앞,37.51507614,127.11960737
6340,AK몰주차장,37.50235925,126.88356370
6341,화원경로당,37.49808846,126.87970732
6342,관악고앞(경보),37.52076127,126.88378219
6343,하늘공원입구2(경보),37.48589269,126.88096825
6344,하늘공원주차장,37.48825440,126.88036942
6345,벚꽃로2(경보),37.49322822,126.88006904
6346,김안과병원정류장,37.52024213,126.90339861
6347,공덕역,37.54220235,126.95134162
6348,개화육갑문,37.58432027,126.81906205
6349,한진택배(경보),37.54718076,126.81405407
6350,하남슈퍼,37.52721777,126.85730468
6352,묵2동주민센터,37.61074252,127.07601805
6353,무궁화빌라(경보),37.57159486,126.82254276
6354,시흥IC(경보),37.48016391,126.89893577
6355,대륭포스트타워(경보),37.48668418,126.89447477
6356,서울신용평가정보삼거리(연등)1,37.54572732,126.92676089
6357,천일초교후문,37.54407809,127.13401788
6358,SOS부동산,37.54282742,127.13537474
6359,사과나무공인중개사,37.54185411,127.13643705
6361,천일초교후문(경보),37.54370031,127.13445240
6362,자원순환센터앞(경보),37.54572210,126.88966740
6360,SOS 부동산(연등),37.54328943,127.13487919
6363,동신대아파트(경보),37.57183019,126.84207769
6364,근상프리즘,37.53793707,126.83690734
6365,세양카독크,37.51596970,126.88824856
6366,길성그랑프리텔(경보),37.55262350,126.84559271
6367,목5동주민센터,37.53696580,126.88148570
6368,구서울의료원(연등)2,37.51536771,127.06657089
6369,우암초교(연등)1,37.47017681,127.02525246
6370,신동아럭스빌앞,37.47583389,127.00135879
6371,남성역(연등)2,37.48519676,126.96990006
6372,반포3동주민센터(연등)1,37.51190244,127.00512114
6373,행복한감리교회(연등)1,37.48635672,126.95229373
6374,상도아이파크아파트(연등),37.50123101,126.94125676
6375,중앙대중문앞(연등),37.50688220,126.95846384
6376,반포교회(연등),37.50210421,126.99072978
6377,동부골든아파트(연등)2,37.49839159,126.83984195
6378,대륭포스트타워(연등),37.48533443,126.89730772
6379,쟁골마을(연등),37.48320019,127.10443688
6381,홍제빌딩앞,37.58987035,126.94285520
6382,아이에스비즈타워(경보),37.53595666,126.89243588
6383,길음뉴타운1단지(연등),37.60486311,127.02250048
6384,수암초교앞(연등),37.64885601,127.08084042
6385,청솔연립(연등),37.65650952,127.07187344
6386,청구아파트(연등),37.63918123,127.06845940
6387,월곡역입구(연등)1,37.60093032,127.04086776
6389,KT&G(연등),37.60438054,126.92271174
6392,홍연아파트,37.57735634,126.93229374
6393,이촌역앞(연등),37.52307291,126.97213968
6394,월드컵파크11단지(연등),37.58711120,126.88232959
6395,서부자동차검사소,37.58646084,126.88498781
6396,서부자동차검사소(연등),37.58724355,126.88380911
6397,종월2교,37.59721867,127.04117121
6398,창문여고(연등)1,37.61356083,127.03797548
6407,마천터널,37.50403162,127.15064775
6408,양천구청역(연등)1,37.51206623,126.86404117
6412,수유시장(연등),37.64192188,127.02145408
6413,삼각산동주민센터(연등),37.61535882,127.02014344
6416,종로4가(연등)2,37.57234482,126.99770365
6414,기독회관(연등),37.57465162,127.00210856
6420,충신시장(연등),37.57387059,127.00666653
6424,하늘초등학교,37.58619215,126.88122353
6428,면목초교앞,37.59047899,127.08706258
6429,동부시장,37.59421387,127.07726456
6434,먹골역(연등)1,37.61331550,127.07794046
6439,한성대(연등)3,37.58916940,127.00778513
6433,먹골역(연등)3,37.61153206,127.07763013
6438,한성대(연등)2,37.58966875,127.00885157
6440,한성대입구사거리(연등)2,37.58675892,127.01084031
6441,정릉태영아파트(연등)2,37.60739557,127.01580614
6442,정릉태영아파트,37.60657626,127.01517142
6443,돈암119안전센터,37.59087786,127.01428958
6446,쌍다리기사식당,37.59353104,126.99605314
6447,이촌동(연등),37.52143930,126.96504758
6448,국립중앙박물관,37.52152141,126.97712425
6451,신정빌딩,37.53283503,126.95133046
6452,한국폴리텍대학(연등),37.53055507,126.99671821
6454,한남아이파크(연등)2,37.53087032,127.00771435
6455,한남아이파크(연등)1,37.53112171,127.00682324
6456,삼익상가,37.51914342,126.97638149
6457,한강진역(연등),37.54029783,127.00178897
6458,잠수교북단(연등),37.51900545,126.99434101
6459,한남제일빌딩(연등),37.53330052,127.00560933
6460,구산치안센터(연등),37.61172210,126.91133421
6461,북한산온천(연등)1,37.65324826,126.93859329
6462,북한산온천(연등)2,37.65245335,126.93787063
6463,신한은행갈현(연등),37.62470335,126.91999034
6464,유승약국(연등),37.61026122,126.92163227
6466,진관119안전센터,37.62875059,126.91937268
6467,경기상고(연등),37.58796154,126.96928668
6469,안국동사거리(연등),37.57599345,126.98432011
6470,KT월곡(연등)2,37.60215509,127.03667376
6471,이마트상봉점(연등)1,37.59677776,127.09296669
6426,중화중학교,37.58450988,127.09414905
6418,농협신설동지점,37.57482889,127.02137969
6419,아세아빌딩(연등),37.57356776,126.99125548
6437,안암동,37.58008696,127.02574144
6450,신용산초교(연등)2,37.51993994,126.97391370
6453,제일기획앞(연등),37.53596764,126.99959618
6472,명사약국앞,37.61480941,127.07533929
6473,용곡삼거리(연등)2,37.56808352,127.08617018
6474,용곡삼거리(연등)3,37.56825367,127.08558776
6475,광진교(연등)1,37.54423536,127.11493450
6477,STX빌딩(연등),37.55345511,126.97531871
6478,상공회의소(연등),37.55972483,126.97280577
6480,시청(연등),37.56384704,126.97779885
6481,명동역앞,37.56094643,126.98619058
6484,한솔부동산,37.62123040,127.07882640
6485,상계초교(연등),37.65843518,127.06540148
6482,코오롱연립(연등),37.63695376,127.07232125
6483,상원중,37.67106440,127.05823279
6486,주공326단지(연등)2,37.65113002,127.05994893
6487,공연초교,37.62708483,127.07659573
6488,녹주아파트,37.62072525,127.07300309
6489,중평중학교,37.63756312,127.06287189
6491,공릉검문소(연등),37.62223750,127.08886264
6493,상계주유소(연등)2,37.65868265,127.07103151
6494,"수락리버시티3,4단지앞(연등)",37.68738436,127.05294562
6495,창동변전소(연등),37.65846199,127.04054275
6496,신방학중,37.66431574,127.02896418
6497,창동운동장(연등)1,37.65924571,127.04986960
6498,청한빌라앞(연등)1,37.65695385,127.01348011
6499,창주공4단지(연등),37.64487474,127.04675976
6500,성대야구장(연등),37.67663318,127.04849109
6501,방학한화아파트(연등),37.66211692,127.03085348
6502,숭미초교(연등)2,37.65142166,127.02846146
6503,창일중교(연등),37.64918311,127.04617866
6505,답십리래미안위브106동앞,37.57285360,127.05418204
6506,성복교회,37.57224602,127.07686336
6508,청량초교(연등)1,37.59325063,127.05809914
6511,장안LPG(연등),37.57542992,127.06742296
6513,마포구청입구,37.56594463,126.90257499
6515,마포공영주차장입구,37.53991506,126.94357213
6516,홍대부속초교,37.55926529,126.91408830
6518,월드컵파크1단지(연등),37.57629632,126.89390789
6519,공덕오거리(연등)1,37.54339191,126.95234678
6521,사랑의전화(연등),37.54444034,126.95379426
6522,망원정사거리(연등),37.55272855,126.90395616
6524,용강동주민센터(연등),37.54270121,126.93961886
6525,홍은풍림아파트,37.59521303,126.94022222
6526,홍제역,37.58805729,126.94511299
6527,무악재한화아파트,37.58274713,126.95013864
6528,무악재역,37.58197978,126.95053578
6529,무악재역(연등),37.58133458,126.95092061
6417,동대문역,37.57201018,127.01222191
6423,농협신당동지점,37.56413533,127.01599223
6425,동원시장(연등)1,37.58904537,127.09066608
6427,면목1동주민센터,37.58757771,127.08785392
6430,상봉2동,37.59317008,127.08863036
6432,국민은행중화동지점,37.59811225,127.08012637
6531,모과나무집,37.57474319,126.92469597
6532,느티나무집,37.57714201,126.92873840
6435,신내동성아파트,37.60787838,127.09788560
6530,안산초교,37.58051412,126.95187290
6533,DMC아이파크,37.57532043,126.91364634
6534,서대문역(연등),37.56650793,126.96736594
6535,서대문구청(연등)2,37.58033077,126.93616765
6537,연가교남측(연등),37.57148350,126.92182054
6539,연희우체국(연등),37.56950338,126.93140985
6540,독립공원(연등),37.57594767,126.95624573
6541,북가좌한울뉴타운아파트,37.57713314,126.90900112
6544,청운아파트(연등),37.59454839,126.91451756
6546,수색초교입구(연등),37.58328766,126.89664806
6547,은평터널(연등),37.59023840,126.90460467
6548,산골고개,37.59759518,126.93860934
6549,대림한숲아파트(연등),37.58602758,126.90021765
6550,교육복지통합센터(연등),37.56124491,127.05702944
6551,신당중앙시장(연등),37.56560520,127.01825776
6552,서울의숲입구,37.54504757,127.04333185
6553,서울의숲입구(연등)1,37.54548423,127.04352421
6554,금호래미안아파트앞,37.55286215,127.02388118
6555,성수대교북단램프,37.53966507,127.03570764
6557,성수대교남단램프(연등),37.53489049,127.03484880
6558,성수대교남단램프,37.53488144,127.03437436
6560,시청입구,37.56605765,126.97907420
6561,서서울생활고교(경보),37.50335921,126.82906232
6562,백광골프랜드,37.50479060,126.87078553
6566,천왕이펜하우스6단지(연등),37.47961226,126.84051320
6567,천왕이펜하우스4단지(연등),37.48095035,126.83888083
6568,천왕이펜하우스2단지앞(연등),37.48589874,126.83801656
6570,신성미소지움아파트(연등),37.52321982,126.84728230
6572,신정2단지입구,37.51455296,126.83123646
6573,잠실전화국삼거리,37.51416377,127.10724995
6574,지식산업센터(경보),37.48263182,126.89783550
6575,"목동3,4단지(경보)",37.53294760,126.87518209
6576,"목동1,2단지(연등)",37.53652150,126.88035289
6580,여의지구대앞(연등)2,37.52668353,126.92165733
6581,발산초교(연등),37.54962662,126.83197606
6582,홍연아파트(연등)1,37.57764640,126.93144588
6583,명화나이트(연등),37.52218392,126.91154283
6584,강서구의회앞,37.54650441,126.86274847
7511,은평뉴타운320동,37.63416308,126.92700621
6415,하나은행혜화,37.58424088,127.00010367
6444,삼청각,37.59648717,126.98433152
7500,아이온스퀘어삼거리,37.48091610,127.14188387
6404,동신목재합판앞,37.54484628,127.13030756
6445,천주교정릉4동성당,37.60991498,127.00957588
6449,국민은행효창(연등),37.54217975,126.96209733
6465,연신초교삼거리(연등)3,37.62431326,126.92949222
6476,광진교(연등)2,37.54491094,127.11275379
6479,숭례문(연등),37.55982573,126.97580247
6490,석계역(연등),37.61487392,127.06483925
6492,노원우체국,37.64666685,127.08092648
6504,종암대교(연등)1,37.59129611,127.03846517
6509,청량초교(연등)2,37.59366451,127.05839155
7512,송정빗물펌프장,37.54836131,127.06011870
6512,소화물창고(연등),37.57993378,127.05074740
6514,홍대역2번출구(연등),37.55712808,126.92416275
6517,하늘초등학교(연등),37.58592157,126.88036614
6520,서부지청(연등),37.54967048,126.95483390
6565,구로3동한신아파트(연등),37.48789125,126.89016974
6569,남부주유소,37.51952651,126.83836187
6571,서울신은초교(연등),37.51291727,126.83204737
6578,조광유통,37.55526320,126.82029030
6579,서부여성발전센터,37.53379379,126.82975609
6585,흑석센트레빌(연등),37.50627238,126.96658837
6586,강서한강자이타워,37.56566139,126.84646444
6588,구립넓은들어린이집,37.51220581,126.82949242
6589,서서울자동차매매상사(경보),37.56698031,126.84701662
6590,우리들약국,37.54385385,126.87045158
6591,반석교회(경보),37.51642898,126.85375744
6592,신안파크아파트(경보1),37.52424646,126.83020857
6593,신안파크아파트,37.52402762,126.82875678
6594,백경한의원,37.52136805,126.83416226
6595,양동초등학교(경보),37.52538877,126.85100965
6596,영등포주유소앞,37.51878373,126.91399819
6597,신도1차아파트103동앞,37.51802833,126.84560732
7515,양화대교남단램프(연등),37.53850781,126.90026360
7516,수서교회,37.48375870,127.09456336
6602,삼양로9길입구,37.60815710,127.02100954
6604,동방빌라,37.58883477,127.01190012
7523,위례스타힐스삼거리,37.48140646,127.14445460
7525,더?101동앞,37.47736820,127.14422742
7536,소망어린이공원,37.66395765,127.03706972
7543,신진시장,37.57107834,127.00484391
6611,상원초교(연등),37.66995611,127.05951402
6612,신내3지구입구,37.62051708,127.10622393
7537,소망어린이공원(연등),37.66441182,127.03659265
7556,성동소방서앞,37.55497936,127.04075128
7563,개포2동주민센터(연등),37.48935533,127.06771703
7570,남부교육청앞(연등),37.52422348,126.91014713
7574,목5동성당(연등),37.53364087,126.87757079
7582,상도건영아파트(연등),37.50683993,126.94791137
6431,능산사거리(연등)1,37.60931250,127.10107978
6422,신당동떡볶이타운,37.56312466,127.01547666
6436,동대문세무서(연등)1,37.58186963,127.02127872
6536,서대문구청,37.57920597,126.93613941
6542,북가좌한울뉴타운아파트(연등)1,37.57675384,126.90860341
6543,북가좌한울뉴타운아파트(연등)2,37.57628973,126.90814761
6545,신응교동측,37.59194273,126.91488925
6556,성수대교북단램프(연등),37.53973008,127.03519723
7584,율현공원앞(연등),37.47401406,127.11561596
6587,온조마루근린공원,37.51940958,127.10949602
6598,강서초교(경보),37.52300999,126.84088722
6599,서남병원(연등)1,37.51139537,126.83378557
6619,우리벤처사거리(연등)2,37.52008460,126.88830913
7592,사대부고정문,37.59415255,127.03751625
6621,신정푸른마을2단지(연등)1,37.51322290,126.83475972
6622,힐스테이트앞,37.55446840,126.84068567
6623,화곡고가차도입구2(경보),37.52686092,126.84925448
6624,영마트앞,37.51896048,126.83686040
6627,개봉현대아파트(연등),37.49235118,126.85622639
6628,동일하이빌아파트서측(연등),37.51129025,126.83604770
6629,삼성래미안103동,37.51455365,126.95123798
6630,삼성래미안101동,37.51393021,126.95200243
6631,삼성동자치회관(연등)2,37.46334203,126.93172787
6632,신정롯데캐슬앞(경보),37.51927647,126.84659017
6634,백범광장,37.55391984,126.97889252
6635,당산119안전센터(연등),37.53473931,126.90020515
6636,영등포리더스뷰(연등),37.51786678,126.89934753
6637,오류동교회(연등),37.49551374,126.84068481
6639,오류남초교앞(연등),37.48954553,126.83738373
6640,오류동역남측(연등),37.49367035,126.84411073
6641,연꽃어린이집(연등),37.48675704,126.89112367
6642,신도림이편한세상806동,37.50831536,126.88400616
6643,천왕초등학교(연등),37.48192067,126.83700000
6645,구로변전소(연등),37.49702175,126.88348494
6646,미래초교(연등),37.50328111,126.88860093
6647,국민은행도봉,37.67298029,127.04419558
6648,홍은중학교후문(경보),37.59160517,126.93506167
6649,동부센트레빌,37.56666644,126.96073451
6650,미동초등학교(경보),37.56255539,126.96605382
6651,동부센트레빌204동(경보),37.57574874,126.91646921
6653,독립문어린이집,37.57061175,126.95968291
6654,세종유치원(경보),37.57738170,126.91287279
6655,연희임광아파트,37.56503313,126.92741158
6656,금화터널(연대방면)(경보),37.57109505,126.95482907
6657,금화터널(사직동방면)(경보),37.56853526,126.94833422
6658,경기대입구(경보),37.56435578,126.96524974
6659,북아현로11길90번지,37.56059669,126.95122533
5798,현대빌라(경보)(광진),37.54152492,127.08992953
5799,양진초교(경보),37.54410887,127.09727302
5800,신혜성의원,37.56658223,127.08163338
5801,중랑권역공영차고지입구(연등)(경보),37.61357765,127.10530212
5802,신내차량사업소,37.61062359,127.10768839
7532,래미안강동팰리스(연등),37.53797280,127.13246412
5804,용두교옆(경보),37.57754515,127.03496893
5805,동대문중(경보),37.57291527,127.05336929
5806,휘봉초교,37.58764293,127.06991299
5807,장안아파트1단지앞(경보),37.57048396,127.07384539
5808,광진중(경보),37.53247283,127.09023008
5809,뚝섬나들목,37.53116450,127.06704208
5810,신양중1(경보),37.53267899,127.06353546
5811,신양중2(경보),37.53292980,127.06265206
5812,청담대교끝(경보),37.53873392,127.07008575
5813,효지어린이집(경보),37.53615534,127.07357120
5814,신묵초교(연등),37.60519032,127.07706106
7534,대륭드림타운(연등),37.56662330,126.84006407
5816,신내역,37.61223138,127.10369728
5817,광진문화예술회관(경보),37.53669935,127.07194530
5818,동자초교앞(경보),37.53645375,127.07258117
5819,묵현초교,37.60936138,127.07296630
5820,보라유치원(경보)(연등),37.56332565,126.84655235
5821,신흥상가옆(경보),37.60194917,127.10815586
5822,몽마제과점(경보),37.55196738,127.09237080
5824,금실경로당(경보),37.51868006,126.83722932
5825,신세계유치원(경보)1,37.56969865,126.84846861
5827,양천소방서(연등)2,37.52964712,126.87396224
5828,꿈에그린A101동(경보),37.55328960,126.84756120
7593,청계6가(연등),37.56960983,127.00972182
5830,염창현대아파트,37.55249046,126.87640595
5831,화곡아이파크아파트,37.54797108,126.84059314
5832,한양대동문회관,37.55908655,127.04095714
5833,염창동1차(경보),37.55324106,126.87589812
5835,금호대우아파트(연등),37.54722655,127.01994738
5836,장안시영아파트후문(경보),37.57560054,127.07411102
5839,공항동성당,37.55613147,126.81226413
5840,방화서광아파트,37.57889681,126.81961900
5841,태영운수(경보),37.58046961,126.81969190
5843,가양초교(연등)2,37.56092311,126.85955046
5844,강서소방서(연등)2,37.55860400,126.85977412
5846,염창길훈아파트,37.55531117,126.86804024
5847,현대자동차(경보),37.54830395,126.87483758
5848,극동상록수아파트(경보),37.54909531,126.87289309
5849,염창파출소앞(경보),37.55185199,126.86780542
5850,옥수하이츠(경보)(연등),37.54186206,127.01642700
5851,"목10,11단지사이",37.51582147,126.85735383
5852,성가복지병원,37.60638125,127.03117811
5853,화곡고가밑(경보),37.52879099,126.84826551
5854,일성스카이빌(경보),37.52852044,126.84587443
5855,수협직판장(연등),37.55366978,126.81817548
5856,강서동물병원,37.53235675,126.83935110
5857,화곡7동주민센터(연등),37.53267618,126.84400715
5858,현대빌리지(경보),37.53507049,126.85013138
5859,서진빌라앞(경보),37.53514943,126.85110364
7602,강변역하차장(연등),37.53507633,127.09442433
5861,화곡보람아파트(경보),37.55377023,126.85389222
5862,네오빌옆(경보),37.55313999,126.85351292
5863,유림빌딩앞(경보),37.55371008,126.85189493
5864,강서교회앞(연등),37.54864966,126.85033145
5865,강서방송,37.54778452,126.84930245
5866,화곡동물병원,37.54577287,126.84753846
5867,화곡초교옆,37.54339543,126.84506679
5868,방화12단지(경보),37.57009371,126.80749616
5869,수명산파크3단지(연등),37.55364002,126.82718764
5870,강서경찰서(경보),37.55184348,126.85065173
5871,한양아파트(경보),37.55048040,126.85003926
5872,등명중학교앞(경보),37.55915503,126.84363930
5873,등현초교(연등)1,37.56222652,126.84739983
5874,등현초교(연등)2,37.56043348,126.84617820
5875,등촌성당앞(경보),37.55970358,126.84569023
5876,예원교회교육관(경보),37.55825597,126.84919476
5877,유석초교정문(경보),37.56082222,126.85423171
5880,방화소방파출소(경보),37.57997616,126.81448345
5881,수명산파크101동,37.55332168,126.83020905
5882,등촌주공7단지(경보),37.56122465,126.85321104
7611,숙대입구역7번출구(연등),37.54375377,126.97237261
5884,삼각산초교,37.61653644,127.01547171
5885,우정에쉐르앞,37.59992883,127.00939414
7613,한강중교앞(연등),37.52529106,126.99163677
7614,서강대정문(연등),37.55132552,126.93770919
5888,신도림대우푸르지오앞,37.51114397,126.88933549
5889,조양시장(경보),37.54067682,127.06877737
5891,경남2차아파트(경보),37.50443554,126.85610564
5892,고척동남현교회(경보),37.50100354,126.85577948
5893,개봉동작은굴다리(연등),37.50305759,126.84565904
5894,장안현대홈타운(연등),37.56964054,127.07586086
5895,묵동연립(경보),37.61833890,127.08176828
5896,씨너스빌(경보),37.59809410,127.09513490
5897,봉화공원,37.59820361,127.07703915
5898,상봉중학교옆(경보),37.60221834,127.08930834
5899,서서울생활과학고등학교위,37.50485701,126.82909554
5900,성공회대앞,37.48846528,126.82469925
5901,항동저수지앞(경보),37.48415019,126.82223014
5902,개봉현대아이파크109(경보),37.48884269,126.85989250
5903,개봉현대아이파크206동(경보),37.49119452,126.86078180
5904,철산교앞(경보),37.48800942,126.85916956
5905,대성자동차공업사(경보),37.48823860,126.85855204
5906,구로동자이위고가(경보),37.49908282,126.88471353
5907,에이스테크노타워,37.48544508,126.89344876
5908,영서중학교앞(경보),37.48879377,126.89311308
5909,하늘공원입구1(경보),37.48704977,126.88044424
5910,옥수빗물펌프장(연등),37.54159876,127.01863131
5911,세인유치원(경보),37.56567987,127.04623171
5912,하늘숲초교,37.48341117,126.84167783
5913,목2동등촌시장,37.54812004,126.86686561
5914,가양주유소앞,37.56620817,126.84553590
5917,근화제약앞,37.49952938,127.11741595
5918,노원역10번출구,37.65658919,127.06439148
5920,마포대교입구,37.53892833,126.94503090
5921,서울스퀘어앞,37.55624169,126.97308754
5922,서울역신청사앞,37.55502826,126.97245716
5923,대치교서단,37.49733284,127.07265494
5924,마니하우스,37.55307497,126.90801407
5925,매헌초교,37.47109780,127.04158900
5926,반포힐스테이트,37.49955317,126.99689087
5927,반포2단지입구,37.50196752,126.99565229
5928,반포쇼핑타운,37.50604836,127.00435606
5929,사육신공원,37.51272608,126.95068318
5930,서강한진해모로아파트,37.54562624,126.92918772
5931,성심여고후문,37.53530130,126.95303283
5932,성우하이츠빌앞,37.62603079,127.02947574
5933,안생약국,37.54640864,126.92297085
5934,영등포소방서,37.51817575,126.90409494
5935,은평구민체육센터,37.63154138,126.92416884
5940,신성미소지음아파트,37.56961061,127.04475284
5941,자양4동주민센터(연등),37.53355899,127.06765443
5942,에이스하이앤드타워3차,37.47825146,126.88254098
5943,염창현대아파트,37.55081159,126.87753764
5936,은평센트레빌304동,37.63153423,126.92619783
5937,은평센트레빌307동,37.63104117,126.92793119
5939,신도림고등학교,37.51430324,126.88274244
5944,영중유치원,37.53124705,126.90495530
5945,오목근린공원(연등)2,37.52748744,126.87217539
5946,폭포동입구,37.62946072,126.93015188
5947,반포대교남단(연등)1,37.50858204,126.99945872
5948,잠수교북단,37.52130544,126.99378868
5949,잠실1단지서문,37.51401839,127.07784804
5950,잠실고정문,37.52200031,127.10742612
5951,잠실리센츠,37.51400126,127.08495209
5952,잠실파크리오107동,37.52083830,127.10481617
5953,잠전초등학교,37.50581476,127.08291274
5954,잠현초등학교앞,37.52213765,127.10436004
5955,문현초등학교,37.48193396,127.13072430
5956,정릉대림e편한세상,37.59888438,127.01916856
5957,정릉힐스테이트,37.61404250,127.00620652
5958,중앙대후문,37.50501934,126.95375343
5959,잠실초등학교,37.51983391,127.11213073
5960,서초트라팰리스,37.48730747,127.02882779
5962,코끼리할인마트앞,37.50586438,126.90727581
5963,크리스챤선교센터,37.50804176,126.88041120
5964,한성교회,37.51067923,126.84228843
5965,한양공원,37.55464847,126.98336663
5966,해성공업사,37.45044358,126.90445720
5967,홈플러스신풍,37.50589584,126.90930314
5968,이튼타워2(경보),37.53202486,127.07007957
5969,이튼타워3(경보),37.53121856,127.06903843
5970,이튼타워3(경보)(연등),37.53137312,127.06850543
5971,이튼타워1(경보),37.53310408,127.06888989
5972,신양초교(연등),37.53555993,127.06747836
5973,성자초교(연등),37.53161627,127.08097873
5974,신도고교,37.63047848,126.91925460
5975,신동아상가,37.66201685,127.02968160
5976,효성교회,37.61881992,127.03295037
5919,녹사평역,37.53460526,126.98701532
5977,미아교회,37.62477218,127.03035194
5979,한국스포렉스,37.57252249,127.03058595
5980,해오름마트앞,37.53889418,127.09201866
5983,올바른서울병원,37.54240129,127.14173393
5984,서울창포원앞(경보),37.68930956,127.04676748
5985,언북중학교,37.52006464,127.03450154
5986,종로노인복지관앞,37.57565132,127.00498924
5987,동인주택앞(경보),37.64400022,127.00403944
5981,삼전동주민센터,37.50301516,127.09271500
5982,향군타워,37.51683669,127.10035542
5988,케리스빌딩앞,37.56375605,127.00497624
5989,하나금융그룹,37.56610183,126.98559118
5990,상암동서울일본인학교,37.58310916,126.88494710
5991,우리은행상암동지점,37.58277971,126.88619184
5992,스탠포드호텔사거리,37.58237498,126.88740611
5993,상암디지털드림타워,37.58189931,126.88841555
5994,상암사보이시티DMC,37.58134250,126.88937416
5995,극동아파트상가앞(경보),37.68259323,127.04864198
5996,샘터근린공원,37.56311586,127.15719306
5997,고덕근린공원,37.56198436,127.15095164
5998,송곡고교,37.60586683,127.10613205
5999,마장하이츠아파트(연등),37.56575698,127.03928923
6000,광남유치원,37.54148207,127.10098461
6001,스타시티입구,37.53698400,127.07383936
6002,성진어린이집,37.55158524,127.06932965
6003,휘경동입구(경보),37.58783137,127.05498643
6004,상왕십리역(연등)1,37.56547131,127.03011332
6005,사평역,37.50436739,127.01504481
6006,올림픽대교북단(경보),37.54181458,127.09531830
6007,한강공원,37.51826315,127.07459840
6008,대로건설(주)앞(경보),37.53665520,126.90146101
6010,노들역,37.51272114,126.95232886
6011,홍대역2번출구,37.55679535,126.92367086
6012,은평뉴타운10단지,37.64321476,126.91461736
6013,르메이에르5차,37.55559744,126.93846308
6016,세종문화회관,37.57208894,126.97661644
6017,KT앞,37.57255837,126.97720952
6018,택배터미널,37.48122321,126.87849371
6019,현대한강아파트,37.52252845,126.96053584
6020,가재울동부센트레빌,37.57517530,126.91652689
6021,연희성모의원,37.57460688,126.92713980
6022,금호아파트,37.54504725,127.14273743
6023,잠실파크리오119동,37.52002759,127.10790982
6024,은평롯데몰,37.63909396,126.91870028
6025,신가초교정문,37.49917367,127.11974230
6026,파티마동물병원,37.55794832,126.92899060
6027,동대문밀리오레앞,37.56815712,127.00930288
6028,은평롯데캐슬821동,37.64305853,126.92154711
6029,은평뉴타운아이파크709동,37.64501187,126.92638371
6030,은평뉴타운푸르지오601동,37.64671425,126.92891249
6031,은평뉴타운6단지앞,37.65009598,126.93138355
6032,상도교동측,37.68674556,127.05191061
6033,"수락리버시티3,4단지앞",37.68780531,127.05316832
7501,트리플렉스,37.51970173,126.89865018
6035,거여초교남측,37.50206635,127.14074060
6036,코사마트앞(경보),37.55625812,126.81840025
6037,증미역(연등)1,37.55775223,126.86392844
6038,성락빌딩앞(연등)2,37.50205944,126.90155907
6039,삼환나띠르빌,37.47990373,127.00585624
6040,태승훼미리아파트앞(경보),37.54752444,126.83321908
6041,여의하류IC(경보),37.53212117,126.90864465
6042,영등포장애인복지관,37.52074329,126.91247503
6043,문래우체국,37.51402967,126.89548701
6044,강서교회앞,37.54922699,126.85097694
6045,신방화역,37.56754943,126.81661777
6046,금천공동체지원센터,37.45091803,126.90778786
6047,가양빗물펌프장,37.55963548,126.86700458
6048,한솔아파트앞(경보),37.54456425,126.88848413
6049,공원주차장입구,37.53609268,126.82970449
6050,화곡2치안센터,37.53116710,126.85372501
6051,한국폴리텍대학입구(연등),37.54540855,126.84462263
6053,세왕약국앞(경보),37.51734373,126.85334708
6054,백마빌딩앞(경보),37.52316886,126.83199945
6055,대한유치원(경보),37.52608873,126.84487091
6056,중랑역,37.59394717,127.07596484
6057,정진학교앞(경보),37.49711513,126.82203378
6059,마장초교(경보),37.56744774,127.04285682
6060,홈플러스강서점앞(경보),37.55770846,126.85560302
6061,정원유치원앞(경보),37.50725175,126.86445869
6062,발산1동주민센터,37.55316764,126.83101779
6063,우체국사거리,37.53004471,126.89476089
6064,대한적십자(경보),37.57166093,127.03887381
6065,효문고,37.65261112,127.01735183
6066,관악영어마을,37.47189927,126.95856718
6067,건대후문(연등),37.53785491,127.07410922
6068,석관펌프장(연등),37.61377433,127.06522496
6069,아리랑고개(연등),37.60061348,127.01493117
6070,양록농협(연등),37.61379311,127.03396714
6071,DMC첨단산업센터(연등),37.58583796,126.88559967
6072,브라이튼여의도,37.52305306,126.92980328
6073,현대신사옥앞,37.57599205,127.00036076
6074,잠수교남단,37.51062759,126.99843126
6075,북부도로교통사업소앞,37.63406164,127.03762317
6076,럭키레포츠앞,37.63863689,127.02888115
6077,관악노인복지관(연등)1,37.49121162,126.92711007
6084,신사중앙의원(연등),37.59679091,126.90827700
6085,월드컵파크9단지입구,37.58486968,126.87931657
6086,삼선빌딩,37.55765151,126.97692688
6078,망우1동우체국,37.60025192,127.10224296
6080,보성운수종점(연등),37.46386433,126.91910953
6081,송정역(연등),37.56135312,126.81092426
6082,신내데시앙후문,37.61308498,127.09991677
6083,신내지하차도입구,37.59947464,127.09855799
6087,은평제일교회,37.64054038,126.92103140
6088,CJ빌딩입구,37.55422279,126.97653271
6089,금암문화공원,37.64483994,126.91867499
6090,창신빌앞,37.62054310,127.03259496
6091,청량리민자역사고가,37.58138939,127.04996770
6092,한일택시,37.63614025,127.01730250
6093,관악농협신독산지점,37.47384131,126.89464194
6094,상도3차래미안아파트,37.50121106,126.95366151
6095,SH빌아파트,37.50295614,126.95424867
6096,강일리버파크3단지입구,37.56617713,127.17368495
6097,은평성모병원,37.63449781,126.91704550
6099,구파발사거리,37.63899514,126.91674522
6100,"강일1,3단지",37.56758066,127.17356517
6101,강일리버파크1단지입구,37.56815410,127.17266364
6102,강일리버파크101동앞,37.56878404,127.17218199
6103,강일리버파크2단지입구,37.56860626,127.17636168
6104,강일리버파크509동앞,37.56835130,127.17685215
6106,송파푸르지오시티,37.48152603,127.12180290
6107,송파파크하비오,37.48063938,127.12222435
6108,NC백화점송파,37.47853276,127.12340489
6109,서울복합물류단지,37.47625820,127.12336459
6110,문정동래미안갤러리,37.47936441,127.11909871
6111,제3기동단앞,37.48014546,127.11860013
6112,숯내교동측,37.47958722,127.11710373
6114,"강일6,8단지",37.56244975,127.17660692
6115,"강일6,7단지",37.56320655,127.17865965
6116,강일초교,37.56485917,127.17818791
6117,"강일9,10단지",37.56139922,127.18009235
6118,강일9단지입구,37.55933440,127.17964058
6119,"강일9,10단지사거리",37.55845406,127.17995986
6120,미사강변동일하이빌2005동앞,37.55883448,127.18185388
6121,강일리버파크1008동앞(C6),37.55956800,127.18194570
6124,은평푸르지오618동앞,37.64927928,126.92884614
6125,기타1(서대문권역),37.61210372,126.93850999
6126,기타1(동대문권역),37.58520451,127.06551326
6122,강일10단지,37.56165908,127.18155104
6123,미사강변17단지삼거리,37.56395872,127.18051775
6127,기타1(강서권역),37.52455022,126.83306227
6128,월드컵파크9단지입구(연등),37.58544527,126.87971547
6129,재활용선별장,37.53080870,126.95248148
6130,동부센트레빌아파트정문(경보),37.57966031,127.01602910
6131,동부센트레빌아파트앞(경보),37.58187423,127.01629785
6132,동대문역1번출구,37.57175835,127.01100379
6133,통일부(남북회담본부)(경보),37.58681774,126.98561247
6134,구로1교서측,37.48932846,126.89647770
6135,구로1교동측,37.48632888,126.89984787
6136,오솔공원,37.52247736,126.83680816
6137,공항동주민센터앞(경보),37.55890768,126.81059277
6138,화곡고가차도입구(경보),37.52691480,126.84954416
6139,수출입은행뒤(연등),37.52893785,126.92253095
6140,연세유치원(경보),37.63844438,127.06093797
7486,우리은행독립문,37.57099374,126.96155964
6142,수락검문소,37.68936442,127.05538387
6143,부대앞(경보),37.59730870,126.96991851
6144,국립서울맹학교(경보),37.58415310,126.96807745
6145,LG연구소(경보),37.58283685,126.96745118
6146,여래약국(경보),37.58052362,126.96877590
6147,상명초교,37.60084779,126.95676677
6148,초소앞(경보),37.58028955,126.96215770
6149,미주동방벽운아파트(경보),37.68065881,127.05614225
6150,성모재활원앞(경보),37.47055662,127.11973318
6151,수락산보람210동(경보),37.66810364,127.06438214
6152,영림초교(경보),37.48709749,126.90210655
6153,수서신혼희망타운입구,37.47625869,127.10849530
6154,숯내교,37.47837224,127.11421841
6157,미아역(연등),37.62713925,127.02588143
6158,두산베어스타운앞,37.57812972,127.03267437
6159,성동경찰서앞,37.56124419,127.03648966
6160,정부서울청사입구,37.57508741,126.97639331
6161,현대종합카센터,37.52985159,127.07864077
6162,신내서울의료원,37.61378885,127.09787129
6163,백암고(경보),37.51086412,126.84318543
6165,궁동터널입구(경보),37.50680509,126.83765040
6166,인생약국,37.53183003,127.08398895
6167,성동고등학교2(경보),37.56488055,127.02221406
6168,종로와룡공원앞,37.58898460,126.98656955
6169,성북LIG주택단지입구,37.59647814,126.98559840
6172,월드컵파크708동앞,37.58100302,126.88210087
6173,롯데광명물류센터(경보),37.48807856,126.87305785
6174,겸재정선기념관(경보),37.57243510,126.83874890
6170,산복터널(경보),37.45698438,126.92094932
6171,힐스테이트녹번역,37.60106282,126.93348893
6175,삼성래미안3차아파트,37.52967547,126.90759651
6176,마포대교남단(경보),37.52962725,126.92907612
6177,대진빌라,37.49472284,126.84847143
6178,군자새마을금고(경보),37.55179415,127.07121672
6179,백조온누리약국,37.56373097,127.08008035
6180,인재학원앞(경보),37.53087756,127.07909615
6181,자양1파출소(경보),37.53667203,127.07672362
6182,고척파크푸르지오앞(경보),37.50670811,126.85891563
6183,고척2동주민센터앞(경보),37.50647347,126.85832804
6184,면목신협,37.58547078,127.08840864
6185,숯불돈갈비앞(경보),37.53145528,127.07938021
6186,오대산약초건강원,37.60020498,127.07371541
6187,파크랜드앞,37.54933256,127.02598092
6188,롯데자동차정비소앞(경보),37.54035687,126.89405110
6190,신길역앞,37.51748579,126.91654844
6191,구로SK허브수,37.49534080,126.87162962
6193,청계한신휴플러스정문,37.57320414,127.04525993
6194,은평초교,37.60201331,126.93527168
6195,미래빌라앞,37.49250426,126.84184117
6196,국회북문앞,37.53354957,126.91444832
6197,경동초교(경보),37.54205274,127.05108926
6198,금호푸르지오아파트앞(경보),37.55026921,127.01945227
6199,남부초등학교앞,37.48309497,126.92140992
6200,NC백화점강서,37.55958939,126.83963144
6201,NC백화점(경보)1,37.55939524,126.84125543
6202,NC백화점(경보)2,37.56023639,126.84146318
6203,당산동그랜드컨벤션(경보),37.53527627,126.90039158
6204,은빛초교,37.64303644,126.91845252
6206,은평어울림1001동앞,37.63979528,126.91862783
6207,상암MBC,37.58217338,126.89022055
6208,상암SBS,37.58058366,126.89299756
6209,중소기업DMC타워,37.57740704,126.89775630
6210,한진해운빌딩앞(연등),37.52469134,126.92485278
6211,한진해운빌딩앞,37.52406284,126.92548922
6214,은평힐스테이트416동앞(경보),37.62825042,126.93416030
6215,은평힐스테이트426동앞(경보),37.62730850,126.93454722
6216,마루공원,37.49458887,127.08248877
6217,일원에코파크,37.49567113,127.08582553
6218,매헌기념관앞,37.46912535,127.03722650
6219,고덕리엔파크107동앞,37.56062227,127.17076910
6221,명빌딩앞,37.48356062,127.05952186
6223,리치다이아몬드호텔,37.64786400,127.01579619
6224,우이시장(연등),37.64569259,127.01886277
6225,광산사거리(연등),37.64399073,127.02124798
6226,신대방아파트앞,37.49677398,126.92780024
6227,진양상가,37.56160737,126.99570218
6229,은평롯데캐슬805동,37.64546704,126.92341486
6230,은평롯데캐슬803동앞,37.64638555,126.92490614
6231,은평아이파크627동앞,37.64812678,126.92740331
6232,삼천리골입구,37.64449377,126.93950138
6233,흥덕사입구,37.63893538,126.93565925
6234,제각말아파트,37.63758579,126.93513689
6235,은진초교입구,37.63130183,126.92166079
6237,월드컵파크11단지,37.58775442,126.88294100
6239,차량관리사무소,37.57811852,126.89669814
6241,마이크로오피스사거리,37.47228524,126.88243557
6242,내방역동측,37.48831744,126.99576361
6243,서부침례교회,37.63528915,126.93309608
6244,상도초교,37.50317671,126.93627628
6246,LG전자연구소,37.47057777,126.88594640
6247,다솔할인마트,37.53862476,126.83672417
6248,가양대교남단램프,37.56704162,126.85910314
6249,성수SKV1센터,37.54690353,127.06666225
6250,신월벽산아파트2단지,37.51394613,126.84082138
6251,신정푸른마을3단지,37.51193686,126.83567835
6252,신정푸른마을2단지,37.51360243,126.83444132
6253,신정푸른마을입구,37.51513365,126.83327286
6254,신정이펜하우스3단지,37.51389816,126.82869798
6255,신정이펜하우스4단지,37.51118041,126.83096104
6256,서남병원,37.51113946,126.83284775
6257,서울신은초교,37.51352164,126.83172438
6258,금당약국(연등),37.53238735,127.07843106
6259,광진교북단,37.54610324,127.10899550
6260,송파파크데일1단지앞,37.49801452,127.15865646
6261,중앙대병원동측,37.50743806,126.96185155
6262,흑석해가든아파트,37.50679604,126.96165866
6263,흑석센트레빌,37.50563124,126.96623925
6264,상도터널입구삼거리,37.51262529,126.95436938
6265,은천초교입구,37.48612955,126.94204288
6266,서주한의원,37.48276212,126.91439423
6267,난곡평화교회,37.48374124,126.91420436
6269,역전빌딩,37.48586137,126.91378254
6270,상일여고입구,37.54909152,127.17318935
6271,고덕교,37.56314524,127.17251237
6272,고덕리엔파크306동앞,37.55404263,127.17421518
6273,강명초교정문,37.55499724,127.17391718
6279,특수전사령부앞,37.48132728,127.13483671
6280,한솔치과,37.48458817,127.13060818
6281,글샘공원,37.47825328,127.12164376
6275,강명초교사거리,37.55716954,127.17320423
6278,송파파인타운2단지,37.48359715,127.13159437
6282,성화빌딩,37.48291627,127.12765368
6283,대한결핵협회,37.46839722,127.02855567
6284,이랜드해가든아파트,37.46041034,126.89225101
6285,에이스하이앤드타워3차(연등),37.47885552,126.88230943
6286,신한은행신설지점,37.57451157,127.02328344
6287,마천대화주택,37.49790539,127.15586357
6288,도봉산성당,37.68739331,127.04442471
6289,동성공업사북측,37.61138140,127.03298089
6290,상신초등학교(경보),37.59810212,126.90592285
6291,린나이도봉대리점,37.66720980,127.04163950
6292,용산푸르지오,37.52502471,126.99355274
6293,용산브라운스톤,37.53697997,126.95896023
6294,중앙시장후문,37.56834949,127.01962440
6296,송파파인탑아파트,37.50354740,127.11912601
6297,행복한우리교회(경보),37.45284481,126.91674469
6298,공항신도로1(경보등),37.57170707,126.80320004
6299,공항신도로2(경보등),37.57395586,126.80163848
6300,의성빌딩앞,37.53391750,127.14475240
6301,착한낙지,37.52763459,127.14809761
6302,문현초등학교(연등)1,37.48281046,127.13118790
6303,한림연예예술고등학교,37.48522801,127.13290827
6304,송파노인요양센터,37.48624316,127.13405245
6305,동부그린아파트(경보),37.49001176,126.83237857
6306,구일초교후문,37.49328185,126.87353148
6307,다운교회앞,37.54570643,126.91253529
6308,이엔씨드림타워,37.47955160,126.88672672
6309,성북어린이집,37.58956565,127.00623212
6310,신사노인복지센터,37.59042704,126.90841252
6311,남영역굴다리,37.54188825,126.97172178
6312,용마초교,37.55614954,127.08205854
6313,한화비즈메트로(경보),37.55858289,126.86111622
6314,개화역광역환승센터1(경보),37.57865939,126.79871377
6315,개화역광역환승센터2(경보),37.57805735,126.79911664
6317,화곡고가밑1(경보),37.52764038,126.84945002
6318,양재빗물펌프장,37.47922314,127.04259362
6319,강일동입구,37.56220266,127.17040955
6320,항동,37.48071021,126.82362766
6321,대우미래사랑3차,37.52046954,126.89365243
6322,태영데시앙아파트,37.51996249,126.89692331
6325,역촌동성당,37.60562035,126.91209253
6327,진관사입구(경보)1,37.64190759,126.93995908
6328,진관사입구(경보)3,37.63946078,126.93970671
2991,등촌고등학교,37.56193898,126.84497714
6324,노들길신길역진입부(경보),37.51645437,126.92037462
6326,씨티21,37.52254805,126.89587035
6329,진관사입구(경보)4,37.63744160,126.93632906
6330,산수장여관(경보)1,37.61098035,126.93814999
5612,강서운전면허시험장입구,37.54928698,126.81954147
7491,서초포레스타207동앞,37.45620092,127.05913380
5614,공항초교(연등),37.56063128,126.81772573
7540,장통교,37.56820402,126.98561166
5616,우장공원입구(연등)1,37.55393514,126.85123552
5618,우리은행장충지점(연등),37.56163492,127.00621025
5619,엠버서더호텔(연등),37.55973282,127.00285253
5620,정부서울청사별관(연등),37.57407378,126.97338992
5621,면목2치안센터(연등)1,37.58965751,127.07503311
5622,동대문세무서,37.58102583,127.02170295
5623,다산교(청계7가)(경보),37.56977971,127.01246473
5624,한양대앞(연등)2,37.55720294,127.04269451
5625,무학중학교(연등),37.55816625,127.03221272
5626,금호삼성래미안,37.54908658,127.02903656
5627,철도병원입구,37.52556155,126.96646558
5628,신촌전화국(연등),37.55842393,126.92337407
5629,평창치안센터(연등),37.60490894,126.96539107
5630,싱싱마트앞,37.66741728,127.07890659
5631,국민연금북부(연등),37.56212231,126.96405479
5633,스페이스본입구,37.57483825,126.97031503
5634,신도림테크노마트,37.50636172,126.89158773
5635,삼일초교,37.48780121,126.97535359
5636,상봉시장(연등),37.59190004,127.08617973
5638,수명산파크2단지,37.55543780,126.82637487
5639,수명산파크3단지,37.55374301,126.82615119
5640,수명중고교입구,37.54976495,126.82368718
5641,오목근린공원,37.52814840,126.87229138
5642,대현교회,37.55527596,127.02209575
5644,영인약국,37.49622785,126.90218893
5645,수명산파크1단지,37.55352674,126.82843037
5646,화곡웰라이빌,37.52842514,126.84292692
5647,과학기술대후문,37.63150053,127.08312494
5648,유광사여성병원,37.54325325,126.83887085
5650,삼각산아이원120동,37.61674683,127.01814205
5651,삼각산동주민센터,37.61481442,127.02081121
5658,삼각산초교,37.61594449,127.01366540
5661,장지프라자(연등),37.47849628,127.12714991
5662,송파파인타운10단지,37.47814621,127.13038576
5652,신도림복합빌딩,37.51053482,126.88855915
5653,테크노마트,37.53603857,127.09448197
5654,강서힐스테이트,37.54798223,126.83772162
5656,스페이스본입구(연등),37.57531255,126.96932334
5663,송파파인타운11단지,37.47925153,127.13209322
5669,기타1(강동권역),37.54997377,127.18240362
5671,송파파인타운5단지(연등),37.48094654,127.12988546
5672,대륭테크노타운12차앞,37.46882961,126.88391290
5673,우이동길마을마당,37.63979230,127.01704694
5674,구세군회관앞,37.57015733,126.97256954
5675,중곡초교,37.57524285,127.08412481
5676,서울숲리버뷰자이105동,37.55662158,127.03927110
5677,장평중옆성원빌라(경보),37.56548396,127.06909706
5680,진관사입구(경보)2,37.64123818,126.94132781
5681,우리은행석관(연등),37.60503354,127.06209534
5682,송파제일주유소,37.50141667,127.09688090
5684,오류동역,37.49177713,126.84070350
5685,오류동역남측,37.49402338,126.84561088
5686,오류남초교앞,37.49069204,126.83920625
5687,동진카센타(경보),37.53324744,127.08759664
5688,성내도서관앞,37.53303968,127.13320899
5689,금천초교,37.45415758,126.91237214
5690,율화유치원,37.55342562,127.03850733
5691,금호벽산아파트(경보),37.55205837,127.02580798
5692,이화교북단,37.60296441,127.07430114
5693,동원중교(연등)2,37.60287909,127.10775494
5694,한신휴플러(경보),37.55062327,127.01927884
5695,금호초교입구(경보)2,37.55179975,127.02092375
5696,래미안옥수리버젠아파트104동앞,37.54624891,127.01429432
5697,청계문화회관,37.57157279,127.03512970
5698,대구은행뒤(경보),37.48638893,127.01428192
5699,해운대횟집(경보),37.47484739,127.03723231
5700,쌍용자동차(경보),37.46247466,127.03438335
5701,서울오토겔러리(경보),37.46131582,127.03528904
5702,옥정초교정문,37.54117329,127.01600658
5703,계성초교,37.50504306,126.99625984
5704,금천구신청사,37.45682260,126.89431891
5705,신이문역앞,37.60302294,127.06694993
5707,왕십리역앞,37.56126402,127.03782369
5708,계성초교입구(경보),37.50474580,126.99761518
5709,한강아파트(경보),37.52028492,127.01561392
5710,잠원펌프장(경보),37.51975985,127.01541327
5706,봉화초교(경보),37.61399624,127.09019049
5711,삼호가든상가(연등),37.50248636,127.01422610
5712,반포입구(경보),37.50318975,127.01685618
5713,반포IC,37.50292238,127.01753094
5714,아크로비스타아케이드,37.49938964,127.01241200
5715,일동제약앞(연등),37.47595819,127.03548392
7541,아리랑정보도서관,37.59981784,127.01357191
7559,AK플라자(연등)2,37.49958878,126.88250359
5718,크레송앞(연등)2,37.48458850,126.87701198
5719,롯데IT캐슬(연등),37.47770156,126.88003017
5720,가산동하이힐(연등),37.47730565,126.88852145
5721,남문시장입구(연등)2,37.47099879,126.90187406
7561,강서소방서(연등)1,37.55828959,126.86035777
5723,LG전자연구소(연등),37.46941940,126.88642176
5724,보라매공원후문,37.49295180,126.92327161
5725,영본초교,37.50960177,126.94884775
5726,프라임독서실,37.50813246,126.94736554
5727,중앙대정문(경보),37.50719309,126.95912045
5728,중대부속초교(연등),37.50617488,126.96114783
5729,도림교회앞,37.50950502,126.89760914
5730,장안지하차도(연등),37.57981542,127.07478133
5731,시온기독교신학원(경보),37.53425670,126.84781866
5732,88골프연습장(연등)1,37.51850131,126.93630925
5733,88골프연습장(연등)2,37.51952307,126.93795258
5734,63빌딩(연등)1,37.52061946,126.94070981
5735,신목중학교앞(연등)1,37.53694657,126.87191361
5736,영도초교(연등),37.53574068,126.87047980
5738,애경백화점(경보),37.50046344,126.88354452
5739,궁동저수지생태공원,37.50071850,126.82901838
5740,신도림중학교옆(경보),37.51068433,126.88472537
5741,신미림초교(연등),37.50736239,126.87943232
5742,목마공원(연등)2,37.53713755,126.88690952
5743,현대아파트109동(경보),37.52197329,126.87834384
5744,영등포고가차도밑(경보),37.51556743,126.90256234
7562,강서동물병원(연등),37.53297193,126.83901449
5747,신강보도육교(경보),37.52634746,126.84029013
5748,양천소방서입구(경보),37.52799323,126.83347430
5749,"목동10,12단지(연등)1",37.51472272,126.85891921
5750,동문빌딩(연등),37.52240425,126.86898391
5751,휘경여중고(연등),37.58485088,127.06773663
5752,현장민원실앞(경보),37.51119600,126.84122826
5754,동일하이빌아파트,37.51120256,126.83841832
5755,동일하이빌201동앞(경보),37.51057752,126.83915806
5756,동일하이빌2단지3R,37.50992262,126.84013090
5757,동일하이빌204동앞(경보),37.50985883,126.83952878
5753,동일하이빌102동주차장입구,37.51166689,126.83978529
5760,경창종합상가입구(경보),37.52460706,126.84163618
5761,한신청구아파트앞(연등),37.54183526,126.88006121
5762,목4치안센터(연등),37.53132234,126.86777430
5763,목동역(연등)1,37.52629230,126.86351324
5764,당산한신아파트,37.53979159,126.89008633
5765,서울시의사회(연등),37.52641706,126.90877874
5766,방화월드메르디앙(경보),37.57523521,126.81007540
5767,방화중앙교회(경보)1,37.57763510,126.81199767
5768,방화중앙교회(경보)2,37.57698192,126.81172979
5769,삼정초교앞(경보),37.58058842,126.81118922
5770,방화1동사무소(경보),37.57140345,126.81196955
5771,화곡푸르지오A(경보)1,37.54187716,126.83314495
5772,화곡푸르지오A(경보)2,37.54181838,126.83142841
5773,럭키빌라앞(경보),37.55086194,126.85744901
5774,강서자애의원앞(경보),37.54895746,126.86266571
7490,동교동삼거리(연등),37.55831915,126.92575968
5776,발산초교,37.55027370,126.83165961
5777,홍능주유소,37.58833950,127.04280950
5778,예다지앞(경보),37.57424527,126.81660032
5779,교남학교(경보),37.54806919,126.85287340
5780,신정초교(연등),37.53088357,126.85139164
5781,기룡빌딩앞,37.53045647,126.84419817
5782,화곡1동주민센터앞(연등),37.53033066,126.84246248
5783,목6동동호프라자앞,37.53688038,126.88412506
5784,당산센트럴아이파크앞,37.53029641,126.90459713
5786,신세계유치원(경보),37.57047761,126.84909537
5787,영등포공고(경보),37.56889030,126.85178848
5788,보라유치원(경보),37.56415287,126.84712212
5789,살곶이다리(경보),37.55437472,127.04728508
5790,하왕십리풍림아파트(연등),37.55888642,127.02373536
5791,열린우리당사앞,37.52222732,126.90150483
5792,농협공판장앞,37.52147847,126.90128937
5793,588종점앞(경보),37.52820064,126.83942839
5794,서울출입국관리사무소(연등)1,37.51838034,126.87035061
5795,청우주택(경보),37.54722839,127.10366111
5796,은호대중탕(경보),37.54389436,127.09048838
5797,덕산빌라(경보),37.54282662,127.09022928
5242,방배현대홈타운(경보),37.49087661,126.98383015
5243,강서도로사업소,37.57272943,126.82997473
5244,세종대로사거리(연등)2,37.57015698,126.97360061
5247,고양시경계,37.65983765,126.94688333
5248,유원아파트앞삼거리,37.51489816,126.95181154
5249,마장로가변,37.56819269,127.02159443
5245,함지박사거리(연등),37.49391787,126.98977583
5246,북한산입구,37.65845339,126.94648597
5250,금성교회(경보),37.56611552,126.81247546
5251,강서농산물도매,37.55013181,126.81889211
5252,맥파이빌딩,37.53072925,126.84912292
7555,법종사(연등)2,37.65766963,127.01468700
5254,국제선신청사(내부),37.56113469,126.80128781
5255,프레스센터,37.56693039,126.97713857
5256,덕수궁앞,37.56495458,126.97717046
5257,조선호텔앞,37.56399473,126.97941247
5258,타워팰리스,37.48777358,127.05172648
5259,방화수협앞(경보),37.56780833,126.81037069
5260,유수지삼거리,37.52700647,127.12160848
5261,구로IT타워,37.48339463,126.89445273
5262,한일목욕탕,37.62587610,126.91823920
5263,남대문시장,37.55873502,126.97841138
5264,연희IC동측,37.56374147,126.93007046
5266,서대문우체국,37.56220057,126.93175292
5267,연대녹지대앞,37.56009176,126.93545229
7557,서교119안전센터,37.55052424,126.91526143
5269,삼환아파트,37.52993961,126.90576125
5270,수협야채동직판장,37.55587610,126.82116622
5272,성암삼거리,37.57946204,126.89466339
5275,성수리버하우스,37.54957939,127.05162467
5276,북한산I-PARK,37.65920418,127.04263551
5277,서울역사박물관,37.56980143,126.97134883
5278,화곡7동주민센터,37.53253778,126.84224196
5279,금호1가동주민센터,37.55468352,127.02142889
5280,형제패션,37.61869177,127.05226406
5281,신한은행역삼,37.49145604,127.03072334
5282,한미은행양재,37.48750788,127.03263057
5283,복정역환승주차장,37.46951196,127.12662327
5284,서울길음초교(경보),37.61374858,127.01658452
5285,강일5단지,37.56908851,127.17899387
5286,LG전자단말연구소,37.47597017,126.88958793
5287,암사정수센터,37.55886109,127.14397089
5288,답십리삼거리,37.56406207,127.05647551
5289,현대월드컵아파트,37.57539762,126.90477042
5290,성산회관,37.56635405,126.92551021
5291,미아서광빌딩,37.62457539,127.02687910
5292,숭인시장,37.61354855,127.03007936
5297,이대부중,37.56286905,126.94343797
5298,모래내고가하부,37.56659736,126.92195001
5299,신미림초교,37.50658498,126.87833924
5293,영도교회,37.49547052,126.94271643
5294,중앙하이츠아파트,37.46611170,126.88791034
5295,신진자동차학원,37.55848885,126.85713413
5296,금천구청입구(연등),37.45702889,126.89876294
5301,수협은행압구정,37.52363997,127.02833514
5302,상도4동새마을금고,37.49840207,126.94369982
5303,경남레이크파크,37.50971204,127.10526722
5304,레이크호텔,37.50696740,127.10064428
5306,DMC래미안,37.57165460,126.90996012
5307,원신초교앞,37.46633047,126.92716011
5308,낙성주유소(연등),37.47744808,126.96078603
5309,레이크호텔(연등)1,37.50737727,127.10161042
5310,양평역사거리,37.52561423,126.88623673
5311,미아초교입구(연등),37.61119846,127.02133985
5312,길음삼성아파트,37.60890524,127.02051719
5313,길음지구대앞,37.61082805,127.01858927
5314,청솔아파트3거리(경보),37.63185640,127.07282853
5315,안씨묘입구(연등)1,37.45818661,126.90525573
5316,조원초교,37.48385297,126.90983233
5317,신내우남아파트(경보),37.60678393,127.09886788
5318,별장슈퍼,37.60220923,127.11096445
5319,동원중동측,37.60360911,127.10992677
5320,청소년수련관,37.60522814,127.10858708
5322,불광NC백화점,37.60996691,126.92828511
5323,중계브라운스톤,37.64067835,127.06442041
5324,디지털미디어시티,37.57817842,126.89057263
5325,금란조경,37.66268893,127.02161319
5326,월드컵파크6단지,37.58153060,126.88496400
5327,대림공원(연등),37.49071082,126.90336576
5328,광진교북단삼거리,37.54667625,127.10574213
5329,신동아하이팰리스,37.52172519,126.88529531
5330,벽산블루밍아파트,37.49196264,126.94389386
5331,금호초교,37.55293847,127.01942554
5332,황외과삼거리,37.53159715,126.83739891
5333,석계초교앞,37.60869764,127.07033278
5334,석관대우아파트,37.60260172,127.07107259
5335,우리은행중랑교지점,37.59368049,127.07502513
5336,코스트코상봉,37.59768484,127.09062251
5337,라이온스톤오피스텔(연등),37.57126748,126.92992803
5341,월드컵파크207동,37.57598783,126.89117742
5342,센트레빌레우스,37.49748110,126.85368510
5343,숭례문정류장,37.55867745,126.97393292
5339,홈플러스강서점,37.55748701,126.85609936
5340,우리금융상암센터,37.58365332,126.88707090
5344,쌍용하이츠빌라,37.49920888,127.09068929
5345,천주교석촌동교회,37.49791709,127.09449502
5346,삼부그린체육센터,37.60719128,127.10095681
5347,공항빗물펌프장,37.55641985,126.81639590
5348,공진초등학교,37.55739144,126.82310021
5349,반야정사삼거리,37.55683287,126.81984548
5350,범일운수,37.45015303,126.91241103
5351,동부지하차도,37.60488462,127.07075258
5352,석계철도청앞,37.60731175,127.07029105
5353,연희IC서측,37.56556480,126.92805671
5354,연꽃어린이집,37.48731661,126.89068535
5355,외환은행휘경점,37.58952794,127.06033782
5358,일신건영102동,37.60144817,127.01213456
7496,위례아이파크입구,37.47653596,127.14145505
5360,영등포신세계주차장,37.51596892,126.90545805
5361,여의도굿모닝증권,37.52573616,126.92430322
5362,대신빌딩,37.59545843,127.01591111
5363,방주교회삼거리,37.51877996,126.85589170
5364,종월교(경보),37.59553692,127.04088407
5366,중앙대후문(경보),37.50625342,126.95514490
5367,이마트수색점,37.57949856,126.89991099
5368,세브란스,37.56008372,126.93885351
5369,서울시교육연수원,37.47362872,126.99767249
5370,광진교북단사거리,37.54650122,127.10756296
5371,크레망스아파트,37.55472243,126.90100570
5372,해성교회,37.61505109,127.07855311
5373,망우금호아파트,37.60039694,127.10958530
5374,월드컵파크5단지,37.57979623,126.88788998
5375,월드컵파크407동,37.57707626,126.88946125
5376,난향삼거리,37.46136622,126.92457099
5377,광진교남단,37.54210635,127.12179745
5378,대우한강베네시티,37.54102519,127.12518269
5379,보험연수원앞,37.58642084,127.01878923
5380,동대문역사문화공원역,37.56542041,127.00976909
5381,옥수역,37.54139842,127.01745858
5382,방패교육대(연등),37.64715345,126.93822066
5383,진관사입구,37.64233937,126.93861596
5384,하나고,37.64117205,126.93770382
5386,입곡삼거리(연등),37.65120984,126.93685616
5390,신정한양주유소,37.51202729,126.84092656
5392,한청상가앞삼거리,37.54277259,126.88125438
5393,등서초교,37.55250279,126.85431662
5394,아홉길사랑교회,37.49783742,126.88466339
5387,지향초교,37.51241751,126.83728025
5389,동일하이빌아파트서측,37.51056495,126.83648422
5395,청화병원,37.50794719,126.94006456
5396,하늘공원입구,37.56961366,126.88063329
5397,상암어린이집,37.57407926,126.89280316
5398,유니골프클럽,37.54532693,126.91957831
5399,당인리발전소정문,37.54546507,126.91729001
5400,창번2교,37.63858395,127.03455783
5401,목동1030동앞,37.51742154,126.85661396
7502,영동중학교정문,37.46548040,127.02475533
5404,솔샘시장,37.61999147,127.01838419
5405,삼각산고입구,37.61442721,127.02218512
5406,대창빌딩,37.55489145,126.81643246
5407,상도래미안328동,37.49817611,126.95337221
5408,양원역,37.60626634,127.10798581
5409,충무아트센터,37.56510784,127.01401081
5410,양천공영차고지,37.50843803,126.83767086
5411,무악현대아파트,37.57435905,126.95806288
5413,강남웨딩문화원,37.48680594,126.90466245
5414,말미고개,37.46437480,126.89749494
5415,홈플러스시흥점,37.45273983,126.90129513
5416,대도연립,37.44034039,126.90332091
7503,선암IC동측,37.46017251,127.02127191
5418,궁동삼거리,37.50639695,126.82913518
5419,송파IC,37.47077986,127.12948653
5420,길원초교입구,37.61004940,127.01492959
5421,길원초교입구(연등),37.61027458,127.01542003
5422,길음뉴타운222동,37.61230930,127.01763878
5423,한양701동,37.65628056,127.03309466
7535,영천교회앞,37.61431865,127.04037573
5425,서서울생활과학고등학교,37.50227950,126.82904571
5426,수궁119안전센터(연등),37.49648184,126.82967417
5427,행복한교회,37.55750533,127.02463850
5429,본동초교(임시교차로),37.51039556,126.95304266
5430,동작초교(임시교차로),37.49265692,126.97673830
5432,타워팰리스입구,37.48698221,127.05383994
5433,청솔빌딩,37.53552884,126.83741803
5435,와산교입구,37.58873913,126.91392069
5436,상수동사거리,37.54506384,126.92292501
5437,상수동리버하임앞,37.54503943,126.92452639
5438,서울신용평가정보삼거리(연등)2,37.54570481,126.92749715
5441,금호두산위브아파트,37.55563198,127.02289195
5442,세진테크노빌,37.47885056,126.88407114
5443,효제초교,37.57347046,127.00420191
5444,정은스카이빌,37.52238415,126.85014717
5439,문래영문초교,37.52024339,126.88719403
5440,문래두산위브아파트,37.51758431,126.88652778
5445,서울예고앞,37.60646254,126.96932451
5447,월곡두산위브아파트,37.60845129,127.03610926
5448,백연공원,37.55083886,126.85225291
5449,디지털3단지파출소,37.47651756,126.88325577
5450,우신향병원,37.58429978,127.03096083
5451,누죤,37.56680411,127.01240819
5452,상암동가스충전소,37.58148641,126.87863869
5453,월드빌아파트,37.58670600,126.91236474
5454,광나루지하차도,37.54604384,127.12196037
5455,정릉대림아파트,37.61544725,127.00882784
5456,현대홈타운삼거리,37.49045794,126.86126653
5457,롯데캐슬헤론,37.49659111,126.98548555
5458,신용산지하차도,37.53013634,126.96732546
5459,중랑천로굴다리,37.59425705,127.07248853
5460,주공326단지,37.65044074,127.05675057
5461,세브란스응급실,37.56199211,126.94228946
5462,녹지대,37.52010139,126.98682565
7564,관악영어마을(연등),37.47263284,126.95884891
5464,우리유앤미아파트,37.49648403,126.88256837
5465,영중초교,37.52293470,126.90383990
5466,신당현대아파트,37.56067188,127.02381669
5467,스타밸리,37.48120833,126.88548441
5468,문래금호어울림,37.51868171,126.89836551
5469,목동1333동앞,37.51431140,126.86712690
5470,국립과학수사,37.52375191,126.82723252
5472,강서메디컬약국,37.54250673,126.84377980
5473,보성운수종점,37.46418415,126.91919024
5474,난향초교입구,37.46302990,126.91896857
5475,금호베스트빌아파트,37.56206177,127.02427262
5476,삼우카센타,37.55934841,127.17101416
5477,관악산주공아파트2단지앞,37.46057837,126.91930656
5478,관악휴먼시아아파트1단지,37.46109724,126.92204210
5479,용산역,37.52727995,126.96602795
5480,삼성129동앞,37.50682951,127.09540850
5482,애오개역(연등),37.55457948,126.95722471
5483,잠실119안전센터,37.50701944,127.09413438
5484,구로롯데캐슬111동앞,37.50299656,126.88510283
5485,구로롯데캐슬111동앞(연등),37.50326558,126.88565728
5490,길음뉴타운1단지,37.60575339,127.02209983
5491,크레송앞,37.48293649,126.87769224
5492,강남자동차매매시장입구,37.46969390,127.12036986
5493,청파동입구,37.54955810,126.97181280
5486,데이콤빌딩,37.52399041,126.96292367
5487,KT한강로빌딩,37.53161320,126.97019306
5488,일진빌딩,37.54042806,126.94702683
5489,길음뉴타운6단지,37.60697594,127.02160448
5494,제일빌딩,37.54428128,126.95282763
5495,숙대입구역7번출구,37.54335436,126.97248341
5496,삼성아파트앞(연등),37.61081679,126.97758869
5497,신관상사,37.56676190,127.05466899
5499,송중초교(연등),37.61649908,127.03154143
5500,미아롯데주차장입구,37.61531402,127.03080456
5501,미아롯데주차장출구(경보),37.61425155,127.03096591
5502,501동삼거리,37.51705790,127.09068662
5503,도림교회앞,37.51013979,126.89815229
5504,서울숲입구,37.54439378,127.04441063
5505,수양부모협회입구,37.59947918,127.00210514
5506,문래자이아파트,37.51554405,126.89903967
5507,가산동한국훼스토,37.48364033,126.88013148
5508,도봉파크빌3단지,37.68772324,127.04942250
5509,개봉초교앞,37.48998940,126.85609594
5510,구로세관앞,37.47185023,126.88538466
5511,웨이브모텔,37.60713211,127.01059652
5513,KT도봉지점(연등)2,37.64628781,127.03743782
5514,KT도봉지점(연등)1,37.69163865,126.87151250
5515,동일로주유소,37.56802873,127.07864511
5516,신내데시앙정문,37.61083004,127.10117266
5517,신도림미래사랑시티,37.50897167,126.88640862
5519,연희중앙교회,37.57028199,126.93074348
5520,코끼리약국,37.50817806,127.08791686
5522,천호초교,37.54840440,127.13571811
5523,도림쌍용아파트사거리,37.50868385,126.89626688
7567,기룡빌딩앞(연등),37.53050189,126.84544959
5525,서울놀이마당앞(연등)2,37.50845816,127.09742270
5526,방통대앞,37.57864802,127.00218850
5527,갈현노인복지관입구,37.62494186,126.91720180
7568,길동119안전센터,37.54080293,127.14442860
7580,방죽마을사거리(연등)1,37.47152927,127.10667178
5530,마곡역,37.55973333,126.82688323
5531,내곡중학교,37.64790247,126.76770508
5532,도곡역(연등)2,37.48962054,127.05579284
5534,대왕중교(연등),37.48403804,127.08916099
5535,CBS앞(연등)1,37.52701320,126.87406738
5536,목동하이페리온1(연등),37.52588100,126.87581340
5533,중화역(연등),37.60359613,127.07909629
5537,목동주차장(연등)2,37.52681999,126.87601684
5538,고은초교(연등)1,37.58424753,126.94302294
5539,고은초교(연등)2,37.58443165,126.94375003
5540,상사마을(연등),37.58209201,126.79840829
5541,수협야채동직판장(연등),37.55648849,126.82191469
5542,청원파크빌,37.56749470,127.06264984
5543,동자초교(연등)2,37.53390310,127.07334808
5545,북서울농협삼양,37.62938461,127.01794519
5548,당현초교(연등),37.64866090,127.06071067
5549,신수동서강빌딩(연등),37.54991231,126.93842102
5551,공단우체국(연등)2,37.48327609,126.89958729
5553,쌍문초교후문,37.64789669,127.02468045
5554,연희IC(연등)2,37.56424126,126.92892465
5555,방화5단지(연등),37.57707438,126.81257707
5556,신도림우성아파트(연등)2,37.51091377,126.88446186
5557,연신초교삼거리(연등)2,37.62662853,126.92911378
5558,신림2교(연등),37.47674690,126.93665185
5559,SK씨티아파트(연등),37.62008258,127.01673159
5560,관악산주공아파트2단지앞(연등),37.46133337,126.91905460
5561,창원초교(연등)2,37.65138161,127.04388579
5562,녹번초교(연등),37.60480178,126.92423171
5563,쌍한교(연등)2,37.64448471,127.02899266
5564,인왕아파트(연등),37.58501109,126.94822859
5565,거리공원오거리(연등),37.49788687,126.89388422
5566,청량리민자역사앞,37.58138965,127.04680175
5568,구암지구대(연등)1,37.48674753,126.94423387
5569,대우한강베네시티(연등),37.54073172,127.12624590
5570,대림우성아파트(연등),37.49542940,126.91149145
5571,기상청입구(연등),37.49697630,126.91638024
5572,유니골프클럽(연등),37.54516704,126.92156724
5573,번동파출소,37.62317603,127.04783575
5574,월곡3동삼성래미안(연등)2,37.60927690,127.03588065
5575,롯데캐슬헤론(연등),37.49756390,126.98522938
5576,성북초교후문,37.59419271,126.99920343
5577,응암푸르지오,37.59823105,126.92529919
5578,훼미리약국(연등),37.50239795,126.84869379
5579,광진교남단(연등),37.54172259,127.12300916
5580,신내진로아파트(연등)2,37.61541947,127.09377260
5581,서강한진해모로아파트(연등),37.54562580,126.92856588
5582,홍은IC진입로(연등),37.59400145,126.94802293
5585,방패교육대,37.64790742,126.93754499
5586,마포자이아파트(연등),37.54449528,126.94555309
5587,가산동한국훼스토(연등),37.48227099,126.88076878
7499,포이초교,37.47536291,127.05297528
5584,대원주유소(연등),37.48600129,126.85648013
5588,세종대로사거리(연등)1,37.57011503,126.97566307
5589,서울경찰청,37.57406703,126.97271391
5591,삼성아파트앞,37.61113402,126.97837671
5592,신도림미래사랑시티(연등),37.50942278,126.88699512
5593,신당초교후문(연등),37.56410826,127.02431800
5594,국립극장앞(연등)1,37.55159433,127.00104703
5595,국립극장앞(연등)2,37.55208830,127.00168435
5596,퇴계로4가(연등),37.56300608,126.99844412
5597,신용산초교(연등)1,37.51972722,126.97452453
5598,신용산아파트(연등)2,37.52132157,126.96870765
5599,신용산아파트,37.52119824,126.96962875
5600,철도정비창(연등)2,37.53254710,126.95690713
5601,법원후문(연등),37.49673516,127.01300263
5602,송파경찰서(연등)2,37.50126680,127.12921459
5603,둔촌동역(연등),37.52919046,127.13521600
5604,문정1동주민센터(연등)2,37.49093407,127.12517633
5605,천호삼성아파트(연등),37.53905809,127.13616585
5606,양천빌딩,37.51672874,126.83827760
5607,백련산파크자이101동,37.59339587,126.92128465
5608,대방대림아파트(연등),37.50881289,126.92526605
5609,구로디지털단지역(연등),37.48475340,126.90180319
5610,양남사거리(연등),37.52260846,126.88778465
5611,거리공원입구,37.50706066,126.88548787
6664,서대문소방서(경보),37.57168150,126.93473534
6665,장원고시원(경보),37.56446434,126.96383193
6669,신연중(연등),37.58390345,126.93912069
6679,동부센트레빌아파트입구1(경보),37.56693868,126.96355301
6684,서울여자간호대입구(연등),37.59552505,126.94877247
6698,증미역(연등)2,37.55580497,126.86318148
6701,목동아파트304동앞(경보),37.53597329,126.87444521
6702,목동아파트3단지입구,37.53405464,126.86981159
6705,화곡고등학교,37.54845319,126.83256259
6707,영일어린이공원,37.51006571,126.90454773
6714,삼성동센트럴아이파크(연등)1,37.51596468,127.05176910
6717,잠실파크리오107동(연등),37.51992469,127.10449743
6725,남부고용노동지청앞(연등)1,37.52528430,126.88842627
6731,천왕연지타운1단지(연등),37.48793108,126.83967184
6732,번영기업,37.48262552,126.84321011
6739,양천구청(연등),37.51680077,126.86736759
6742,목동아파트1407동앞(경보),37.51655666,126.87145122
6743,신강초교(경보2),37.52559752,126.84204869
6737,길훈아파트앞(경보),37.52386578,126.83160675
6744,지향초교입구(경보),37.51252293,126.83847899
6746,정목초교진입로(경보),37.53667216,126.86917702
6748,목동부영그린타운(연등)2,37.53570948,126.88072654
6750,방송회관(연등),37.52661068,126.87102118
6752,오류1철도건널목(경보),37.48885279,126.83557412
6764,반포IC하단,37.50281509,127.01924942
6767,코엑스서문(연등),37.51048751,127.05795557
6770,오목교위(경보),37.52418507,126.87813322
6771,목1219동,37.51311978,126.86344161
6775,광문고교(연등),37.55964536,127.15680987
6780,양천도서관(연등)1,37.53319143,126.87550416
6667,경기대학교후문(경보),37.56400924,126.96152083
6668,경기학원(경보),37.56306571,126.96209710
6672,홍은중앙로8길(경보),37.59912816,126.94770322
6675,남양아파트앞(경보),37.58929138,126.93833598
6689,공항시장(연등),37.56437916,126.81124859
6711,잠실3사거리(연등),37.51257347,127.09227746
6716,코스트코(연등),37.46323368,127.03551363
6718,초이주유소,37.54437042,127.16702733
6724,둔치주차장(연등)1,37.53402932,126.91251816
6757,구로1교(연등),37.48731326,126.89746369
6772,계남초교(연등),37.51178936,126.86002656
6779,탑성마을(연등),37.45976229,127.05430714
6781,북가좌삼거리(연등),37.57544522,126.90721617
6674,홍은교(경보),37.59410034,126.94763526
6697,문래LG아파트정문(연등),37.51695360,126.89808304
6712,복정역(연등),37.47075907,127.12765212
6721,숯내교동측(연등),37.47928413,127.11642299
6722,한남대교남단(연등)1,37.52245495,127.01911938
6723,도림고가밑(연등),37.51125136,126.89923582
6730,천왕연지타운1단지,37.48750617,126.83962595
6733,하늘숲유치원앞,37.48414297,126.84244477
6765,영동중학교,37.46494732,127.02549893
6784,짜장궁,37.61657380,127.02894682
6687,양천도서관(연등)2,37.53381117,126.87684497
6690,방화2단지(연등)1,37.57394075,126.82049344
6691,계남공원(연등),37.51028760,126.85899997
6692,감일동,37.50482195,127.14800401
6693,삼성129동앞,37.50679960,127.09595905
6699,등원초교후문,37.56034193,126.85047194
6738,양평교하부,37.53888575,126.88491574
6741,신월감나무식당앞(경보),37.52795030,126.83601195
6745,신서초교정문(연등)2,37.52050521,126.86307853
6703,"신정역2,3번출구",37.52523389,126.85768357
6728,문래동현대3차아파트(경보),37.51670843,126.88413546
6753,항리3철도건널목(경보),37.47695203,126.81922613
6769,목동운동장북문(경보),37.53185336,126.88196447
6773,강동구청(연등)1,37.53042487,127.12183665
6783,솔샘시장(연등),37.61986701,127.01933071
6660,북아현로14길,37.56260310,126.95546837
6661,경남아파트101동,37.56121217,126.95593385
6662,e편한세상신촌401동(연등)1,37.55934444,126.95661256
6671,인왕산힐스테이트(경보),37.58624744,126.95018453
6676,홍은교회(경보),37.59374346,126.94482613
6677,이화여대입구1(경보),37.55806166,126.94576576
6678,동부센트레빌아파트입구2(경보),37.56667015,126.96213941
6681,독립문교차로1(경보),37.57260373,126.96022068
6682,안산초교앞(경보),37.57954476,126.95262261
6683,안산초교2(경보),37.57979669,126.95276168
6686,DMC두산위브아파트(연등),37.58085579,126.91522354
6694,경인고속입구(경보)1,37.53006441,126.89159743
6715,삼성동센트럴아이파크(연등),37.51628578,127.05158254
6704,월촌중(연등),37.53754962,126.88118289
6709,신서초교후문,37.52036053,126.86137482
6719,대림역(연등),37.49183543,126.89516853
6720,KEB하나은행방배동(연등),37.48499450,126.99543189
6727,우장산휴먼빌아파트,37.54748841,126.84333578
6729,GS홈쇼핑(경보),37.52093265,126.89053744
6735,구로디지털단지입구(연등),37.48299826,126.90027164
6747,강서초교(연등)2,37.52249579,126.84416117
5915,관악봉성교회,37.48634470,126.95904585
6754,신트리공원(경보),37.51315926,126.85626419
6755,목동로데오(경보),37.52859799,126.86072908
6758,사당구립도서관앞,37.48418754,126.96718683
6768,한남대교남단동측,37.52355533,127.01680373
6776,덕수펠리체빌라(경보),37.53837451,126.83324179
6778,광진교,37.54257806,127.12037068
6782,새일호자동차공업사,37.53533231,127.05964464
6663,이화여대입구(경보),37.55734823,126.94584979
6666,경기대학교정문(경보),37.56471014,126.96277799
6670,홍제2동주민센터(경보),37.58591470,126.94940774
6673,홍전교(경보),37.59554293,126.94681792
6700,서정초교삼거리,37.52397438,126.86856153
6710,양천구청역(연등)3,37.51332511,126.86765701
6713,은평어울림1019동앞,37.64455081,126.91528400
6680,독립문교차로2(경보),37.57181162,126.96021601
6685,홍전교2(경보),37.59614977,126.94649278
6688,신서초교정문(연등)1,37.52087955,126.86241078
6695,청운벽산빌리지,37.59094075,126.96972748
6726,문래현대6차아파트앞,37.51874452,126.88457562
6734,대정주류유통기업앞(경보),37.48228892,126.84737733
6736,신정두산위브101동앞,37.51937272,126.84473226
6762,잠수교남단(연등),37.51229397,126.99764141
6774,강동구청(연등)2,37.52938586,127.12406648
7095,보석빌딩(연등),37.48417502,127.04507511
7245,하늬중학교(연등),37.55927381,126.82038499
7246,무지개아파트(연등)1,37.48830550,127.02748276
7249,수서6단지605동,37.48640433,127.10587977
7250,수서6단지605동(연등),37.48645756,127.10513910
7254,재활용알뜰장(연등),37.49436401,127.13798179
7260,강남한양수자인426동앞,37.47369964,127.11309844
7729,녹천교동측(연등),37.64532477,127.05835199
7738,세검정(연등),37.59965657,126.95760538
6847,쌍문1동마을마당,37.65465862,127.01601737
7886,마곡레포츠센터,37.57212532,126.83260360
7897,송파푸르지오시티(경보),37.48031709,127.12141010
7646,홍은사거리(경보),37.59151762,126.94097269
7664,삼성아파트(경보),37.49613360,127.13973613
7669,엘스아파트141동 앞(경보),37.51622988,127.08301116
7670,오벨리스크(경보),37.47975645,127.11994963
7671,올림픽공원R(경보),37.51190543,127.12859352
7677,장지교(경보),37.47645250,127.12783368
7684,강일지구11단지(경보),37.56276839,127.17963198
7691,초이동(경보),37.54225029,127.16209224
7701,성내2치안센터(경보),37.53504732,127.12449544
7703,성내중학교(경보),37.52922000,127.13054201
7040,대륭테크노17차(연등)1,37.46883474,126.88671208
6796,신내우디안220동,37.61610499,127.11233708
7757,조선호텔앞(연등),37.56367157,126.97973033
6807,고척교서단,37.49953420,126.86887263
6790,은광교회,37.61800221,127.04303681
6837,양천구청옆(경보),37.51753410,126.86682831
6840,양화교밑(연등),37.54690188,126.87930341
7594,상원중(연등)2,37.67093508,127.05851692
7034,에쓰오일(연등),37.45009923,126.90336068
7042,온곡초교(연등)1,37.66750504,127.06667817
1265,충무교(연등),37.47525200,126.93651153
7024,푸르지오시티(연등)2,37.47496381,127.10446307
7027,강동도서관(연등)1,37.53839231,127.14629337
7595,다산교(청계7가)(연등)1？,37.65335450,126.86234599
7596,금남시장(연등)1,37.54822569,127.02200705
7598,광운대입구(연등),37.61695281,127.05661317
7630,무교동사거리(연등),37.56927782,126.97929776
7640,505동앞,37.51453034,127.09157180
7759,창전삼거리(연등)2,37.55099026,126.93300146
7768,난향새마을금고앞,37.46569025,126.91993274
7769,레이크빌빌딩,37.50704841,127.10557723
7644,홍은교회1(경보),37.59348998,126.94485689
6829,디지털미디어시티(연등),37.57931982,126.89166350
6833,신정네거리역(연등)2,37.52022714,126.85289383
6855,월계꿈의숲SK뷰(경보),37.62212283,127.05252456
6994,서울대교수아파트(연등)2,37.46676598,126.95776268
7005,박미삼거리(연등)2,37.44868891,126.90383982
7008,국민은행남성(연등)1,37.48477542,126.97090596
7010,세종마을음식문화거리(경보),37.57711062,126.96928127
7022,자곡래미안(연등),37.47208718,127.09462538
7032,조원아파트사거리(연등),37.48372429,126.90850697
7046,용강동(연등),37.54192522,126.94271348
7050,굴다리입구(연등),37.55994461,126.94040264
7052,반포힐스테이트(연등),37.50003692,126.99659709
7064,서울놀이마당앞(연등)1,37.51005208,127.09660399
7071,당산한양아파트(연등),37.52534087,126.90253800
7082,마포푸르지오212동앞(연등),37.55394004,126.95376431
7087,삼성본관,37.56248368,126.97633419
7098,미사강변5단지,37.56784991,127.17932083
7100,마곡유치원,37.56906966,126.81827294
7102,구로자원순환센터,37.48331164,126.82702294
7107,묘곡초교(연등)1,37.55886013,127.15244595
7108,묘곡초교(연등)2,37.56024894,127.15141064
7110,공진중(연등)1,37.56583437,126.84983620
7111,마곡2단지,37.56877848,126.82080445
7115,구반포치안센터,37.50425561,126.99454611
7116,두무개삼거리(연등)1,37.53038627,127.00673660
7117,두무개삼거리(연등)2,37.53025543,127.00734606
7139,기아대교앞(연등),37.43823892,126.90318349
7140,상도래미안328동(연등),37.49788601,126.95312556
7142,강동도서관(연등)2,37.53669637,127.14577569
1266,신림2교,37.47708133,126.93738798
1267,신본교,37.47752479,126.93499053
1268,신림1교(연등),37.60750465,126.82092198
1269,신림1교,37.47884452,126.93210736
1270,신림교입구(연등),37.48087837,126.93014280
1271,신림교입구,37.48241172,126.92987427
1272,가야쇼핑,37.48626701,126.92934985
1273,가야쇼핑(연등),37.48756376,126.92878351
1274,관악노인복지관,37.49250823,126.92681227
1275,동산교회,37.47907835,126.92947918
1276,신림초교,37.47938276,126.92807868
7121,을지로4가(연등)4,37.56660925,126.99750130
7122,경인빌딩,37.53199114,126.86015139
7124,레이크호텔(연등)2,37.50788479,127.10269604
7131,봉천동아아파트(연등),37.49029002,126.95432417
7135,대창빌딩(연등),37.55392181,126.81654180
7145,신월보람아파트(연등),37.52996375,126.83662672
7149,마천금호어울림1차(연등),37.49674617,127.15409385
7150,천일중(연등),37.54525481,127.12744047
7152,수궁동성당(연등)1,37.49543577,126.83029934
7155,마곡중학교(연등),37.56720059,126.82176974
7156,송파성광중앙교회,37.50008843,127.09680303
7161,독산한신아파트(연등),37.45659932,126.88732144
7165,스타밸리(연등),37.48049334,126.88598226
7166,크레송앞(연등)1,37.48361342,126.87740971
7178,샘터근린공원(연등),37.56301166,127.15870542
7616,성복교회(연등)2,37.57174176,127.07681599
6804,황외과삼거리(연등),37.53265292,126.83673080
6858,생태공원삼거리,37.52628651,127.12265449
1277,신림초교(연등),37.47926474,126.92742944
1278,신림교,37.48164020,126.92871637
1279,남도전기,37.48606897,126.95387309
1280,행복한감리교회,37.48639779,126.95172677
1281,국민은행관악,37.48670112,126.94882928
1282,현대시장,37.48691893,126.94693869
1283,구암지구대(연등)2,37.48698733,126.94561820
1284,구암지구대,37.48689145,126.94488980
1285,봉천119안전센터,37.48612010,126.94069817
7181,제이타워웨딩(연등)1,37.48121109,126.91099338
7186,올림픽공원북2문(연등)2,37.52465977,127.12917949
7188,강동경찰서앞(연등)2,37.52805112,127.12704484
7189,나이아가라호텔(연등)1,37.54888618,126.87916035
7195,개봉역앞(연등)1,37.49353416,126.85806983
7198,목양침례교회(연등),37.45350981,127.05916512
7587,양천구청역(연등)4,37.51268332,126.86578117
7600,당고개입구오거리(연등),37.66276621,127.07542955
7601,청계8가(연등)1,37.57144816,127.02339676
7604,종로4가(연등)3,37.57069140,126.99706470
7605,광교(연등),37.56870166,126.98274152
7009,조원초교(연등),37.48398688,126.91022709
7211,거리공원입구오거리(연등)3,37.50217269,126.89341083
7212,한미은행양재(연등),37.48682585,127.03291405
7214,신동초교정문(연등),37.51579446,127.01283297
7020,자곡사거리(연등),37.47523550,127.10527593
7025,역삼세무서(연등)2,37.49550902,127.03813175
7036,구로세관앞(연등),37.47295833,126.88487298
7059,서울의숲입구(연등)2,37.54388783,127.04281595
7061,은평롯데몰(연등),37.63911611,126.91948121
7089,예성유토피아앞,37.48600659,126.89942414
7295,신한은행방학(연등),37.66274031,127.03613564
7296,안암오거리(연등)4,37.58203953,127.02859280
7297,연가교(연등),37.57291437,126.92060232
7299,염광여상(연등),37.62622893,127.05269122
7312,청계문화회관(연등),37.57180267,127.03582450
7324,옥수파크힐스111동앞,37.54864452,127.01272196
7405,금호고교,37.55328196,127.02267109
7409,구파발역(연등),37.63734927,126.91880010
7417,청계산SH710동앞(연등),37.44807573,127.05615904
7420,항동지구,37.47979899,126.82244443
7453,H비즈니스파크,37.48463337,127.11596447
7459,공항고등학교,37.57019877,126.81937276
7460,신림고,37.47805777,126.91781724
7464,신도림우성아파트(연등)3,37.51285740,126.88595446
7725,광진우체국(연등),37.53807545,127.09067501
7727,길음역(연등)1,37.60465261,127.02488710
7731,도봉세무서(연등),37.61898981,127.02906404
7735,성신여대입구역(연등)2,37.59203864,127.01662420
7736,숭인시장(연등),37.61323236,127.03006904
7739,안암오거리(연등)1,37.58308769,127.02954137
7745,이문우체국(연등),37.59981340,127.06194632
7747,후암삼거리(연등),37.55297757,126.97653783
7751,내곡중학교,37.45177826,127.05411793
7752,압구정현대1차아파트(경보),37.53216006,127.02711123
6803,백경한의원(연등),37.52051572,126.83472162
6805,방화3동성당(연등)2,37.57590072,126.81999859
6826,청암고교(연등),37.65242694,127.07356177
7084,아크로리버파크입구,37.50536388,126.99374204
7128,문창초교(연등),37.48755285,126.91279186
7138,여의도광장(연등),37.52649234,126.92633747
7147,마천청소년센터(연등),37.49287289,127.15613724
7151,천호중(연등),37.54578502,127.13846103
7162,말미사거리(연등),37.46650648,126.89861296
1465,남부사업소,37.49401241,126.89861895
1466,대림119안전센터(연등)2,37.49721466,126.90358308
1467,대림119안전센터,37.49771992,126.90401894
1468,신도림고가차도(연등),37.50476354,126.89702026
1469,대림성원아파트(연등),37.50275592,126.89650784
1470,MG새마을금고앞,37.50155092,126.89702811
4148,한신초교,37.65097172,127.03112738
7176,현대시장입구(연등)3,37.48226986,126.94634037
7179,여의나루역(연등),37.52626979,126.93159562
7187,장지동주민센터앞(연등),37.48727354,127.13257597
7190,나이아가라호텔(연등)2,37.54896375,126.87806996
7192,지식산업센터,37.47474387,126.88135190
7202,영등포소방서(연등)1,37.51825402,126.90345241
7204,구로세무서(연등),37.51493967,126.90234215
7209,대림1동새마을금고(연등)1,37.49386025,126.90486921
7216,롯데캐슬갤럭시1차아파트(연등)2,37.52114516,127.01689016
7217,방원중학교(연등),37.57626551,126.80964436
7218,개화육갑문(연등),37.58472270,126.81979023
7219,반원초교(연등),37.50884312,127.00426070
7221,둔치주차장(연등)2,37.53391388,126.91415962
7225,관악소방서(연등)3,37.47455895,126.95290090
7231,언남초교앞(연등),37.45515817,127.05958373
7232,서초더샵1단지앞(연등)1,37.45442444,127.06319558
7234,중화지구대,37.59814125,127.07198630
7242,드림요양병원,37.49643484,127.12204780
7252,수서6단지607동(연등),37.48649737,127.10381342
7265,청계산역,37.44816554,127.05482604
7281,남산도서관(연등),37.55221355,126.98205313
1655,신상도초교,37.49901995,126.94396684
4948,미소로프라자(연등),37.52790577,126.90366335
4949,사근파출소(경보),37.56012225,127.04178258
4950,남성아파트앞,37.51322185,126.89202158
4951,감사원(경보),37.58753098,126.98349544
4952,갈현초교,37.61911747,126.91542390
4953,당서초교정문(연등),37.53156760,126.89807103
4954,송화초교,37.56905651,126.81662912
4957,동향마을,37.54933037,126.80132104
4959,성균관대정문(경보),37.58492613,126.99722441
4960,명륜파출소(경보),37.58777066,126.99667655
4961,명륜제일교회(경보),37.58973570,126.99827337
4962,경신고교앞(경보),37.59098893,126.99943751
4963,우리마트앞(경보),37.58718420,126.99998636
4964,e편한세상효제(연등),37.57341438,127.00326094
4965,충신시장(경보),37.57352392,127.00594053
4966,동망봉터널위,37.58064117,127.01504802
4967,청룡사앞(경보),37.58026788,127.01730294
7259,래미안포레301동앞,37.47341921,127.11071014
4986,공항중,37.56282392,126.81650526
4987,제1청사,37.55852529,126.80658929
4988,유료주차장,37.56104417,126.80461675
4989,공항고등학교,37.55942442,126.80377793
4990,지하차도위,37.56199965,126.80503799
4991,화물터미널앞,37.55037032,126.81559842
4992,반포3동주민센터(연등)2,37.51331273,127.00654118
4993,올림픽진입램프,37.50591729,126.98930216
4994,서초아르누보호텔(연등),37.49491684,127.01763049
4995,염강초교(연등)1,37.56084296,126.86161545
4997,당산초교,37.53934721,126.89506767
4998,선암IC(연등)2,37.46079212,127.02044836
4999,일원우체국,37.49154196,127.08791849
3342,용두4교,37.57405572,127.03505763
4229,우이2교(연등),37.64072688,127.03363534
3791,창일초교,37.64725382,127.04834478
859,힐튼호텔,37.55519197,126.97663957
7282,대경상고(연등),37.55612660,127.01992822
7285,동원중교(연등)1,37.60462594,127.10678299
7289,상계주공5단지,37.65210409,127.06415000
7294,수유3동우체국(연등),37.64225948,127.03017504
7300,용산역앞(연등),37.52703198,126.96435812
7306,응암초교(연등),37.58864284,126.91910851
7307,이조빌라(연등)2,37.56439047,126.92020751
7314,팔복기사식당(연등),37.56884159,126.91833995
7394,북성초교앞(연등)2,37.55862543,126.95464499
7395,아현중앙교회,37.55771624,126.95192539
7396,아현중앙교회(연등),37.55817999,126.95190473
7315,한양대앞(연등)1,37.55752796,127.04199886
7320,홍파복지원(연등),37.67973854,127.05536740
7349,금호래미안아파트앞(경보),37.55221789,127.02380562
7352,파크랜드앞(경보),37.58359389,127.08837777
7354,고척119안전센터,37.50478170,126.85498188
7359,방이119안전센터,37.52005539,127.13689361
7376,상봉한신아파트(경보),37.59662507,127.08317804
7382,미아롯데캐슬,37.61683434,127.03498095
7608,홍제역(연등),37.58840030,126.94464883
7612,이태원입구(연등),37.53417895,126.98888187
7615,신석초교(연등),37.54397040,126.93840362
7085,아크로리버파크105동앞,37.50677573,126.99282639
7091,노원자동차검사소(연등),37.63806523,127.07380032
7013,돈암초교,37.59259085,127.01263568
7586,신정역(연등),37.52482138,126.85449540
7590,방화2단지(연등)2,37.57512146,126.82041564
7383,중곡역(연등),37.56764960,127.08526160
7387,롯데마트서울역(연등),37.55491941,126.96780467
7392,북성초교앞,37.55908654,126.95356351
7393,북성초교앞(연등)1,37.55881717,126.95298404
7428,관악성모의원(연등)1,37.47936328,126.94213596
7819,전기공제회관(연등),37.51382008,127.02025361
7821,제2롯데월드(연등)2,37.51429870,127.10385031
7330,쌍한교(연등)3,37.64411105,127.02963397
7452,서울과학전시관,37.47151081,126.95838903
7483,양화대교북단램프3,37.54691386,126.90807556
7485,외환은행정릉(연등),37.61217438,127.00821253
7487,현대마트,37.60333939,127.07740745
7489,양계농협장위,37.61837591,127.04673008
7493,수서IC,37.49305115,127.09936288
7498,더하우스소호,37.52652771,126.91872226
7505,마포대교북단램프1(연등),37.53774604,126.94282534
7518,강남데시앙포레113동,37.48134394,127.09216859
7527,아이파크101동앞,37.47746217,127.14164555
7530,한국후지필름,37.48460138,126.87973495
7552,서울창포원,37.68955120,127.04938903
7558,쌍용자동차서비스(연등),37.50032492,126.88247394
7560,강남운전면허시험장(연등),37.50815918,127.06771502
7565,시몬스논현,37.51791019,127.02894035
7566,국제기술학교(연등),37.51574574,127.02995736
7569,남도전기(연등),37.48587860,126.95498832
7571,수서신혼희망타운입구(연등),37.47691463,127.11050917
7572,동부기술교육원입구,37.55474448,127.14598345
7576,문정시영아파트(연등)1,37.49140988,127.13460054
7579,반포주공66동(연등)1,37.50247788,126.98631983
7585,송학빌딩(연등),37.50039116,127.14318643
7641,KT도봉지점(연등)1,37.64620198,127.03433409
7723,흑석동부센트레빌2차(연등)2,37.50108823,126.96021701
7749,청계산SH6단지,37.45024868,127.05402560
7771,사당역(경보),37.47658547,126.98285696
7778,올림픽공원R(경보),37.51190709,127.12855756
7780,,37.55919234,126.96239706
7783,정릉쌍용아파트(연등),37.59910367,127.01851587
7785,삼양동주민센터(연등)2,37.62700473,127.01814949
7788,월드컵파크8단지입구,37.57855077,126.88216854
7792,아현스포렉스,37.55549475,126.95583615
7794,강남중학교앞,37.50283367,126.92143655
7806,미래초교(연등)2,37.50338193,126.88885952
7807,반포쇼핑타운(연등),37.50613969,127.00479097
7818,이수교차로(연등),37.50035873,126.98555992
7331,한성대입구역(연등)1,37.58816662,127.00665240
7334,강동구청역 (연등),37.53061075,127.12108915
7823,신화교(연등),37.47538545,126.93634244
7825,충무교(연등),37.47450924,126.93527707
7827,화랑교(연등)1,37.47057177,126.93891302
7829,화랑교(연등)3,37.47073761,126.93977415
7835,정릉쌍용아파트(경보),37.59949677,127.01748475
7836,양평삼호아파트앞,37.52839421,126.89347204
7838,바디프랜드(경보),37.48107101,127.04412289
7384,북가좌사거리(연등),37.58279604,126.91278957
7062,문현초등학교(연등)2,37.48158560,127.13145417
7588,외교센터앞(연등),37.48461576,127.02971597
7845,동양파라곤(경보),37.51557946,127.03849354
7846,영동대교남단(경보),37.52558212,127.05554369
7854,율현동 333번지(경보),37.46905254,127.10408187
7855,다니엘학교입구(경보),37.46155972,127.09006058
7860,어린이병원입구,37.45692225,127.07053060
7866,래미안루체하임아파트앞,37.49024900,127.08110060
7876,강남운전면허시험장(경보),37.50756681,127.06728123
7877,영동3교북단(경보),37.48598301,127.05109593
7043,흑석동부센트레빌2차(연등)1,37.50136579,126.96015246
6846,성북물류센타앞(경보),37.61694025,127.06506137
7014,강남운전면허시험장,37.50731023,127.06737637
7329,우리은행장위(연등),37.61391794,127.04332209
7335,세곡동주민센터앞,37.46904343,127.10802063
7341,꽃동산교회(경보),37.62949836,127.07434279
7342,한성대학교우촌관(경보),37.58320083,127.01112429
7346,대륭테크노타운1차앞,37.46992966,126.88347515
7353,목동119안전센터,37.54283875,126.88395178
7377,구남초교(연등),37.53681479,127.09369186
7492,반포종합사회복지관,37.51032674,127.01057425
7494,위례24단지정문사거리,37.47538097,127.14092523
7497,힐스테이트송파위례,37.47903710,127.14174733
7538,녹번119안전센터,37.60094156,126.93483967
7548,당현초교후문,37.64806107,127.05808791
7619,유화유치원(연등),37.66075677,127.02765467
7622,정부서울청사입구(연등),37.57528466,126.97622144
7847,청담자이(경보),37.52286733,127.05674889
7851,테헤란아이파크103동앞(경보),37.50258488,127.04612112
7861,더케이호텔(경보),37.46808180,127.03421938
7863,타워팰리스(경보),37.48725701,127.05210917
7864,중동고교(경보),37.49405989,127.08078091
7865,도곡대림5동(경보),37.48635558,127.04123323
7867,타워팰리스3차(경보),37.48762864,127.05337036
7868,디에이치아너힐즈301동앞,37.48517616,127.06594468
7869,개포디지털혁신파크,37.48855517,127.06433626
7870,단대부고(경보),37.49547609,127.05538586
7871,양전초교(경보),37.49020989,127.07082181
7873,석탑프라자(경보),37.49306001,127.07600275
7874,중산고교(경보),37.48478436,127.08058554
7879,구립푸른어린이집(경보),37.47345260,127.09999452
7880,래미안대치팰리스113동(경보),37.49572025,127.05927465
7883,도곡삼익아파트(경보),37.49159743,127.04131794
7884,하니움(경보),37.48639519,127.10685833
7888,현대아피스,37.54596954,127.10167880
7890,전파연구소,37.64129335,127.11215923
7893,여의도파크센터,37.52044130,126.91868300
7899,서울숲자이101동,37.55440608,127.03909787
7900,포레스타 501동 입구(경보),37.45086729,127.05685427
7901,장지프라자(경보)2,37.47866771,127.12707085
7906,대림아크로타워,37.52391711,126.90816286
7909,송파푸르지오103동앞,37.48273174,127.14009034
7911,신원프라자아파트,37.49932186,126.86435247
7916,마곡센트럴타워,37.55914033,126.83326790
7920,경동고정문,37.58702155,127.01547350
6802,신월초교입구(연등),37.54098107,126.83798661
6813,토요코인호텔앞,37.56448858,127.00922566
7917,사당역정류장,37.47483302,126.98182190
7919,마커스빌딩,37.56034705,126.83346662
6823,금호어울림센터힐(경보),37.59982325,127.02289031
7380,창원초교(연등)1,37.65229873,127.04137240
7381,창전삼거리(연등)1,37.55100841,126.93261041
7753,"강일9,10단지(연등)",37.56195185,127.17993751
7925,공덕역10번출구,37.54177609,126.95316905
6809,화림빌딩,37.59747060,126.91530323
6811,겸재교,37.58544782,127.07447891
6812,꿈마루도서관,37.61157378,127.01352755
6824,덕암초교(경보),37.66687452,127.08091429
6988,청솔우성아파트,37.57488063,127.05762881
6989,압구정역(연등)1,37.52823952,127.02829402
7002,문정중교(연등),37.48792096,127.13155366
7007,개포도서관(연등),37.48227255,127.06105252
7075,올림픽생활관,37.59031897,126.99936114
7088,서울광장,37.56525905,126.97867232
7649,502동앞(경보),37.51595124,127.09106695
7650,506동앞(경보),37.51332007,127.09201341
7654,국민연금관리공단(경보),37.51586040,127.10007444
7682,SM베스트빌(경보),37.53925349,127.13824663
7689,고덕주공901동앞(경보),37.54917403,127.15144305
7699,상일여중고교(경보),37.54823450,127.17087450
7705,고덕아이파크(경보),37.56033075,127.15543526
7708,중앙하이츠(경보),37.55014491,127.16014344
7713,한영중고교(경보),37.54951470,127.15775642
7786,수색119안전센터,37.58491695,126.88979672
7787,금호파크힐스,37.55367734,127.02123056
7791,아현스포렉스,37.55550178,126.95583750
7795,구로등기소(연등),37.49918231,126.89230537
7808,사육신공원(연등),37.51283477,126.94948752
7811,신림1교(연등),37.47849563,126.93165801
7817,양산교(연등),37.47401252,126.93365630
7824,신화교,37.47517594,126.93672241
7923,마포도화현대아파트,37.54113238,126.95466280
7364,기타(강서도로사업소권역),37.53050335,126.86066835
6849,도봉고등학교(경보),37.68704684,127.03992686
6854,광운전자공고,37.62017856,127.05454128
6866,광운대,37.62008502,127.05845273
7114,동작구청(연등),37.51154487,126.94021371
7542,보문파크뷰,37.58080164,127.01775331
7109,송파파인타운5단지,37.48025930,127.12879034
7127,경찰병원후문(연등),37.49804861,127.12559135
7130,명덕초교입구(연등),37.55795191,127.14452709
7655,동풍아트빌(경보),37.50315603,127.13972280
7132,우신고후문(연등),37.49546853,126.82547539
7134,우리유앤미아파트(연등)2,37.49764306,126.88252905
7136,낙성대역앞(연등),37.47705202,126.96374456
7137,제일제당앞(연등),37.50046840,126.87595265
7146,공진중학교(연등)2,37.56487633,126.84918951
7148,행복한치과(연등),37.49498915,127.15494846
7546,청진상가,37.57021284,126.98116377
7180,제이타워웨딩(연등)2,37.48098856,126.90977687
7549,문래하이테크시티,37.51541783,126.90045689
7550,신정교하부,37.51616441,126.88276491
7597,청계9가(연등)1,37.56954906,127.03028739
7607,청계4가(연등),37.56872241,126.99797260
7610,KT한강로빌딩(연등),37.53205491,126.97064422
7620,구파발역정류장(연등),37.63645565,126.91694326
7621,청계5가(연등),37.56980123,127.00202085
7626,서교동(연등),37.55380957,126.91965419
7628,이대역(연등)1,37.55673782,126.94491984
7633,서울YMCA(연등),37.57020540,126.98595384
7636,마곡10단지,37.55886300,126.81881002
7760,데이즈호텔앞,37.56072110,126.98378047
7762,남문시장입구(연등)1,37.47139245,126.89909044
7764,성일초교(연등),37.53104213,127.12853588
7069,청백104동앞,37.63568047,127.05238500
7070,여의도성모병원(연등),37.51820128,126.93959721
7072,서부새생명약국(연등)1,37.60599154,126.91698691
7361,예향교회앞(연등),37.55496233,127.08841379
7624,청계3가(연등),37.56823490,126.99240998
7627,신촌로터리(연등),37.55544020,126.93609997
7631,영도교(연등),37.57092190,127.01912764
7637,비우당교남측,37.57055704,127.02654037
7777,헌릉로입구(경보),37.46097294,127.08300339
6873,신공덕삼성아파트(연등),37.54257262,126.95401038
6875,신도초교앞,37.63416107,126.92993002
6884,마곡캐슬파크,37.56820429,126.82811373
6918,길동119안전센터(연등)3,37.54078691,127.14520825
6933,우솔초등학교,37.45639482,127.01917681
6943,세곡LH1단지앞,37.46702317,127.10174911
6945,불광롯데캐슬입구,37.61350639,126.93208016
6949,정부서울청사(연등),37.57579735,126.97353139
6954,구파발검문소앞,37.63981287,126.91643859
6955,씨유청구역점(연등),37.56057179,127.01294060
6957,장충체육관(연등),37.56010152,127.00560612
6965,수유시장앞,37.63066484,127.02443630
7665,서울복합물류 GATE 2(경보),37.47587585,127.12002697
6975,답십리래미안위브309동앞,37.57121828,127.05387385
6981,서울대병원앞(연등),37.57997849,127.00214777
7350,동구햇살아파트,37.61348029,127.07293932
7547,서울YMCA,37.57021183,126.98547578
7551,영일시장,37.51673938,126.90062215
6791,신내3지구삼거리,37.61948422,127.10707090
6886,마리오아울렛2,37.47889248,126.88725298
6887,봉천119안전센터(연등),37.48611021,126.94125614
6890,롯데IT캐슬,37.47715382,126.88028220
6895,마곡역서측,37.56017545,126.82214506
6902,마곡M밸리4단지앞,37.56953973,126.82525560
6913,양재시프트,37.47374211,127.03432099
6928,제2롯데월드,37.51417995,127.10344383
6931,자곡초교,37.47283399,127.10008970
6932,"서초보금자리3,4단지",37.45927477,127.02323468
6939,목양침례교회,37.45398678,127.05977671
6942,탄천교1교하부,37.50113526,127.08507079
6964,길음1동주민센터앞,37.61006667,127.01960555
6966,길음뉴타운2단지,37.61031754,127.01617815
6978,광운대(연등)1,37.62062750,127.05881669
6982,상암파출소,37.57830721,126.89350962
7067,오목근린공원(연등)1,37.52882058,126.87248170
7074,동묘앞역(연등)3,37.57409919,127.01930006
7754,동북고입구(경보),37.51841375,127.14066967
7079,신정숲속마을,37.50658000,126.83479353
7080,혜화약국(경보),37.58646336,127.00037423
7103,형촌마을입구,37.46274397,127.02292453
7371,초이동,37.54199175,127.16132243
7015,타워팰리스(연등),37.48831952,127.05290644
7018,세곡중학교,37.46973770,127.09175690
6800,보영물류센터앞(경보),37.52691284,126.88879423
6861,마포푸르지오212동앞,37.55465284,126.95344274
6863,숲유치원,37.63459876,126.92132947
7366,기타(북부도로사업소권역),37.64007956,127.02972646
6871,롯데캐슬루나아파트,37.62652671,127.05118007
6872,광화문D타워(경보),37.57127308,126.97932980
7277,국민은행서교동지점(연등),37.55429482,126.92261084
7278,금강병원(연등),37.51800308,126.98038198
7292,성동경찰서앞(연등),37.56129361,127.03696613
7309,종암대교(연등)2,37.59129362,127.04060835
7322,용두119안전센터앞,37.57813553,127.03179994
7325,옥수파크힐스117동앞,37.54739353,127.01266235
7756,삼각산초교(연등),37.61718829,127.01540118
7666,석촌초등학교(경보),37.50256782,127.10397530
7668,신천나들목(경보),37.51777412,127.07772201
7765,신본교(연등),37.47770141,126.93505924
6842,은평위브201동앞,37.63415616,126.92381690
6876,마곡503동앞,37.56518813,126.81934741
6899,조원아파트,37.48618965,126.91201923
6906,마곡602동앞,37.56643120,126.81911523
6909,예인한약국,37.48754339,126.98602294
6912,의정부부대찌개,37.49532736,126.98585816
6917,서울율현초교,37.47340936,127.10682945
6926,고덕빌라,37.56239899,127.15490905
6935,LH푸르지오,37.46700279,127.09439553
6948,지봉로8길입구,37.57555950,127.01567659
6958,중림동(연등)1,37.55927393,126.96931730
6969,흰돌교회,37.58831057,127.07996868
7400,우이성원아파트,37.66071960,127.01357664
7402,위례22단지입구사거리,37.47828962,127.14170162
6990,세곡동사거리(연등)2,37.46491962,127.10633626
6993,서울대교수아파트(연등)1,37.46789483,126.95784719
7226,잠실대교남단(연등),37.51684301,127.09752296
7233,한국엔지니어링협회앞,37.47600226,126.97319128
6877,마곡601동앞,37.56401875,126.82041049
6900,마곡11단지입구,37.56032296,126.82053003
6907,마곡301동앞,37.56825292,126.81925886
6921,서초구견인차량보관소,37.44703121,127.05608381
6924,율현초교앞,37.47379809,127.10780943
6927,마루공원동측,37.49522485,127.08429951
6937,언남초교앞,37.45465237,127.06042339
6946,충정리시온빌딩앞,37.56001137,126.96496821
6947,경복궁(연등)1,37.57670544,126.97950704
6951,포방터시장,37.59964981,126.94859219
6956,버티고개역(연등),37.54803301,127.00703930
6968,삼양제일교회,37.61886135,127.01913947
6971,면목우체국,37.58265009,127.08854576
6973,현대아피스,37.54595495,127.10167318
6974,동문장애인복지관앞,37.58331767,127.07350416
6977,덕릉터널입구,37.67432014,127.08555703
6986,청량리역(연등)1,37.58056410,127.04594281
6995,관악드림타운107동(연등),37.49032114,126.95285204
6999,잠실병원(연등),37.50393684,127.08950937
7003,동북고입구(연등),37.51955041,127.13810946
7004,서초고(연등),37.48872633,127.00455575
7724,가좌삼거리(연등),37.56995510,126.91362066
7687,고덕1PB(경보)1,37.55631943,127.14896024
7688,경희의료원앞(경보),37.55180309,127.15489251
7728,길음역(연등)2,37.60392445,127.02468173
7740,안암오거리(연등)2,37.58240664,127.02960630
7744,월곡역입구(연등)2,37.59980850,127.04012532
6841,목동삼익아파트,37.52246865,126.87602611
6856,성북세무서(경보),37.58758721,127.01061763
7360,압구정한양아파트(연등)1,37.52869426,127.03744064
6801,시흥4동사거리(연등)2,37.46233065,126.90432659
6870,공릉치안센터(연등),37.62615309,127.07959110
7229,흑석한강푸르지오GATE1앞(경보),37.50366194,126.96530094
7094,한울중학교,37.46257517,126.90769802
7224,성내한양수자인(연등),37.52693990,127.12934664
7238,가산YPP아르센타워,37.47059871,126.88318434
7240,래미안신반포리오센트,37.51843281,127.01494275
7251,수서6단지607동,37.48648230,127.10436350
7253,영동대교남단(연등)2,37.52526660,127.05400854
7256,화곡동물병원(연등),37.54668457,126.84821836
7257,버들2교,37.47700350,127.11944246
7258,율현초교후문,37.47474232,127.10904171
6792,새솔초교,37.61730751,127.10897170
6794,신내3지구사거리,37.61523178,127.10624163
6795,신내우디안201동,37.61680227,127.11057759
7742,연남교(연등),37.56704423,126.91767393
7743,연대녹지대앞(연등),37.56018153,126.93456141
7885,강일리버파크1008동앞,37.55957710,127.18197110
7889,항동,37.48071848,126.82361196
7891,서울창포원,37.69220257,127.04881111
7894,노들섬,37.51789541,126.95920034
7898,서초포레스타501동앞(경보),37.45167456,127.05627385
7660,봉은교(경보),37.51645322,127.06967471
7673,잠실유수지(경보)1,37.50193267,127.08217268
7674,잠실파크리오아파트 308동(경보),37.52306982,127.11141485
7675,잠전초등학교(경보),37.50697577,127.08342302
7692,낙타고개(경보),37.54082797,127.15863068
7695,한산중학교앞(경보),37.52825454,127.13865008
7697,원터공원(경보),37.55467926,127.15020065
7712,초이동(경보),37.54291591,127.16358299
7715,망월교(경보),37.56970066,127.17211247
7722,청담건영101동(경보),37.52788255,127.05168033
7044,명수대현대아파트(연등),37.50625364,126.96885365
7467,서울역자이,37.55411652,126.96572240
6985,장안지하차도(연등)2,37.58051743,127.07608278
7011,송정동공영주차장,37.55018473,127.06851574
7012,포레스트스퀘어,37.56798151,127.05699312
7659,장지IC하향(연등),37.47006086,127.12464176
7676,잠현초등학교(경보),37.52309344,127.10447352
7679,풍납토성(경보),37.53976169,127.12073660
7680,현대아파트 101동 앞(경보),37.52854810,127.11785518
7698,명일삼익가든(경보),37.54661086,127.14756702
7707,준꽃플라워앞(경보),37.54000977,127.15662412
7710,토끼굴(경보),37.55483689,127.12401841
7716,가래여울(경보),37.57590726,127.16920450
7730,대한병원(연등)2,37.63555914,127.02315385
7732,도봉한신아파트(연등),37.68277822,127.04586811
6785,도봉고등학교,37.68735954,127.04218776
6817,교보문고주차장(경보),37.57166689,126.97847001
6819,미아서광빌딩(연등),37.62318831,127.02745691
6825,하계119안전센터,37.63770792,127.07110928
6831,세운스퀘어(경보),37.57216439,126.99643962
7006,강서보건소앞(연등),37.54921043,126.86818761
7045,마포공영주차장입구(연등),37.54039741,126.94289230
7047,서울가좌행복주택(연등)1,37.57006769,126.91041812
7053,서울고교(연등)1,37.48349750,127.00412854
7058,잠원래미안입구,37.51468330,127.01075208
7068,신길삼거리(연등)2,37.51383559,126.92033931
7112,장지공영차고지앞,37.48017120,127.13879544
7589,한성교회(연등),37.51020130,126.84098670
7106,마천삼익아파트(연등),37.49931429,127.15314120
7118,을지로4가(연등)1,37.56727895,126.99808389
7120,을지로4가(연등)3,37.56613632,126.99820071
7126,성내1교(연등)1,37.50088608,127.14786755
7133,문정프라자아파트(연등),37.48918764,127.13205416
7159,방아삼거리(연등)2,37.52400918,127.14661270
7169,금천공동체지원센터(연등)2,37.45104753,126.90828239
7172,"강일3,6단지(연등)",37.56440205,127.17443927
7177,상도터널입구삼거리(연등),37.51268225,126.95376399
7197,개봉역앞(연등)3,37.49379345,126.85844895
7205,여의도역(연등)1,37.52206493,126.92381453
7213,올바로병원(연등),37.48699994,127.00424742
7215,롯데캐슬갤럭시1차아파트(연등)1,37.52112327,127.01641180
7333,양지사거리(연등),37.56701881,127.02874610
7337,홈플러스입구(연등),37.51685935,126.89450529
7345,까치고개동측,37.47602880,126.97341779
7347,한강뚝섬,37.53169791,127.06733577
7591,화성교회,37.54496132,126.84691081
7365,기타(서부도로사업소권역),37.57083901,126.92395930
7693,다솜어린이공원앞,37.56854236,127.17488746
7372,플라워스토리,37.51437793,127.14270686
7379,종로4가(연등)1,37.57008821,126.99785718
7386,삼선빌딩(연등)2,37.55728519,126.97591557
7388,e편한세상신촌401동,37.55893848,126.95651977
7389,e편한세상신촌401동(연등)2,37.55856875,126.95645617
7390,e편한세상신촌401동(연등)3,37.55795252,126.95631123
7391,e편한세상신촌305동,37.56008975,126.95649466
7399,트리마제앞(연등),37.53943173,127.04591370
7404,현대빌딩본관,37.57736514,126.98800474
7410,SRT수서역,37.48414636,127.10418865
7441,서울동부지방법원,37.48209103,127.11953055
7451,영동시장앞,37.50888985,127.02234421
7455,문정테라타워,37.48504122,127.12000281
7599,먹골역(연등)2,37.61210259,127.07780412
7603,창주공1단지(연등),37.65400452,127.04096193
7609,청계광장(연등)2,37.56908505,126.97755360
7617,청량리역(연등)3,37.58077753,127.04504014
7623,성동장애인종합복지관,37.57065139,127.03370670
7625,아현동웨딩타운(연등),37.55720971,126.95235782
6834,청구동(연등),37.55640310,127.01155134
6836,목동제자교회,37.52114235,126.86966151
6839,윤중중교앞(연등),37.51727053,126.92630741
6864,아현동웨딩타운,37.55715513,126.95175873
6879,남북통합문화센터(B-10),37.56156693,126.82070630
6881,귀뚜라미연구소,37.56187849,126.82718380
6883,롯데중앙연구소,37.57066145,126.82850805
6888,가산동하이힐,37.47694433,126.88881783
6889,대방성결교회앞,37.49887443,126.91855669
6910,양지빌딩앞,37.50912192,127.03305787
6914,서초보금자리삼거리,37.45748937,127.01504274
6925,내곡보금자리입구,37.45724493,127.05965065
6929,자곡래미안,37.47234861,127.09617872
6952,서울역광장(연등),37.55443781,126.97284353
6972,두산아파트앞(경보),37.61892680,127.01775071
6976,롯데캐슬리치후문,37.58012133,127.03004167
7048,안생약국(연등),37.54594812,126.92296589
7051,서초1동주민센터(연등),37.48995967,127.01979987
7060,성덕교회(연등),37.49297522,127.14612976
7086,강북구민운동장(경보),37.62993208,127.03870131
7092,우방아파트앞,37.48925357,126.91952273
7096,율현공원앞,37.47450309,127.11685373
7097,강남한양수자인아파트,37.47722489,127.11487487
7104,중암교(연등)1,37.57168604,126.90126569
7113,코오롱(연등)2,37.51006697,127.12249330
7129,흑석롯데캐슬,37.50372788,126.96088366
7143,은로초교(연등),37.50346278,126.96088622
7153,뒷벌어린이공원(연등)1,37.49264288,126.98659847
7164,평화교회,37.49853997,126.91686716
7167,고척2파출소앞(연등),37.50641542,126.85907946
7201,신림119안전센터(연등),37.48982232,126.92219817
7203,영등포소방서(연등)2,37.51814183,126.90474365
7207,우신초교앞(연등)2,37.51015006,126.91054821
7210,거리공원입구오거리(연등)1,37.50290670,126.89400478
7222,유창빌딩,37.55568656,126.91943142
7227,신한은행마천(연등),37.49628297,127.14902128
7228,흑석한강푸르지오GATE2앞(경보),37.50239841,126.96438919
7237,진안빌라,37.60170761,126.96101202
7248,석촌지하차도입구,37.50462559,127.10585809
7255,향군타워(연등),37.51651341,127.09942083
7262,송례초등학교입구,37.47834943,127.13971636
7263,위례24단지입구사거리,37.47444015,127.13720521
7269,옥수극동아파트(연등)2,37.54365059,127.01443780
7274,겸재삼거리(연등),37.59033746,127.09621118
7275,경희중(연등),37.59546987,127.05957569
6797,신대방삼거리역(연등)1,37.49974291,126.92951853
6799,로데오거리,37.52803072,126.86187505
6806,2기동단앞,37.57925872,127.07324711
6830,상암MBC(연등),37.58157029,126.89150845
6832,월곡두산위브아파트(연등)2,37.60863652,127.03819537
6844,마포자이3차,37.55047858,126.94639241
6848,방학119안전센터,37.66419299,127.04269376
6850,상계역1번출구(경보),37.66071952,127.07349717
7035,금천공동체지원센터(연등)1,37.45086960,126.90668349
7037,벽산밸리5차(연등),37.47805202,126.88452876
7039,독산119안전센터,37.46806805,126.89788249
7049,홍연2교(연등),37.57906860,126.92941547
7055,삼호가든상가,37.50282136,127.01259520
7286,명신초교(연등)1,37.58228926,127.01471157
7298,남가좌동현대아파트(연등),37.57449205,126.91850678
7302,월릉교(연등),37.61568450,127.06895349
7304,유수지주차장(연등),37.58235066,127.08382613
7305,은빛초교(연등),37.64294851,126.91950426
7318,현대자동차면목(연등),37.58337731,127.07974454
7323,후암초교,37.55170210,126.98117205
7332,한성대입구역(연등)2,37.58772460,127.00413790
7336,신도림풍물시장(연등),37.50684263,126.89242493
7375,거리공원(연등),37.50114587,126.89068750
7629,이대역(연등)2,37.55687277,126.94688050
7632,신진시장(연등),37.57107562,127.00516714
7635,검찰특수기록관,37.48342367,127.11578849
7638,청계7가(연등),37.56964498,127.01588614
7642,방화초교(연등),37.56780080,126.80915420
7645,남양아파트앞1(경보),37.58939244,126.93776566
7647,궁전회관(경보),37.62889338,127.02595129
7653,가락시장 제2주차장(경보),37.49212068,127.11079366
7657,방이중(경보),37.51500815,127.11385987
7661,북1문(경보),37.51641817,127.08591527
7662,북2문(경보),37.51682670,127.08932344
7672,올림픽대교남단(경보)1,37.52853051,127.10872319
7678,탄천1교(경보),37.50075278,127.08623649
7694,강동성심병원입구(경보),37.53710485,127.13440277
7719,고덕그라시움121동,37.55883588,127.16536339
7734,서대문소방서(연등),37.57300628,126.93609502
7741,안암오거리(연등)3,37.58266598,127.02999218
7748,래미안에스티움아파트106동앞,37.50154266,126.91653047
7796,국민은행역삼(연등),37.49564477,127.02875338
7797,국회의사당(연등)1,37.52922782,126.91729662
7800,선영빌딩,37.49844580,126.91526318
7803,디지털단지오거리(연등),37.47909694,126.89024745
7810,수서역(연등)3,37.48686326,127.10231387
7828,화랑교(연등)2,37.47050843,126.93977433
7830,천호동공원(연등),37.54661025,127.12628547
7831,삼표레미콘삼거리,37.53169635,127.11071953
7021,수서경찰서(연등)2,37.49209879,127.07476955
7030,신내오토카,37.60459514,127.09544215
7288,삼양시장(연등),37.62616424,127.01823682
7291,서울신용평가정보삼거리,37.54555464,126.92632818
7310,중동청구아파트삼거리(연등),37.57439558,126.90245825
7311,중화중교(연등),37.58559368,127.09471415
7313,촬영소사거리(연등)2,37.57270033,127.06770130
7316,해성교회(연등)1,37.61460120,127.07818029
7317,해성교회(연등)2,37.61418348,127.07803784
7319,한강자이에클라트(연등),37.53226534,126.95513563
7321,금호119안전센터,37.55407003,127.02461379
7539,월계문화체육센터,37.62718151,127.05424337
7553,서울창포원(연등),37.69091217,127.04936136
7573,명덕고교입구(연등),37.55268813,126.83557497
7575,문덕초교(연등),37.48765238,127.12728680
7577,문정시영아파트(연등)2,37.49266003,127.13606396
7578,문정초교(연등),37.49074984,127.12730668
7581,방죽마을사거리(연등)2,37.47138934,127.10824373
7583,서영물류센터(연등),37.52118524,126.89725606
7696,서하남IC(경보),37.51755930,127.14314051
7545,광장시장,37.57085700,126.99934077
7634,경남레이크파크(연등)2,37.51031841,127.10597779
7683,강덕초등학교(경보),37.55845784,127.16139386
7690,고덕초교뒷편(경보),37.56020218,127.16698772
7704,암사종합시장(경보),37.55117318,127.12921662
7714,현대프라자앞(경보),37.53932255,127.12976311
7721,포이초교(경보)1,37.47510797,127.05255258
7726,구기터널(연등),37.60826497,126.95708273
7733,상계3치안센터(연등)1,37.66403168,127.07638071
7737,세검정(연등)1,37.60005894,126.95828720
7750,청계산SH6단지(연등),37.44937884,127.05486913
7755,떡전교사거리(연등)1,37.58627308,127.05200399
7758,창문여고(연등)2,37.61314397,127.03815457
7801,등촌역(연등)1,37.55156657,126.86380045
7813,문화교(연등),37.47786180,126.93292821
7814,신성교(연등)1,37.47103458,126.93691941
7822,청계산입구(연등),37.44539141,127.05746142
7832,예담어린이집,37.50677498,126.95139511
7834,백련산힐스테이트206동(연등),37.59090826,126.92444703
7840,봉은초교(경보),37.52096775,127.05972819
7842,금호어울림아파트(경보),37.49197823,127.03442197
7843,학동초교(경보),37.51133019,127.03927454
7856,성보프라자입구(경보),37.47684898,127.02881326
7858,영동2교(경보),37.48010551,127.04333957
6814,원불교,37.55671568,127.00927549
6821,돈암삼성아파트108동(경보),37.59939406,127.02411523
7023,푸르지오시티(연등)1,37.47368264,127.10255263
7026,강동경희대병원앞,37.55292221,127.15643772
7028,"강일6,8단지(연등)",37.56246814,127.17786207
7029,신한은행명일(연등),37.54646594,127.14487683
7041,대륭테크노17차(연등)2,37.46745431,126.88732244
7054,신동초교(연등),37.51635483,127.00965793
7761,강동고교입구(연등),37.55075157,127.16407206
7348,망우사거리(연등)2,37.59919244,127.10042044
7368,기타(동부도로사업소권역),37.49533948,127.11850268
7369,기타(남부도로사업소권역),37.47815673,126.95517834
7370,이수농협은행,37.48797500,126.98231480
7411,SRT수서역삼거리,37.48259829,127.10582900
7424,독산동8구역,37.45749376,126.89398738
7432,칠성아파트(연등),37.57390656,126.81148966
7433,금천경찰서(연등),37.45651309,126.89663121
7444,성모자애복지관,37.47127682,127.11922261
7446,영동시장(연등),37.50637848,127.02357797
7457,서초푸르지오써밋(연등)2,37.50220550,127.02175295
7461,초롱타운,37.49596136,126.87992011
7763,서남병원(연등)2,37.51150680,126.83415522
7837,장지프라자(경보)1,37.47805874,127.12737387
7839,포이초교(경보)1,37.47588554,127.05378760
7850,테헤란아이파크105동앞(경보),37.50297923,127.04770213
7862,율현삼거리(경보),37.46722770,127.11931993
7875,밀알미술관(경보),37.48532488,127.08226089
7878,세곡교(경보),37.46453000,127.09350415
7903,숭례문정류장(연등),37.55824041,126.97353160
7905,동서울우편집중국,37.53447638,127.08439161
6786,마곡레포츠센터(경보1),37.57251031,126.83377213
6827,가람어린이집,37.59885411,127.00751265
7099,화곡1동주민센터앞,37.53023732,126.84133691
7101,관악푸르지오121동앞,37.48539568,126.96100389
7776,일원에코파크(경보)2,37.49348650,127.08689360
6787,마곡레포츠센터(경보2),37.57203621,126.83487192
7223,신방화사거리(연등)3,37.57311871,126.81759791
7235,남정초교,37.53681317,126.96406540
7239,신길우성1차아파트,37.50613877,126.90005562
7848,압구정역(경보),37.52780709,127.02776050
7793,중앙사약국(연등)2,37.45457192,126.90220863
7802,등촌역(연등)1,37.55091576,126.86470319
7812,문화교,37.47821536,126.93304862
7815,신성교(연등)2,37.47081295,126.93688162
7841,압구정토끼굴,37.53060013,127.04163636
7849,제이타워(경보),37.51840209,127.02329986
7853,논현초교(경보),37.50888592,127.02693747
7882,도곡중학교(경보),37.49285264,127.04445598
7663,삼성래미안아파트후문(경보),37.49239027,127.13107606
6810,영도중(경보),37.53602368,126.86680561
6820,삼양우체국앞,37.62388474,127.01863125
6822,청솔아파트,37.63269377,127.07253524
6835,충무로역(연등),37.56112930,126.99252522
6852,신창중후문(경보),37.62804333,127.04842370
7273,50번종점(연등),37.57399602,127.08473099
7276,경희초교(연등),37.59148155,127.05080782
7280,길음지구대앞(연등),37.61092401,127.01978330
7284,동대문소방서(연등),37.56416494,127.06639520
7287,모래내지하차도(연등),37.56823357,126.91512235
7293,성북1치안센터(연등),37.59155586,127.00328954
7301,동서병원(연등),37.60786350,127.02914659
7326,옥수파크힐스119동앞,37.54667129,127.01371919
7374,선일농원(연등),37.51120697,127.14145421
7706,주몽학교정문(경보),37.54588525,127.16326503
7711,프라이어팰리스(경보),37.55353062,127.13773947
7397,용산역(연등),37.52789993,126.96668081
7403,위례별초등학교사거리,37.47819341,127.14428564
7406,서울역사박물관(연등),37.56920557,126.97042419
7408,성동고교(연등)2,37.56623686,127.02358085
7414,서초더샵1단지앞,37.45455809,127.06461837
7430,국제예식장(연등)2,37.56573696,126.81184606
7431,국제예식장(연등)3,37.56488392,126.81159425
7435,수궁119안전센터,37.49615214,126.82993038
7437,문정대명벨리온,37.48574689,127.11850320
7438,힐스테이트에코송파,37.48514607,127.11564777
7439,동부구치소앞,37.48141001,127.11784687
7443,서울동부지방법원(연등)2,37.48254419,127.11995903
7465,신림3교(연등),37.47188684,126.93398522
7667,승일운수(경보),37.48045202,127.13571067
7681,둔촌동 426-10(경보),37.53243872,127.14149880
7685,강일리버파크1단지(경보),37.56819324,127.17093265
7686,고덕아이파크정문,37.55985631,127.15448996
7700,상일우성타운(경보),37.54553901,127.15932429
7702,선호빌딩(경보),37.54874192,127.17101262
7709,창대교회(경보),37.52306721,127.13068308
7720,고덕그라시움사거리,37.55786976,127.16511891
7767,한농캐스템,37.50500280,127.13823311
6793,대륭테크노17차,37.46820153,126.88699785
6857,충정로역(연등),37.55924231,126.96344227
7093,오금고정문앞,37.50332949,127.12945524
7770,동아에코빌아파트(경보),37.50984621,126.89907960
7378,장안아파트입구(연등),37.57222823,127.07379795
7398,트리마제앞,37.53923367,127.04650547
7413,범박터널입구,37.47640344,126.81856291
7418,장지공영차고지입구,37.48159200,127.13595130
7419,푸른수목원,37.48158621,126.82476308
7427,목2동극동아파트(연등),37.53896489,126.87014196
7429,국제예식장(연등)1,37.56658874,126.81179962
7440,동부구치소앞(연등),37.48085363,127.11814724
7442,서울동부지방법원(연등)1,37.48163582,127.11894526
7445,국회서문(연등),37.52975262,126.91182272
7454,H비즈니스파크(연등),37.48424674,127.11618523
7458,마곡13단지,37.55666615,126.81837106
7779,탄천교1교하부(경보),37.50179643,127.08564074
7892,국민은행신촌,37.55612825,126.93685042
7896,오벨리스크(경보)1,37.48004805,127.12075788
1033,서초3동우체국(연등),37.48851204,127.00928074
7904,행당초교앞,37.55662804,127.03417844
7908,세곡119안전센터,37.47056315,127.10759774
7921,웨이브모텔(연등),37.60649916,127.01093069
7926,수협은행양재,37.47868725,127.03997906
7119,을지로4가(연등)2,37.56671089,126.99910516
6865,굴레방다리(연등)1,37.55742222,126.95514899
7141,화곡부성약국,37.53169945,126.85795955
7144,관악휴먼시아아파트1단지(연등),37.46034740,126.92052582
7154,가동초교(연등),37.49694131,127.12936861
7157,낙성사거리(연등),37.47734292,126.95920205
7163,독산더타워아파트,37.46655158,126.89597894
7168,가윤예식장(연등),37.49374931,127.12433961
7173,서초구민회관(연등),37.48263493,127.03607136
7174,포이사거리(연등),37.47712101,127.04520234
7191,나이아가라호텔(연등)3,37.54784157,126.87853300
7220,아주초교(연등),37.50506928,127.07510599
7789,성동글로벌경영고,37.56493795,127.01246403
7805,미래초교(연등)1,37.50312636,126.88839177
7809,삼성교(연등),37.47067743,126.94149654
7820,제2롯데월드(연등)1,37.51393714,127.10278076
7826,한국SGI회관앞(연등),37.50250576,126.88957613
7833,예담어린이집(연등),37.50736546,126.95177555
7907,한강성심병원후문,37.52264201,126.90910530
7912,강서도시가스,37.53149415,126.85638075
7914,천동초교입구(연등),37.53970172,127.14070702
7915,고덕역(연등)2,37.55653514,127.15300341
6845,남가좌아이파크102동,37.57515090,126.92158243
7019,세곡중학교(연등),37.47101281,127.09240407
7077,신내역(연등),37.61263071,127.10252711
7081,김포공항입구(연등),37.56166503,126.80801221
7339,봉화삼거리(연등)2,37.60336409,127.08849121
7344,은하수어린이공원(경보),37.62967847,127.04432647
7367,기타(성동도로사업소권역),37.56277059,127.06672374
7775,둔촌고등학교(경보),37.53121305,127.14357679
7895,하나유치원,37.64763344,126.92988208
7784,삼환빌라,37.64684918,127.04061650
7790,서울숲리버뷰자이104동,37.55599591,127.03931336
7799,국회의사당(연등)3,37.52810420,126.91820457
7804,목동역(연등)2,37.52600709,126.86345480
7816,신성교(연등)3,37.47072254,126.93763309
7887,서울과학전시관앞,37.46992956,126.95815670
7606,청계2가(연등),37.56798751,126.98762640
5544,독산동골프장,37.45949138,126.89870683
6808,영등포경찰서(연등),37.52690256,126.90320496
7421,금천롯데캐슬1차,37.46127624,126.89567804
7422,금천롯데캐슬1차(연등)1,37.46087398,126.89426322
7426,목2동극동아파트,37.53844298,126.87110272
7434,신도림119안전센터,37.50757679,126.88107106
7436,문정현대지식산업센타,37.48608075,127.11945185
7463,시스폴사거리(연등),37.48701445,126.98926636
6816,세종문화회관뒤,37.57235192,126.97474360
6818,건춘문,37.57795325,126.97958006
7241,남도학숙,37.50895729,126.92891783
7243,롯데캐슬골드파크3차,37.46198027,126.89777207
7244,하늬중학교,37.55869156,126.82028583
7247,석촌빌딩,37.50357550,127.10869933
7773,"강일9,10단지삼거리(경보)",37.55762814,127.17638371
7927,영동2교북단(연등),37.48084213,127.04195256
7123,가재울중학교,37.57482936,126.91042229
7125,동광교회(연등),37.50149599,126.93359563
7158,AK몰주차장(연등),37.50211388,126.88299386
7170,보라매공원후문(연등),37.49288256,126.92406145
7175,수도공고(연등),37.48783978,127.06290710
7182,마곡밸리사거리(연등),37.55704578,126.82653249
7183,신림중(연등)2,37.47063267,126.94327337
7184,강서고교(연등)2,37.53522013,126.86351449
7193,지식산업센터(연등),37.47385242,126.88173988
7196,개봉역앞(연등)2,37.49345559,126.85836032
7200,삼환아파트후문(연등)2,37.49411488,126.85544679
7279,금옥초교(연등),37.54514133,127.01608429
7283,대원고(연등)1,37.56267805,127.08709973
7290,상암초교(연등),37.57804719,126.89321081
7303,위례정보산업고(연등),37.63128347,127.07320193
7308,장석시장(연등),37.61553713,127.05804087
7327,관악소방서(연등)1,37.47357607,126.95310065
7922,세종포천건설공사출입구,37.54462465,127.15515492
7639,부암동주민센터,37.59289568,126.96402104
6862,은평메디텍고교(경보),37.63478555,126.92993026
7508,구립마포노인복지센터,37.54874195,126.95956335
7509,나진전자상가,37.53352991,126.96490711
7520,트램스퀘어,37.48145468,127.14342383
7526,위례힐스테이트108동앞,37.47822952,127.14302451
7531,래미안강동팰리스,37.53758867,127.13331143
6904,D-1,37.56739416,126.82801025
6905,마곡501동앞,37.56649403,126.81779710
6915,성내천공원앞,37.52513178,127.12543883
6920,청계산역삼거리,37.44981672,127.05324249
6922,청계산주차장,37.44641069,127.05667756
6923,한동교회,37.56290217,127.16258389
6936,동명공원삼거리,37.56263946,127.16604221
6938,궁마을공원,37.48440431,127.09439261
6959,중림동(연등)2,37.55948625,126.96891323
6963,종로119안전센터,37.57121851,126.99203520
6967,청계8가,37.57201731,127.02338132
6983,명남아파트,37.59440224,126.91180258
7016,삼성힐스테이트2단지앞(연등),37.51199770,127.04968734
7017,LH푸르지오(연등),37.46790730,127.09342015
7338,신내동새마을금고(연등),37.60577661,127.09798611
7362,63빌딩(연등)3,37.52029182,126.93920009
7407,우이성원아파트(연등)2,37.66033151,127.01368806
7412,마곡나루역,37.56673093,126.82780204
7415,"청계산SH6,7단지",37.45038262,127.05782639
7416,청계산SH702동앞(연등),37.44784398,127.05742726
7423,독산동6구역,37.46043839,126.89604032
7447,마곡SH빌딩,37.55937974,126.83010379
7448,파트너스2,37.48300390,127.12106315
7450,신길영광교회(연등),37.50009645,126.91326132
7456,서초푸르지오써밋(연등)1,37.50131250,127.02215703
7462,관악노인복지관(연등)2,37.49260877,126.92588961
7466,백련산힐스테이트206동,37.59166857,126.92417184
7766,청화병원(연등),37.50687950,126.93985188
6859,백제고분공영주차장입구,37.50699237,127.11862920
7401,대주아파트앞,37.62167242,127.07174482
7363,휘봉초교(경보),37.58653760,127.07081801
6987,청량리역(연등)2,37.57976941,127.04523988
6997,초원교회(연등),37.56224447,126.84210913
7230,나누리병원(연등),37.53736267,126.83849754
7236,신내지하보차도,37.61235267,127.11060328
7328,위례와이즈더?사거리,37.47660660,127.14419023
7772,서초우체국(연등),37.46933143,127.04087934
6869,가좌사거리(연등),37.57359512,126.91614991
6878,공항초등학교,37.56249356,126.82084395
6891,삼성디지털센터,37.48247590,126.94169345
6893,마곡힐스테이트,37.56504989,126.81800374
6897,마곡M밸리6단지,37.56741749,126.81918424
6898,마곡M밸리7단지,37.56692934,126.82487023
6903,서울대치과의료센터앞,37.46972417,126.95204023
6908,공항후문,37.56968957,126.80409181
6916,은곡삼거리,37.46510052,127.09531739
6930,푸르지오시티,37.47434465,127.10331446
6944,신반포중앙교회,37.51035300,127.01287854
4659,동작우체국(경보),37.49780944,126.92416945
6953,청계광장(연등)1,37.56939146,126.97761182
6961,하나유치원,37.64813072,126.93019719
6970,세종사이버대학교,37.55356476,127.07362573
7261,송례초교사거리,37.47839348,127.13765125
7264,청계산SH702동앞,37.44740792,127.05671560
7270,청계산SH710동앞,37.44865405,127.05556598
6843,월곡두산위브아파트(연등)3,37.60732260,127.03651500
6874,서광타워온누리약국,37.55526558,126.94591898
6882,서남충전소,37.57278927,126.82878160
6885,마곡중학교,37.56710640,126.82291082
6894,마곡밸리사거리,37.55805365,126.82665966
6896,LG아트센터서울(D-2),37.56435834,126.82756171
6901,삼환아파트후문,37.49423757,126.85412442
6919,강동아너스빌앞,37.53402498,127.13370893
6940,언남초교정문,37.45447055,127.06185723
6941,고덕빌딩,37.49246759,127.00969327
6950,동묘앞역(연등)1,37.57344819,127.01733868
6960,팔복기사식당,37.56908859,126.91886496
6962,은진초교정문,37.63232842,126.92089476
6980,강서구청(연등)2,37.55109659,126.84904392
6867,신사씨티아파트,37.60061071,126.90443446
6868,가좌사거리,37.57237516,126.91475362
6984,성북트리즘빌딩(연등),37.60248440,127.03907511
6991,허준박물관(연등)2,37.56689616,126.85141813
6992,난곡중,37.47727459,126.91190063
6996,행복한감리교회(연등)2,37.48652090,126.95068175
6998,배명사거리(연등),37.50253922,127.09831323
7000,송파초교(연등),37.50787960,127.11057320
7001,보훈병원(연등)2,37.53023950,127.14270624
6851,중계중앙하이츠301동(경보),37.65966763,127.07689642
6853,상천초교(경보),37.64543874,127.05740384
8011,한인트윈빌,37.57687425,126.92997326
8023,항동매화마을,37.47642721,126.82324732
8084,태릉신협,37.59550490,127.07638957
8087,수명산파크115동앞,37.55523789,126.82940200
8098,이너매스,37.55742197,126.83307190
8221,신석어린이집(연등),37.54225490,126.93646481
8227,명일중후문(경보),37.55763029,127.14765518
8284,역삼초교정문(경보),37.49210328,127.03247850
8295,이수역리가아파트104동앞(경보),37.48871619,126.97392294
8297,세우촌공원빌라앞(경보),37.48065794,126.98858273
8300,동작상떼빌103동(경보),37.48671356,126.90716747
8301,용수산서초점(경보),37.49352919,127.00175551
7618,독립문삼호아파트(연등),37.57162225,126.95897823
8302,정삼품묘(경보),37.44723160,126.90759458
8346,"위례서로(3,4공구)",37.48519798,127.14114014
8409,IBK기업은행대림동지점(연등),37.49709148,126.89896027
8423,종월2교서측,37.59725944,127.04058385
8424,천호3동우편취급국,37.54027567,127.13677580
8473,8번교차로,37.48822733,127.15063630
8474,6번교차로,37.48914946,127.15236250
8488,굴레방다리(연등)2,37.55705644,126.95600449
8489,상도롯데캐슬,37.50078315,126.94504017
8493,한서초교,37.55370349,126.94867388
8495,별빛어린이공원,37.61935940,127.07233030
8545,칸타노체(연등),37.61159457,127.10576507
8547,망원지구대(연등),37.55362316,126.90270945
8624,꿈의숲 대명루첸아파트 103동(경보),37.62077091,127.04763773
8625,하늘채 꿈의숲(경보),37.62002719,127.04645091
8632,고은어린이집,37.58558713,126.94581719
8661,월드컵대교남단,37.54827905,126.88225852
7974,인재개발원(연등)2,37.48300592,127.02394694
7996,래미안아트리치,37.60708602,127.06415903
7997,래미안아트리치(연등)2,37.60712877,127.06488884
8073,KKDC,37.56705708,126.83832120
8082,호텔엠펠리체,37.56013117,126.83559520
8091,신동아파밀리에(경보),37.53678516,127.13286299
8100,이대서울병원,37.55723752,126.83513268
8151,영동대교북단연결로,37.53264623,127.05880073
8153,복지장안충전소,37.57671616,127.06779908
8156,일원에코파크(경보)1,37.49642444,127.08821247
8211,청담동 삼성생명빌딩(경보),37.52269980,127.04153098
8213,조원로172(경보),37.48618637,126.92123021
8238,참새어린이공원(경보3),37.49772346,126.92246713
8261,본동SH빌아파트(경보),37.51047226,126.94992569
8262,이수힐스테이트106동앞(경보),37.49387116,126.98141879
8263,사당휴먼시아아파트102동앞(경보),37.47960697,126.97122383
8265,본동삼성래미안101동앞(경보),37.50992323,126.95104876
8266,진영빌딩앞(경보),37.47667483,126.97934071
8370,서초센트럴아이파크아파트,37.48741981,127.01140522
8745,경인고속입구서측,null,null
8757,노원정진빌딩,null,null
8800,영동대교남단램프(연등),null,null
8807,서정초교앞,null,null
8808,발산나들목,null,null
8809,내발산오가빌라,null,null
7991,현대엠코타운,37.49724001,126.95025131
7995,래미안베라힐즈201동,37.60266932,126.93641545
7999,레미니스1단지입구(경보),37.50749475,127.13619632
8027,용곡삼거리(연등)1,37.56943995,127.08613364
8028,월곡두산위브아파트(연등)1,37.60856218,127.03714898
8029,재동초교사거리(연등)2,37.57932633,126.98500273
8030,강변맨션(연등),37.52351221,126.95994542
8036,중곡제일시장(연등),37.56330364,127.08286537
8043,대륭테크노타운12차앞(연등),37.46924639,126.88379938
8057,신명초교입구(연등)2,37.53936099,127.14658537
8063,염곡사거리(연등)2,37.46527016,127.04251891
8199,MS빌딩,37.50356188,127.06006657
8208,구로디지털단지역5번출구(경보),37.48542706,126.90210604
8217,대치지하차도(경보),37.49936816,127.07957073
8218,대치지하차도(경보)2,37.49858911,127.08313216
8224,돈암시장,37.59125598,127.01678867
8229,삼성R&D센터(경보2),37.46691005,127.02215440
8234,신사시장(경보),37.48542930,126.91711407
8251,구리암사대교남단램프북측,37.56625455,127.13419356
8269,백산초교앞2(경보),37.44758701,126.90540796
8288,삼성R&D캠퍼스,37.46574090,127.02387066
8341,북아현119안전센터,37.56081392,126.95597443
8385,길빛도서관,37.61029293,127.02646767
8437,고원초교,37.49699666,126.86496416
8477,신설17번,37.57044143,127.17198788
8492,마포프레스티지101동,37.55469588,126.94832968
8576,백운시장(연등),37.65676993,127.01547433
8598,CU방배중앙로,37.48177797,126.99264648
8613,고척초교사거리,37.49991241,126.85731656
8614,서측RD입구사거리,37.50134945,126.85857761
8615,공공청사입구삼거리,37.50004589,126.85852127
8666,성산대교남단동측,37.54459710,126.89024679
7981,테스트교차로,37.53751014,126.93204084
8032,삼양입구사거리(연등)2,37.61689931,127.03023488
8040,가산동주민센터(연등)2,37.47837729,126.89078478
8047,뒷벌어린이공원(연등)2,37.49052790,126.98717937
8050,목동파크자이107동앞(연등)2,37.51064798,126.86914092
8052,문래현대홈타운(연등),37.51945087,126.89228425
8054,호산나식당앞,37.48952067,126.98763788
8064,염곡사거리(연등)3,37.46603232,127.04265618
8065,영등포시장역(연등)2,37.52257536,126.90608928
8071,항동하버라인9단지(연등),37.48050530,126.82552265
8125,신원동482-5(경보),37.45391270,127.05243961
8290,드림요양병원(연등),37.49724347,127.12136647
8333,에이스하이엔드타워9차(경보),37.48613623,126.87903275
8339,원효대교남단(연등),37.52276610,126.93755295
8353,영등포시장역(연등)3,37.52348597,126.90521996
8405,개포래미안포레스트126동앞,37.47856985,127.05627908
8408,북위례#3,37.48854894,127.15585687
8603,금부빌딩,37.56200091,126.85354436
8658,동작빌라앞,37.48198492,126.96656919
8674,하나은행고척점,37.49837884,126.86075867
7978,양진중후문,37.54528292,127.09889816
7980,광장사거리(연등),37.54570469,127.10244001
7982,에이스하이엔드타워5차,37.48537395,126.87939033
7985,위례신안인스빌사거리(연등),37.47530940,127.14288403
7986,위례포레샤인23단지,37.47724579,127.13422284
8022,래미안영등포109동,37.50434224,126.90656924
8114,삼성빌라(경보),37.54591233,127.15754713
8130,대원빌딩앞,37.49088165,126.98445651
8192,성내삼성아파트(경보),37.53187924,127.12552332
8193,가양대교남단램프(연등),37.56688430,126.85939808
8194,가양대교북단램프(연등),37.57379583,126.86453141
8195,한남대교북단,37.52885695,127.01097539
8196,신내성원아파트101동,37.60536750,127.09540015
8209,롯데하이마트상도점(경보),37.50512223,126.94529340
8210,강남N타워(경보),37.50023483,127.03249531
8247,구리암사대교남단램프,37.56434262,127.13586450
8249,신풍역출구(연등),37.50010108,126.91162988
8349,서울금나래초교(연등),37.45839633,126.89513116
8356,"송파역1,4번출구앞",37.49964673,127.11228582
8366,삼청파출소,37.58157916,126.98115263
8369,명덕외고기숙사(연등)2,37.55513891,126.83133633
8371,목동14단지(연등)2,37.51599270,126.87172370
8381,신방화힐스테이트,37.56755432,126.81521248
8439,경서농협수궁지점,37.49426541,126.83335865
8491,으뜸부동산,37.55434486,126.94658383
8601,송파상운종점 단일로2,37.49201678,127.15438490
8623,서울장월초교(경보),37.62138002,127.04705044
8801,비비가구,null,null
8805,월드컵대교남단북측,null,null
8806,초안산지하차도,null,null
8810,명보사거리(연등),null,null
8811,월드컵대교남단서측,null,null
8812,개봉동작은굴다리,null,null
8837,광남캐스빌,null,null
7944,생명의전화(연등),37.60437331,127.03640057
7953,정의로삼거리,37.48656834,127.11479972
7954,구로IC서측,37.48857473,126.87598718
7955,신길주유소(연등),37.49947953,126.90698794
7957,율현초교삼거리,37.47410107,127.10925657
2658,문배동,37.53910091,126.97089512
2704,버들약국,37.53676625,127.00040967
8086,명덕외고정문,37.55501065,126.83482701
8107,고덕아르테온(경보),37.55366514,127.17071063
8110,고덕자이북문,37.55363567,127.17005488
8111,고덕자이남문,37.55076975,127.17057519
8177,상현중(연등),37.49456884,126.96164732
8189,래미안영등포프레비뉴아파트103동앞(경보),37.50421054,126.90825345
8252,구리암사대교남단램프북측(연등),37.56737476,127.13328223
8253,가락중고교,37.50131435,127.11791492
8254,거마아리수올림터,37.49888319,127.14699387
8255,가곡초교,37.55489884,126.83628845
8256,잠실파크리오119동(연등),37.52099789,127.10766363
8414,9번 교차로,37.48692024,127.14809870
8425,문교초교,37.46679841,126.90827038
8426,삼일자동차운전학원,37.46685828,127.12186572
8538,천호대교남단진입램프,37.54099633,127.11933007
8540,남명초교,37.51599115,126.85396692
8542,연가초교,37.57916692,126.91757195
8551,돈암초교후문,37.59411558,127.01336617
8562,양원성당,37.60854543,127.10588678
8579,태릉해링턴102동,37.62500317,127.08174461
8005,송천센트레빌,37.61238836,127.02624325
8006,영훈초교,37.61256307,127.02718196
8129,신촌금호아파트(연등),37.55410887,126.93110311
8131,문래SKV1센터,37.51742626,126.88765679
8250,DMC쌍용아파트,37.57577457,126.91885325
8335,항동중학교(S1),37.48247870,126.82106704
8338,구로소방서(연등),37.49776150,126.86467466
8350,녹번역e편한세상캐슬정문,37.60029169,126.93159656
8351,우림빌딩,37.64175894,127.02242273
8354,고덕아르테온328동앞,37.55622457,127.17139093
8509,신당동공공복합청사,37.56220426,127.01490082
8622,북악산산책로,37.59137052,126.98224523
8655,영도캐피탈,37.54083087,127.01341209
8147,잠실대교북단-01,37.52994233,127.08688798
8148,잠실대교북단-02,37.53020383,127.08754159
8149,잠실대교북단-03,37.52922201,127.08807471
8150,잠실대교북단-04,37.52882603,127.08791699
8154,이랜드R&D센터,37.56747683,126.83754559
8155,중앙보훈병원정문,37.53002863,127.14908675
8160,애지어린이집(경보),37.53189177,127.14181036
8274,성현동주민센터앞,37.48980593,126.94793984
1546,개봉1동사거리(연등),37.50199572,126.84759670
8279,원터공원,37.55470275,127.15086570
8282,헬리오시티후문,37.49955126,127.10243429
8291,봉천우성아파트103동앞(경보),37.48593424,126.95993463
8296,클럽54골프연습장앞(경보),37.47938838,126.98243791
8604,늘사랑교회,37.60916640,127.02859093
8606,수도방위사령부(연등),37.46918605,126.98657318
8607,남한산성광장,37.49071451,127.15691123
8608,사당IC출구북관악,37.47100902,126.98390061
8609,사당IC출구남수서,37.46919492,126.98556073
8610,길음롯데캐슬106동앞,37.60673206,127.02604300
8611,길음롯데캐슬116동앞,37.60842703,127.02792634
8612,길음롯데캐슬118동앞,37.60960347,127.02784457
8636,명지대사거리(연등),37.57727414,126.92068888
8743,불암동아아파트(연등)1,null,null
8762,수서신혼희망타운301동앞,null,null
8789,영등포현대프라자,null,null
8833,새마을금고광장동지점,null,null
8836,무량사입구,null,null
7938,거여초교(경보),37.50430906,127.14031779
7976,화물취급장(경보),37.47258982,127.12243048
8090,강동파크빌(경보),37.53771559,127.13116087
8094,삼익세라믹APT102동,37.65753523,127.03699596
8105,송파파크센트럴입구,37.49282622,127.14967304
8121,다이치빌딩,37.48438997,126.99578389
8142,신영소방서(연등),37.60477348,126.96108922
8239,백운시장,37.65583389,127.01574559
8243,송파레미니스앞,37.50820078,127.13668798
8244,영신초교,37.50991404,126.91738430
8334,사랑의쉼터앞,37.54694662,127.16708152
8336,항동초교후문,37.47784867,126.82421668
8343,신정뉴타운204동앞,37.51653609,126.84334546
8344,신정뉴타운201동앞,37.51566762,126.84096990
8345,신남초등학교,37.51703758,126.84476317
8347,청운실버센터(연등),37.58628742,126.97253700
8363,래미안블레스티지후문,37.48253940,127.06236130
8386,성산대교북단램프,37.55734525,126.89407542
8393,과거현시교차로,37.51222149,126.97635977
8442,보광초교삼거리,37.53254319,126.99588518
8587,장위초교,37.61105610,127.04820487
8700,위례솔초등학교,37.48728759,127.15129491
8701,연세로명물거리,37.55769618,126.93692475
8707,청운교회,37.49563719,127.04607099
8714,대림창고,37.54220616,127.05625648
4181,우성맨션(연등)2,37.63864731,127.01366347
7717,잠실유수지(경보)2,37.50195155,127.08085878
7718,고덕아이파크(경보)2,37.56034576,127.15550535
7859,구룡터널입구(경보),37.46519938,127.06935864
7872,대치삼성아파트(경보),37.49719712,127.05943088
8715,연은초교,37.58983416,126.92485607
7987,송파푸르지오,37.48149188,127.14192565
8009,고덕아이파크남문(경보),37.55764065,127.15508685
8108,고덕센트럴아이파크후문,37.55352398,127.16694512
8123,고덕센트럴516동삼거리,37.55356754,127.16826939
8228,대명초교,37.54779297,127.15257723
8498,신도기연앞,37.46484493,126.89029754
8500,장위꿈의숲703동,37.61892336,127.05095703
8502,장위꿈의숲713동,37.61915193,127.04727778
8504,강일역앞,37.55765750,127.17644478
8522,서초그랑자이앞,37.48809063,127.02663394
8543,르엘대치정문앞,37.50163855,127.06513805
8572,가양대교북단램프2,37.57638425,126.86625698
8584,대방동미소주택,37.49926617,126.92665939
8588,e편한백련산,37.59457961,126.92371823
8710,어린이대공원역(연등)2,37.54696167,127.07393948
7961,우신종합동물병원,37.52275813,126.85164534
7971,강동롯데캐슬134동앞,37.55772672,127.14001075
8085,#49,37.55619836,126.83287477
8168,서초삼성물산(경보1),37.49555561,127.02590277
8173,천호대교북단(연등),37.54382094,127.10840707
8175,등촌1-10단지(연등),37.56331868,126.83899444
8180,송정역(연등),37.56121973,126.81226796
8185,영일오피스텔(경보),37.47533239,126.96907535
8220,신석어린이집,37.54239176,126.93703270
8226,네이처힐301동앞,37.46415393,127.02670579
8245,잠실대교남단램프,37.51649066,127.09730629
8246,천호대교남단램프,37.54148410,127.11657672
8372,마젤란아파트,37.58616379,127.08364080
8397,성산대교남단,37.54751928,126.88811128
8476,시립서북병원,37.60548663,126.91052490
8637,위례대로18단지삼거리,37.48743439,127.15376675
8639,승리교,37.48072367,126.92968704
8653,신길동홍어거리입구,37.51100954,126.91178359
8680,위례중앙푸르지오입구삼거리,37.47427037,127.14079468
4226,배명중,37.49725031,127.09656720
4232,영인운수,37.54579378,126.82148885
7881,래미안대치팰리스202동(경보),37.49415876,127.06046366
8681,길음롯데캐슬,37.60743255,127.02671978
8699,위례서이로연결도로삼거리,37.48345963,127.13640802
8813,한성대입구사거리(연등)1,null,null
8814,BK타워삼거리,null,null
8828,반포래미안원베일리앞,null,null
8830,봉영여중(연등),null,null
8113,롯데캐슬베네루체709동,37.54744577,127.16711461
8115,도란도란교(연등),37.58780033,127.00710563
8118,고명초등학교앞,37.55169171,127.14609826
8240,극락정사앞,37.50867108,126.95144536
8287,서초젠트리스(경보),37.45562064,127.05788339
8368,명덕외고기숙사(연등)1,37.55510258,126.83183722
8515,신금호역(연등)1,37.55516382,127.02001208
8599,잠실대교남단진출램프,37.52042895,127.09437550
8631,남가좌아이파크102동(연등),37.57631809,126.92073800
8654,코스트코양재,37.46167162,127.03728718
8656,금옥어린이집,37.54940351,127.01254090
8695,명인갈비,37.56635518,126.91859929
8696,창동동진빌리지,37.65077591,127.04159148
7979,숭문고,37.55038874,126.94531960
7983,마곡트루엘오피스텔(C3),37.56832542,126.82637415
7984,송파IC진출입램프,37.47569734,127.12840976
8127,BMW서비스센터,37.56656587,126.90334669
8167,서초삼성물산(경보2),37.49580613,127.02670943
8181,우리은행강남역지점앞(경보),37.49938946,127.02657627
8188,래미안영등포프레비뉴아파트110동옆(경보),37.50489143,126.90589638
8190,대성DPolis(경보3),37.47933150,126.87627930
8191,대성DPolis(경보1),37.47889300,126.87742148
8197,버들2교(연등)2,37.47793179,127.11835351
8198,송정역,37.56147292,126.80991063
8200,아주초교(연등)2,37.50617925,127.07483453
8201,대명초교입구연등(경보),37.54403539,127.15485267
8202,힐스테이트암사(경보),37.54813688,127.12572839
8203,KT신사지사(경보),37.52590352,127.02903505
8219,임오빌딩,37.55857910,126.91785566
8232,상현중1(경보),37.49438563,126.96191528
8323,피자헛삼거리,37.62185662,127.05186497
8357,잠현초등학교앞(연등),37.52158740,127.10444019
7902,망원우체국(연등),37.55790218,126.90738674
8455,힐스테이트리슈빌강일505동,37.57457568,127.17482886
8458,신설10번,37.57282268,127.17631205
8459,신설9번,37.57258186,127.17536659
8461,강빛중학교정문,37.57383912,127.17213575
8475,송파IC지하차도,37.47085034,127.12943046
8539,천호대교남단진출램프,37.54179603,127.11666119
8618,휘경1동주민센터(연등),37.59337877,127.06472942
8665,한솔아파트101동앞(연등),37.54491932,126.88757132
8667,성산대교남단동측B,37.54422750,126.89096147
8702,자양1파출소,37.53697553,127.07680338
8723,599모터스,null,null
8728,심미아파트(연등),null,null
8729,화곡복지아파트,null,null
8730,경동시장(연등),null,null
8732,성북초교(연등)2,null,null
8733,쌍용남산플레티넘,null,null
8075,캐스트윈,37.56359763,126.83614341
8079,LG에스엘씨,37.56155883,126.83024114
8081,마곡필네이쳐,37.56096587,126.83657290
8102,미주고시원(연등),37.54877042,126.97772405
8126,아현시장,37.55536195,126.95530220
8161,선사로6길(경보),37.54123099,127.11917308
8163,서부경찰서(연등)1,37.60217426,126.92083676
8164,고덕그라시움145동,37.55810286,127.16872802
8427,창도초교후문,37.66423814,127.05030369
8438,고원초교(연등),37.49725166,126.86492666
8441,바다마을아파트앞,37.50322076,126.91615458
8460,신설7번,37.57187783,127.17294687
8463,"신설14,15번(연등)",37.57214924,127.17542373
8464,신설11번,37.57115092,127.17185049
8466,화곡터널남단(연등),37.53368790,126.84620680
8467,북위례#4,37.48926322,127.15724386
8490,교보생명,37.57160875,126.97726779
8517,광진교북단(연등)1,37.54621592,127.10905263
8520,파리공원앞,37.53561694,126.87787525
8563,포레샤인17단지출입구,37.48442154,127.14750427
8577,양원S1블록101동(연등)1,37.60927796,127.10626924
8578,양원S1블록101동(연등)2,37.60928360,127.10660513
8583,서울숲IT밸리,37.54691967,127.05058689
8670,성은예배당,37.59714001,127.07195356
8673,한신더휴103동,37.61988325,127.03273787
8676,방배제일은행,37.49508789,126.98902592
8706,태평양파크빌라트,37.51328331,127.12274764
8708,의생명연구센터,37.49368782,127.04502380
3827,녹색환경교육센터,37.54019858,126.88515976
8716,홍은새마을금고,37.59907167,126.94763751
8717,구룡초교(연등),37.48067839,127.05299314
8746,면목한의원,null,null
8775,한강밤섬자이,null,null
8845,광운대입구(연등),null,null
8846,답십리초교입구,null,null
8849,KT강남지사,null,null
8233,철산교하부(경보),37.47574740,126.87779008
8235,인헌중학교(경보),37.47215921,126.96682277
8236,참새어린이공원(경보1),37.49786229,126.92205916
8237,참새어린이공원(경보2),37.49771184,126.92192150
8327,서울금나래초교(경보2),37.45793809,126.89701126
8360,독바위역(연등)1,37.61846332,126.93304672
8391,창신초교(연등),37.57706277,127.01544832
8472,마천동교회,37.49621550,127.15705129
8501,장위꿈의숲707동,37.61988775,127.04849869
8503,꿈의숲교회,37.61750466,127.05039221
8513,도화현대110동,37.54017577,126.95621688
8514,도화현대110동(연등),37.54067357,126.95539493
8568,청원빌딩,37.53920322,126.95924280
8586,강빛초등학교(원형교차로),37.57354631,127.17083988
8638,신화아파트앞,37.47704045,126.91697811
8671,중화2동굴다리(연등),37.59707215,127.07593357
8675,고척아이파크몰,37.49911382,126.85969615
8690,증산2교남단(연등),37.58340710,126.91195077
8694,용문시장1문,37.53705034,126.96064473
8697,북서울꿈의숲동문(연등),37.61908441,127.04433728
7930,도원래미안삼성아파트(연등)2,37.53940792,126.95853489
7935,공항지구대,37.56242571,126.80891662
8362,공작아파트,37.52643676,126.92920327
8365,방배3치안센터(연등)2,37.47880179,126.99942923
8373,면목아이파크108동,37.58338817,127.08127507
8396,백련산해모로아파트(연등),37.59608240,126.92012090
8421,74반점,37.64790939,127.01278864
8422,홍능주유소(연등),37.58795290,127.04289864
8428,창경초교정문,37.65536969,127.03455066
8429,은평직거래장터,37.59366436,126.91955461
8430,역촌초교후문,37.60237536,126.91494077
8443,보광초교삼거리(연등),37.53307378,126.99559437
8553,구로SKV1센터,37.47665903,126.81689077
8591,역삼초교(연등)2,37.49360729,127.03367074
8620,공릉역(연등)1,37.62610505,127.07276541
8627,1번교차로,37.48759915,127.14949317
8640,대림초교입구,37.49987037,126.92532385
8641,프린스빌라,37.66557563,127.07277810
8642,공릉한보아파트,37.62739780,127.07999430
8643,신성빌딩,37.67125849,127.04532236
8679,위례신안인스빌사거리,37.47536802,127.14350378
8682,성우하이츠빌앞(연등),37.62549090,127.02987840
8734,군자동주민센터,null,null
8735,경원타운빌,null,null
8737,노들로서부간선도로진입부,null,null
8738,성산대교남단서측,null,null
8739,까치산역,null,null
8741,선아유치원,null,null
8742,잠실대교남단진출램프(연등),null,null
8747,휘경SK뷰104동,null,null
8748,보람동물병원,null,null
8750,상봉역(연등),null,null
8754,블래스아파트삼거리,null,null
8755,패밀리타운아파트입구사거리,null,null
8756,수서행복주택아파트입구,null,null
8758,상계롯데캐슬정문,null,null
8760,수서행복주택101동앞,null,null
8761,수서행복주택103동앞,null,null
8763,은석감리교회,null,null
8764,한울소공원,null,null
8766,도봉119안전센터,null,null
7933,서울식물원,37.56855179,126.83558814
7936,가양3단지(연등)2,37.56444556,126.85499725
8000,가래여울지하차도,37.57533477,127.16968117
8074,에스오일TS&D,37.56532635,126.83639972
8078,LG생활건강,37.56252308,126.83379639
8157,인암빌(경보),37.56087306,127.04604705
8204,논현동청년주택(경보),37.51012487,127.04330718
8270,시립은평병원(연등),37.59195357,126.92298105
8272,사이언스파크어린이집,37.56408744,126.83059081
8280,원터공원(연등)1,37.55470010,127.15019998
8310,문교초교(연등),37.46736015,126.90779830
8311,유원강변아파트103동앞(경보),37.51473406,126.95167296
8317,전한의원앞,37.49088600,126.98551159
8328,상일어린이집,37.55480551,127.16561162
8359,홍제삼거리(연등),37.58607057,126.94671259
8364,흑석어린이집,37.49958590,126.96042295
8471,힐스테이트리슈빌강일507동(연등),37.57403425,127.17286410
8506,"네이처힐5,7단지앞",37.46224125,127.02371387
8507,영문초등학교앞,37.51940765,126.88698895
8534,연희IC(연등)1,37.56549222,126.92986049
8683,월튼힐타운,37.66688726,127.07098631
8684,SH스카이101동,37.62799372,127.01228520
1902,여의도광장,37.52680792,126.92611209
7913,목동14단지(연등)1,37.51473651,126.87166010
8693,옥수삼성아파트후문(연등),37.54073280,127.01408883
8711,용두교앞(연등),37.57819091,127.03656559
8712,잠실대교북단진출램프,37.52817969,127.08894905
8841,test6수정,null,null
7931,사이언스파크1차,37.56380071,126.83401108
8002,e편한세상아파트101동입구(경보),37.48450076,126.99742508
8003,방배한화아파트입구(경보),37.48465360,126.99794150
8117,래미안솔베뉴105동앞,37.55373424,127.14636874
8119,고명초등학교앞(연등),37.55224518,127.14617779
8222,우성아파트102동(연등),37.65766036,127.02649344
8223,쌍문초교후문(연등),37.64827123,127.02410029
8225,SRT수서역,37.48474574,127.10388424
8241,종암사거리(연등),37.60256511,127.03255334
8413,4번 교차로,37.49038654,127.15433649
7998,왈츠식물원(경보),37.54312472,127.16404041
8077,센서텍(연등),37.56343903,126.83759127
8080,범한기술원(#31),37.56104013,126.83574007
8139,행운부동산(경보1),37.47912564,126.94434691
8283,삼성1파출소(경보),37.51499948,127.06040171
8303,신풍지구대앞(경보),37.49908490,126.91196604
8304,한우리정보문화센터(경보),37.48246823,127.02410521
8307,한신휴플러스101동앞(경보),37.50924839,126.95080320
8320,강남역아이파크2차오피스텔(경보),37.50244658,127.02421766
8329,보라매SK뷰아파트201동앞(경보),37.50344118,126.91853603
8564,서울맹학교,37.53432653,126.97202124
8581,태릉해링턴110동,37.62527189,127.08423419
8619,천호대교북단램프,37.54411834,127.10848150
8649,태승빌딩,37.52762828,127.03354530
8650,서초네이처힐1단지앞,37.46393639,127.02123267
8664,한솔아파트101동앞,37.54468101,126.88731189
8678,현성빌딩앞,37.51120479,126.92831784
8709,망우금호어울림,37.60202605,127.10813960
8725,성원빌딩앞,null,null
8749,국회대로공원,null,null
8751,개포5단지앞사거리,null,null
8752,개포초교삼거리,null,null
8768,서강대교북단램프(연등),null,null
8769,서강대교북단램프,null,null
8770,창4동어린이집,null,null
8771,상계주공1501동,null,null
8772,상계푸르지오104동,null,null
8773,당고개지구공원,null,null
8726,G스퀘어앞,null,null
8776,용문동어울림센터,null,null
8782,정의공주묘(연등),null,null
8783,힐스테이트청량리,null,null
8784,휘경동롯데102동,null,null
8785,회현119안전센터,null,null
8786,국민안전교육연수원,null,null
8788,문정초교정문,null,null
8790,황학동벼룩시장,null,null
8791,남산육교,null,null
7928,장우오피스텔,37.54980171,126.98168998
8001,e편한세상아파트입구(경보),37.48354779,126.99709797
8104,에스씨텍(경보),37.47352610,126.88647101
8138,남대문중학교(연등),37.61774930,127.05514685
8271,창원빌딩,37.49501339,127.14524592
8273,양재빌딩,37.47406654,127.04024440
8313,상도롯데캐슬아파트101동앞(경보),37.49679899,126.94393870
8315,반포쇼핑타운3동앞(경보),37.50611139,127.00282874
8316,한일공인중개사앞(경보),37.49204266,126.98844276
8321,대우아파트놀이터(경보),37.55894026,127.14568931
8322,독산테니스장앞(경보),37.47496650,126.90583415
8324,대륭20차(경보),37.46675874,126.88765244
8431,현아트빌,37.48591015,126.91972199
8567,용문시장2문,37.53595919,126.96130333
8731,성북파출소,null,null
8736,송파시그니처입구,null,null
8835,미림여고(연등)2,null,null
8838,수색초교정문,null,null
7962,잠실2동주민센터앞,37.51158232,127.08850084
7966,안골마을,37.45595912,127.06265056
7967,선유초교,37.53252195,126.89328937
7992,롯데캐슬골든힐스,37.60876094,127.01543022
8010,연희파크푸르지오,37.57611226,126.92849973
8116,신장위교회,37.61826009,127.05158933
8120,코끼리마트앞,37.48284117,126.99193164
8122,송파성광교회(연등),37.52972865,127.11511647
8133,백련산해모로106동,37.59521097,126.92297087
8134,응암2동주민센터(연등),37.59394502,126.92310739
8143,구립양지어린이집앞,37.48948068,126.97165665
8165,고덕그라시움후문,37.55672557,127.15908797
8337,광운대입구,37.61695005,127.05641801
8352,영등포교회앞,37.52249693,126.90658237
8398,삼일빌딩앞,37.56264844,127.00025814
8402,위례지하차도상부,37.47493572,127.13261763
8403,한남대교남단진입램프,37.52474751,127.01560133
8406,퍼스트클래스삼거리,37.48399767,127.14893153
8432,일광빌딩,37.48614896,126.92101546
8433,신림신도브레뉴,37.48431098,126.91107048
8434,영원초교정문앞,37.51025126,126.90282994
8533,와우교,37.55605815,126.93103348
8541,여의도지구대,37.53031793,126.92705570
8621,신내역시티프라디움101동,37.60934172,127.10274759
8646,서대문소방서구조대,37.57170408,126.93476639
8704,63빌딩(연등)4,37.52077052,126.93989224
7929,삼연빌딩,37.54425182,127.05713627
7932,서울식물원남측(#15),37.56744131,126.83461278
7934,코오롱타워,37.56554259,126.83427475
8145,서교천주교회(연등)2,37.55331140,126.92698191
8158,화랑삼거리(연등),37.62282367,127.09019992
8242,은평뉴타운129동,37.63340574,126.91937788
8248,도림교회앞(연등),37.50912378,126.89715758
8277,지봉로8길입구(연등)1,37.57469703,127.01570001
8278,잠실올림픽아이파크,37.52475326,127.11393397
8289,서울강림교회(연등)2,37.51682840,126.86252719
8390,에이스하이엔드타워5차(연등),37.48502565,126.87954957
8420,제이플라츠(연등),37.48073077,126.88146903
8497,서울고교,37.48345967,127.00409585
8518,반포주공66동(연등)2,37.50387825,126.98588800
8523,신내SKV1센터,37.61385468,127.11334857
8525,양천공원앞,37.51887185,126.86919648
8535,김안과병원,37.51924051,126.90107376
8552,행복숲어린이집앞,37.49464950,127.13576008
8560,당현초교후문(연등),37.64792453,127.05736671
8561,양원S1블록104동,37.60990698,127.10717864
8705,한진그랑빌아파트(연등)1,37.62717358,127.03749325
8718,인왕초교,null,null
8721,송파파인타운2단지(연등),null,null
8740,국민건강보험공단강서,null,null
8765,구룡사거리,null,null
8792,광장그랜드빌앞,null,null
8793,태영프라자,null,null
8794,안천초교앞,null,null
8795,안천초교앞(연등),null,null
8796,대우미래사랑아파트앞,null,null
8797,더사랑하는교회앞,null,null
8798,한국콜마종합연구원,null,null
8799,연신내역7번출구,null,null
8802,월드컵대교북단램프1,null,null
8803,월드컵대교북단램프2,null,null
8804,SK기린주유소앞,null,null
8815,BK타워삼거리(연등),null,null
8816,푸른솔어린이집,null,null
8817,솔밭로입구,null,null
689,56사단,37.65031151,126.93472943
8819,test,null,null
8820,방배119안전센터,null,null
8821,성현동주민센터앞(연등),null,null
8822,비즈밸리입구,null,null
7975,도란도란교,37.58759313,127.00796349
7988,연결,37.51707693,126.95972627
7993,흑석복지센터앞,37.50885805,126.96164730
8020,신한카드,37.53449556,126.89827911
8021,금천롯데캐슬1차(연등)2,37.46146057,126.89633227
8132,백련산SK뷰아이파크,37.59635966,126.91937638
8135,KKDC(연등),37.56677896,126.83880794
8136,마곡필네이쳐(연등),37.56092178,126.83725398
8137,남대문중학교,37.61840213,127.05444470
8144,네이처힐501동앞,37.46195643,127.02605390
8159,한남대교램프,37.52524568,127.01446114
8212,두산초교후문(경보),37.46666084,126.89068556
8215,세움교회(경보),37.50634544,126.93605033
8264,나비소공원(경보),37.50312753,126.94352639
8267,경남교수아파트앞(경보),37.49617515,126.91211515
8276,잠실대교북단-04(연등),37.52806505,127.08848131
8281,원터공원(연등)2,37.55477134,127.15215728
8340,서초래미안(경보),37.49778170,127.01832040
8379,맥파이빌딩(연등),37.53081425,126.85045710
8468,신림4-5동교,37.48541498,126.92410492
8469,개포래미안122동,37.47776465,127.05532633
8470,개포래미안122동(연등),37.47697680,127.05513314
8645,쌍문119안전센터,37.64832413,127.02662540
8652,영동대교남단램프,37.52744232,127.05581204
8686,상계역3번출구,37.66090170,127.07328859
8687,신림빗물펌프장,37.48491549,126.90778113
8774,봉원빗물펌프장,null,null
7994,유진빌라트앞(경보),37.54594500,127.12263944
8140,행운부동산(경보2),37.47881534,126.94432735
8152,천호대교북단,37.54429393,127.10661472
8162,레미니스2단지입구(경보),37.50601620,127.13846028
8275,혜화동로터리(연등),37.58592042,127.00089222
8298,대우효령아파트102동앞(경보),37.47992119,126.99294397
8299,방배3차대림아파트(경보),37.49357010,126.99236731
8305,남성지구대(경보),37.48399920,126.97397458
8306,중앙대메디컬센터앞(경보),37.50823830,126.96123547
8331,항동퍼스트빌601동,37.47760178,126.82137338
8361,공작아파트(연등),37.52700061,126.92863326
8377,위례파출소앞,37.47813032,127.14570938
8378,가산센트럴푸르지오시티,37.47463131,126.89076038
5746,문래한신아파트앞,37.51969238,126.88479720
7918,마곡배드민턴장,37.57265453,126.83130085
7924,염리초교후문,37.54207078,126.94468656
8410,송원초교,37.55324192,127.07026674
8412,영등포푸르지오아파트206동앞,37.51336935,126.90473515
8415,7번 교차로,37.48835294,127.15297736
8416,창1동주민센터(연등),37.64880753,127.04489012
8456,신설6번,37.57155466,127.17170618
8510,경복궁(연등)2,37.57538340,126.97915993
8519,송파호반써밋아파트,37.48523369,127.14282182
8536,양화대교남단,37.53682388,126.89827640
8537,신동아럭스빌앞(연등),37.47630058,127.00111615
8571,CU교대역점앞,37.49492136,127.01763269
8573,가양대교북단램프2(연등),37.57619533,126.86649077
8574,양원S1블록101동,37.60905235,127.10638582
8698,국민은행화양,37.54817031,127.06396337
7958,은평성모병원정문,37.63442253,126.91563435
7963,웃말공원앞,37.50268934,127.12203517
7965,상도노빌리티101동앞,37.50561696,126.94689036
7968,보라매나산스위트앞,37.49033583,126.92436143
8093,남산적십자,37.55945454,126.98802216
8095,문영퀸즈파크,37.49595725,126.87157759
8146,밀알학교(경보),37.48609804,127.08306378
8257,고덕센트럴502동,37.55224158,127.16524291
8375,월계중정문,37.63139578,127.05279072
8376,시티파크103동,37.52590061,126.96905354
8380,망우택시미터,37.58910328,127.09385547
8384,LG베스트샵군자,37.55642501,127.07908622
8399,상곡초교(연등),37.66253584,127.06178117
8407,호반가든하임아파트,37.48636074,127.15209945
8440,당중초교,37.52617024,126.88862396
8524,국립정신건강센터후문(연등),37.56468069,127.08361448
8565,동일초교(연등)1,37.66445175,127.05423991
8626,신내역금강펜테리움,37.60995583,127.10990366
8644,창동북한산아이파크,37.65910023,127.04173030
8647,효자동삼거리(연등),37.58304717,126.97366378
8648,은곡유치원,37.46708975,127.09722233
8651,웅산빌딩앞,37.48103083,126.93013058
8662,양화교동단,37.54816842,126.88201563
8663,아리수정수센터,37.54903987,126.88125903
8689,보라매운수,37.48349428,126.90639621
8692,상계역(연등)2,37.66037032,127.07201358
8744,반포르엘201동,null,null
8753,개포7단지앞사거리,null,null
8778,호반써밋14단지후문,null,null
8779,위례장지터널상부,null,null
8780,산기슭공원삼거리,null,null
8781,래미안서초에스티지아파트(연등),null,null
8824,창동문화산업단지,null,null
8825,서울에너지공사,null,null
8826,수색초교후문,null,null
8827,우석빌라,null,null
8829,신반포어린이집,null,null
8832,신내IC진출램프,null,null
8834,명신초교(연등)2,null,null
8839,DMC롯데캐슬113동,null,null
7990,래미안베라힐즈208동,37.60539143,126.93622482
8083,대방디엠씨티2차앞,37.56873235,126.83862018
8166,서초삼성물산(경보3),37.49662095,127.02633725
8169,배봉초교(연등)2,37.57859217,127.06697074
8171,영동대교북단연결로(연등),37.53277630,127.05847145
8172,불암도서관(연등),37.64602885,127.08191101
8174,휘경SK뷰(연등),37.59442228,127.06554320
8176,범일운수(연등)2,37.45008350,126.91295742
8178,서초더샵1단지앞(연등)2,37.45460101,127.06394407
8184,팬코(연등),37.56082929,126.83818280
8186,흑석롯데캐슬(연등),37.50454381,126.96078956
8187,한국자동차유리(경보),37.47569498,126.97193982
8259,아크로리파크107동앞(경보),37.50592458,126.99502974
8449,명진카센터,37.59225839,127.01288433
8453,신설12번,37.57156800,127.17315180
8454,신설5번,37.57226755,127.17140161
8457,신설16번,37.57247443,127.17648890
8462,"신설14,15번",37.57207012,127.17509121
8465,힐스테이트리슈빌강일507동,37.57422689,127.17354460
8546,신내힐데스하임정문,37.60966059,127.10558406
8508,북가좌1동주민센터,37.57417541,126.91052110
8544,칸타노체,37.61179378,127.10511599
8777,성북풍림아이원101동(연등),null,null
8787,유성하우스,null,null
7960,구의래미안입구,37.54540597,127.09139471
7964,강동유정유치원앞,37.55044492,127.17467922
7970,신암중후문,37.55644457,127.13242124
7973,율현초교정문(경보),37.47431616,127.10752262
7989,교차로연결용,37.51727113,126.96024127
8037,통의파출소,37.57700034,126.97415643
8045,독산4동삼거리(연등1),37.47111311,126.90307714
8053,백제고분(연등),37.50851571,127.11538803
8055,선린초교(연등)1,37.52867334,127.14554637
7340,월계역신도브래뉴(경보),37.62846269,127.05824660
7343,초안산쌍용102동(경보),37.63122846,127.04473516
7351,신묵초교입구,37.60617225,127.07356465
7648,수유시장앞(경보),37.63018270,127.02545805
7651,K마트(경보),37.49495978,127.15755434
7652,가락시장 강동수산(경보),37.49390908,127.10990951
7656,마천역(경보),37.49459892,127.15222061
8060,씨티극장(연등),37.50101922,127.02619322
8066,은정초교(연등),37.51048793,126.86689508
8097,도봉시장(연등),37.67358904,127.04674022
8101,올림픽대교남단램프,37.53041288,127.10734680
8141,항동중앙교회(S3-1),37.47804698,126.82051416
8205,가락수산물시장(경보)1,37.49167435,127.10764053
8358,르네상스호텔(연등),37.50339995,127.04241662
8388,만복기사식당,37.55547304,126.89990473
8400,포레나노원1단지,37.66416431,127.06135096
8418,래미안리더스원아파트입구,37.48953316,127.02778058
8600,송파상운종점 단일로1,37.49256786,127.15327267
8635,가재울성천교회,37.57055364,126.91768260
8685,금화왕돈까스,37.61251968,127.03463250
7940,김포공항내,37.56237585,126.79924799
7942,상암카이저팰리스앞,37.57424563,126.89115358
7948,수유1파출소(연등)3,37.63053287,127.01782569
8004,강남자동차검사소(경보),37.46880505,127.11973235
8034,세종초교(연등),37.55284461,127.07217818
8041,거여치안센터(연등),37.49430822,127.14492435
8051,문래동사거리,37.51316636,126.89727228
8092,교일학원강북,37.64097493,127.01863510
8103,한일모터스,37.47206124,126.88714911
8124,마포세무서,37.54695831,126.93965307
8128,신촌금호아파트,37.55345527,126.93202926
8382,고덕센트럴푸르지오,37.55823200,127.17124560
8383,위례서로정식도로(#2),37.48851090,127.14250604
8394,양재시프트(연등),37.47349461,127.03374310
8411,영림초교정문앞,37.48678420,126.90261930
8444,올림픽대교남단하부,37.52898659,127.10908337
8499,장위꿈의숲701동,37.62049268,127.04947907
8558,힐스테이트신촌103동,37.56252477,126.95207963
8585,보라매자이아파트,37.49822236,126.92677074
8590,이비스호텔,37.50549071,127.05738888
8668,신무문,37.58379889,126.97538084
8669,춘추관,37.58346837,126.97934579
8720,한솔동의보감,null,null
8722,한국금거래소,null,null
8727,욱빈타워,null,null
8823,여의도삼부아파트(연등),null,null
8831,한영프라자(연등),null,null
8840,압구정토끼굴(연등),null,null
8843,test11081,null,null
8844,효문중,null,null
8847,새샘근린공원,null,null
8848,신답경남아파트101동,null,null
8850,플러스빌,null,null
8851,노들로신길역앞,null,null
8852,당산초교앞,null,null
7947,수유1파출소(연등)2,37.63152939,127.01775368
7949,동작사회복지관,37.50587320,126.93346066
8025,공진초교후문,37.55855110,126.82193644
8033,삼양입구사거리(연등)3,37.61665001,127.02985398
8062,염곡사거리(연등)1,37.46636794,127.04407287
8070,항동하버라인10단지(연등),37.47845612,126.82501817
8072,여의도지구대(연등),37.53005810,126.92700963
8109,고덕센트럴아이파크정문,37.55045366,127.16679106
8112,롯데캐슬베네루체702동,37.54954400,127.16544524
8206,서부샛길삼거리,37.47864984,126.87659670
8207,사당대림아파트5동앞,37.48544464,126.97323066
8216,대치지하차도(경보)1,37.49928571,127.08093848
8260,오일기업(경보),37.46795673,126.88448506
8392,강남한양수자인426동앞(연등),37.47334770,127.11237460
8401,포레나노원2단지,37.66147368,127.06186152
8404,개포래미안포레스트입구,37.48024553,127.05238441
8417,진주문순복음교회,37.64064750,127.01541349
8419,신정이펜하우스3단지(연등),37.51375018,126.82722421
8435,대한민국역사박물관,37.57425915,126.97713409
8446,역촌빛교회,37.60447531,126.91045703
8049,목동파크자이107동앞(연등)1,37.50955944,126.86803050
8059,신암중후문(연등),37.55649385,127.13378145
8258,세이브마트(경보),37.47415838,126.91869170
8342,고덕그라시움105동앞,37.55625912,127.16274512
8554,힐스테이트신촌115동,37.56018257,126.95045217
8556,힐스테이트신촌정문,37.56116980,126.95193869
8559,정덕초교입구,37.59661499,127.01458253
7844,더청담아트홀(경보),37.52291927,127.04357061
7852,신사동 에이랜드(경보),37.52354743,127.02250231
7857,양재초교(경보),37.47400660,127.03322086
7544,완구시장입구,37.57256848,127.01407540
6880,C-6,37.56219474,126.82412823
6892,국사봉터널남측,37.48966284,126.94577167
7746,체성회(연등),37.58626033,127.04908064
7774,공무원연금매점(경보),37.49003656,127.07352446
6828,형성물류창고앞,37.50607186,127.14362336
7171,양천구의회(연등),37.51828403,126.86668587
7194,화곡고등학교(연등),37.54799100,126.83343907
7199,삼환아파트후문(연등)1,37.49428974,126.85347919
7643,서교동(연등),37.55381444,126.91966165
7798,국회의사당(연등)2,37.52786176,126.91778677
7385,삼선빌딩(연등)1,37.55804840,126.97770619
7449,파트너스2(연등),37.48378831,127.12068916
7206,여의도역(연등)2,37.52142252,126.92447295
7425,서울금나래초교,37.45884803,126.89666024
6979,청량리119안전센터,37.58716541,127.05270668
6911,큰별어린이집,37.50458008,126.96529647
8526,덕의초교후문,37.50672384,126.85596744
7977,한양빌라,37.56884976,127.07292875
8605,신내힐데스하임501동,37.60999959,127.10445292
8332,항동지식산업센터,37.47714236,126.81751810
8367,청권사앞,37.48165264,126.99909359
8494,마포프레스티지302동,37.55323870,126.94662927
8672,합정역3번출구,37.55119698,126.91616159
8767,만물유통,null,null
8308,극동아파트길(경보),37.51147164,126.95140517
8314,상도롯데캐슬아파트102동앞(경보),37.49632486,126.94383976
8724,"네이처힐3,4단지앞",null,null
8589,기업은행공릉(연등)2,37.62437996,127.07964132
8374,면목아이파크110동,37.58335474,127.08259819
8389,서이초교(연등)2,37.49098917,127.02708035
8214,서초참누리에코(경보),37.45636455,127.01527578
8688,강남빌딩,37.48347724,126.90424116
7939,혜성빌리지(경보),37.50068562,127.13990442
7959,은하약국,37.57777696,127.04421202
8326,서울금나래초교(경보1),37.45904556,126.89741309
8842,test1108,null,null
8436,광화문동측,37.57568270,126.97817229
8445,상계푸르지오106동,37.66450740,127.07420827
8448,길음초교앞,37.61295518,127.01703405
8451,사랑의쉼터앞(연등),37.54639432,127.16704414
8480,쌍문3동어린이집(연등),37.65110427,127.03231887
8484,강동리엔파크901동앞,37.55691742,127.17980773
8485,강동리엔파크신설2,37.55576126,127.17978349
8486,강동리엔파크11단지,37.55513736,127.17937229
8496,공릉대아아파트,37.62283220,127.07127906
8555,신촌푸르지오1단지후문,37.56079030,126.95141480
8557,힐스테이트신촌삼거리,37.56153868,126.95270868
8594,현대유치원앞,37.49205048,126.95941775
8595,신길3치안센타앞,37.50856530,126.91093039
8691,반포쇼핑타운4동,37.50655823,127.00415369
7941,개운초교앞,37.60199511,127.02840791
8031,래미안베라힐즈208동(연등),37.60563516,126.93545817
8039,종로4가(연등)4,37.57133986,126.99775011
8044,대방역(연등),37.51273731,126.92480344
550,개봉동,37.49737254,126.85657832
597,포스코사거리,37.50685760,127.05660530
6337,천왕초등학교,37.48200160,126.83830660
6380,은평스카이뷰자이103동(연등),37.63465072,126.92062192
6388,삼양중앙감리교회앞,37.61867423,127.01544822
6468,구기동정류장,37.60703704,126.95884102
6421,신당삼성아파트(연등)1,37.55995003,127.01800395
6523,가양대교북단램프,37.57398684,126.86424796
6411,삼각산아이원120동(연등),37.61621214,127.01900281
6577,구로선경오피스텔앞,37.49806990,126.89281290
7519,더?포레스트203동,37.48178146,127.09411034
7554,도봉파크빌3단지,37.68814273,127.04925819
6644,천왕이펜하우스6단지,37.47929205,126.84185627
6652,천연교회앞,37.56771113,126.95887846
5826,은일로즈힐아파트,37.51631234,126.83695749
5834,인방빌딩앞(경보),37.56635608,126.84179803
5842,가양5단지상가(연등),37.56379294,126.85252279
8569,북서울교회(연등),37.59543330,127.09900951
8580,공릉2동어린이집,37.62435036,127.08206427
8285,목양침례교회(연등)2,37.45348459,127.05910420
8309,숭의여고정문(경보),37.50730858,126.92937927
8312,유원강변아파트102동앞(경보),37.51492064,126.95156666
8318,반포IC진출램프,37.50331776,127.01920064
8319,반포자이117동앞(경보),37.50920072,127.01563119
8478,사직공원,37.57562692,126.96883337
8479,상원초교(연등)2,37.66913780,127.06035044
8481,농심본사,37.49756139,126.91900899
8482,신설8번,37.57228589,127.17425998
1682,동작상떼빌104동앞(연등),37.48822697,126.90744104
7185,올림픽공원북2문(연등)1,37.52379908,127.12858441
7090,안국선원,37.58283931,126.98508618
8582,답십리초교정문,37.56893985,127.05605541
8592,대한민국헌정회앞,37.53116813,126.92039638
8593,위례북로삼거리,37.49138693,127.15567526
7945,묵동장로교회앞,37.61156153,127.07294683
8026,당산초교(연등),37.54025961,126.89584505
8106,고덕초교(경보)1,37.56033831,127.16294758
8170,아차산역삼거리(연등),37.55395409,127.08857748
8179,성락빌딩앞(연등)3,37.50390386,126.89943788
8182,은행나무오거리(연등),37.45143227,126.90794939
8183,태화복지관앞(연등),37.48495610,127.09254914
8230,삼성R&D센터(경보1),37.46592681,127.02268608
8231,미림여고입구(경보),37.47151741,126.93461012
8483,신설13번,37.57188365,127.17441644
8487,강동리엔파크신설4,37.55386000,127.17955935
8521,11번교차로,37.48486226,127.14598918
8597,대방초등학교앞,37.50170023,126.91860484
8616,창동주공17단지앞,37.64328292,127.05431107
8617,휘경1동주민센터,37.59282365,127.06534010
8069,한일유엔아이아파트(연등),37.48625755,126.87656193
8268,백산초교앞1(경보),37.44760059,126.90423206
8286,목양침례교회(연등)1,37.45373440,127.05944996
8325,세광사앞(경보),37.46508384,126.90728019
8330,보라매SK뷰아파트109동앞(경보),37.50158548,126.91802043
8348,파워엠빌딩,37.47854026,127.04599437
8387,한남대교북단동측램프,37.52926859,127.01137873
8447,신화초교(연등),37.63198420,127.04103214
8628,DMC센트럴자이103동,37.58016931,126.90296108
8853,양평교차로,null,null
7946,솔숲어린이공원,37.60530540,127.01473298
7951,시흥사거리(연등)2,37.45414381,126.90078609
7956,휘문고교(연등),37.50481007,127.06387449
7969,강동한강현대103동앞,37.55628826,127.13105767
7972,강남한신휴플러스804동앞(경보),37.47073527,127.10917830
8007,목동파크자이107동앞,37.50994628,126.86842001
8008,항동초등학교,37.47753518,126.82319016
8024,동대문육아지원센터앞(연등),37.57209224,127.04817573
8035,시민교회(연등),37.55482464,127.08555202
8038,귀빈빌딩(연등),37.60963454,126.97485195
8042,구로1교서측(연등),37.48922674,126.89680779
8046,래미안솔베뉴앞,37.55275569,127.14416440
8067,진흥아파트(연등),37.49756354,127.02394524
8068,탄천교(연등),37.49492666,127.10605085
8450,시립서북병원(연등),37.60509549,126.91048804
8452,래미안영등포프레비뉴103동앞,37.50428270,126.90809919
8532,쌍용하이츠빌라앞(뚝방길),37.49899710,127.09055664
8677,송곡여고,37.60694228,127.10570809
7937,강일중후문(경보),37.55554100,127.13783287
7943,불광중(연등),37.62139858,126.93163377
7950,신흥초교,37.45946514,126.90805624
7952,종로프라자약국(연등),37.48085231,126.90481820
8013,청량리역롯데캐슬,37.57745488,127.04473574
8015,항동하버라인10단지,37.47913770,126.82537795
8017,신길역앞(연등),37.51734230,126.91731776
8018,버들2교(연등)1,37.47636479,127.11957853
1462,영서중,37.48955845,126.89153199
1508,SK윈윈주유소,37.50227463,126.89987841
1515,구일초교앞,37.49243007,126.87229051
1562,우신고후문,37.49567952,126.82523407
1571,광명교사거리,37.48179307,126.84597231
1615,대림119안전센터(연등)1,37.49850015,126.90459537
1624,디지털프라자영등포점,37.50698385,126.91102371
1666,숭실대정문,37.49534577,126.95660804
1674,신길영광교회,37.50003238,126.91425666
986,대원고정문,37.56352538,127.08691518
8549,세계로병원앞,37.48661885,127.14173773
8602,송파상운종점 단일로3,37.49163491,127.15516149
8629,국민은행역삼중앙,37.49558431,127.03822161
8630,서광셀프주유소,37.49466280,127.03517676
8634,한강빌리지앞,37.49973554,126.95370733
8657,경희의료원,37.59261953,127.05251418
8659,강일동성당앞,37.55804990,127.17826018
8660,고덕자이남문(연등),37.55090695,127.17154260
8056,선린초교(연등)2,37.52832998,127.14600402
8058,신사역(연등),37.51581249,127.01855400
8061,압구정역(연등)2,37.52625174,127.02849940
8076,센서텍,37.56350425,126.83695941
8096,문영퀸즈파크(연등),37.49679088,126.87163804
8099,서울시니어스타워,37.55822537,126.84213086
8294,이수역리가아파트101동앞(경보),37.48980519,126.97251773
8355,고덕아르테온314동앞,37.55533721,127.17173584
8890,청량리역롯데캐슬정문,null,null
6009,오류동가스충전소(경보),37.49256698,126.83747802
6052,영일고교(연등),37.54878952,126.86346682
6058,휘경동청년주택,37.58916538,127.05893526
6098,구파발역정류장,37.63701610,126.91688079
6105,강일리버파크5단지입구,37.56687739,127.17738561
6113,강일리버파크6단지입구,37.56369995,127.17574038
6155,삼양동주민센터(연등)1,37.62857137,127.01800956
6164,양천고(경보),37.50851569,126.84484897
6205,구파발역,37.63617540,126.91887278
6212,은평힐스테이트입구(경보),37.62891972,126.93141553
6220,신도림디큐브시티,37.50838900,126.88729201
6268,신림종합사회복지관,37.46516906,126.91955599
6276,송파성광교회,37.52934739,127.11598560
6316,나사렛기념관(경보),37.54699535,126.87009148
6323,목동14단지,37.51501019,126.87242868
5649,삼각산아이원108동,37.61618973,127.01709288
5657,스페이스본정문,37.57418993,126.96997953
8048,거여카센타,37.49694988,127.14609027
8893,반포대교남단(연등)2,null,null
8889,신내역시티프라디움정문,null,null
8891,여의도공원(연등),null,null
8892,가산어반워크,null,null
8874,개포1동우체국,null,null
8505,진양상가(연등),37.56180109,126.99636894
8511,양재초교후문,37.47385714,127.03068733
8512,이룸뉴캐슬앞,37.48226915,126.90617966
8527,대방중교앞,37.49550594,126.91454517
8529,마장진출램프,37.57223712,127.03502718
8530,잠실유수지앞(뚝방길),37.50215439,127.07981761
8531,잠실우성아파트(뚝방길),37.50628458,127.07133617
8566,한강로동주민센터,37.52807101,126.96885120
8633,SK양평주유소,37.53069369,126.89366532
8012,흑석지구대앞,37.50971212,126.96005645
8014,항동하버라인11단지,37.47845280,126.82309480
8016,항동하버라인9단지,37.48121186,126.82513896
8019,서울은명초등학교(경보),37.59769884,126.91938088
8088,명덕외고기숙사,37.55516525,126.83268299
8089,유플러스마곡사옥(#30),37.56124330,126.83361387
8292,월드아트힐(경보),37.49401161,126.99548483
8293,래미안아파트102동앞(경보),37.48989866,126.97061790
8395,백련산해모로아파트,37.59579143,126.92118124
8516,신금호역(연등)2,37.55434473,127.02039094
8528,마장진입램프,37.57254442,127.03600036
8548,원가정의학과의원,37.58692200,126.92018841
8550,강덕초등학교,37.55813006,127.16125586
8570,우체국사거리,37.52929359,126.89417415
8575,일민유치원,37.53425944,126.94969719
8596,위례포레샤인13단지,37.48327703,127.13755003
8703,공무원연금매점(연등),37.48934614,127.07491668
8713,공항모터스,37.56768808,126.81276715
8719,한솔동의보감(연등),null,null
8759,상계푸르지오102동,null,null
8818,김포공항진입로,null,null
8858,청계상회,null,null
8864,DMC파인시티자이103동,null,null
8865,DMC파인시티자이103동(연등)1,null,null
8868,서대문경찰서,null,null
8869,서대문역(연등),null,null
8886,DMC롯데캐슬102동,null,null
8856,영동대교남단(연등)2,null,null
8876,목동현대하이페리온201동앞,null,null
8860,고일초등학교,null,null
8866,DMC파인시티자이103동(연등)2,null,null
8872,광진교남단진입램프,null,null
8875,목동제일교회앞,null,null
8857,장위지웰에스테이트,null,null
8871,올림픽대교남단진입램프,null,null
8883,동호대교남단서측,null,null
8882,동호대교남단동측,null,null
8855,광진교북단(연등)2,null,null
8888,해군중앙성당,null,null
8887,반포IC진입램프,null,null
8877,e편한세상효제,null,null
8854,청파동,null,null
8873,항동어린이집,null,null
8859,고덕초등학교,null,null
8861,남서울빌딩앞,null,null
8863,힐스테이트청계,null,null
8867,전농2동주민센터,null,null
8870,"교대역13,14출구",null,null
8878,"목동10,12단지(연등)2",null,null
8862,파고다타워앞,null,null
8880,신사동복합청사앞,null,null
8879,흑석한강푸르지오110동앞,null,null
8881,영도초교후문(연등),null,null
8884,올림픽대교남단램프(동),null,null
8885,조이라이프앞,null,null
